2025-09-24 15:40:30 [main] INFO  c.h.b.BookingServiceApplication - Starting BookingServiceApplication using Java 21.0.3 with PID 7992 (C:\Users\srinivasboya\Downloads\HOTEL-MANAGEMENT\booking-service\target\classes started by srinivasboya in C:\Users\srinivasboya\Downloads\HOTEL-MANAGEMENT)
2025-09-24 15:40:30 [main] DEBUG c.h.b.BookingServiceApplication - Running with Spring Boot v3.5.3, Spring v6.2.8
2025-09-24 15:40:30 [main] INFO  c.h.b.BookingServiceApplication - The following 1 profile is active: "local"
2025-09-24 15:40:30 [main] INFO  o.s.c.c.c.ConfigServerConfigDataLoader - Fetching config from server at : http://localhost:8888
2025-09-24 15:40:30 [main] INFO  o.s.c.c.c.ConfigServerConfigDataLoader - Located environment: name=booking-service, profiles=[default], label=null, version=null, state=null
2025-09-24 15:40:30 [main] INFO  o.s.c.c.c.ConfigServerConfigDataLoader - Fetching config from server at : http://localhost:8888
2025-09-24 15:40:30 [main] INFO  o.s.c.c.c.ConfigServerConfigDataLoader - Located environment: name=booking-service, profiles=[local], label=null, version=null, state=null
2025-09-24 15:40:32 [main] INFO  o.s.d.r.c.RepositoryConfigurationDelegate - Bootstrapping Spring Data JPA repositories in DEFAULT mode.
2025-09-24 15:40:33 [main] INFO  o.s.d.r.c.RepositoryConfigurationDelegate - Finished Spring Data repository scanning in 367 ms. Found 1 JPA repository interface.
2025-09-24 15:40:33 [main] INFO  o.s.cloud.context.scope.GenericScope - BeanFactory id=3da4dd54-61d5-349a-b483-1ada8d982e7f
2025-09-24 15:40:34 [main] INFO  o.s.b.w.e.tomcat.TomcatWebServer - Tomcat initialized with port 9004 (http)
2025-09-24 15:40:34 [main] INFO  o.a.catalina.core.StandardService - Starting service [Tomcat]
2025-09-24 15:40:34 [main] INFO  o.a.catalina.core.StandardEngine - Starting Servlet engine: [Apache Tomcat/10.1.42]
2025-09-24 15:40:34 [main] INFO  o.a.c.c.C.[Tomcat].[localhost].[/] - Initializing Spring embedded WebApplicationContext
2025-09-24 15:40:34 [main] INFO  o.s.b.w.s.c.ServletWebServerApplicationContext - Root WebApplicationContext: initialization completed in 4513 ms
2025-09-24 15:40:35 [main] DEBUG o.s.w.f.ServerHttpObservationFilter - Filter 'webMvcObservationFilter' configured for use
2025-09-24 15:40:35 [main] DEBUG o.s.o.j.LocalContainerEntityManagerFactoryBean - Building JPA container EntityManagerFactory for persistence unit 'default'
2025-09-24 15:40:35 [main] INFO  o.h.jpa.internal.util.LogHelper - HHH000204: Processing PersistenceUnitInfo [name: default]
2025-09-24 15:40:35 [main] INFO  org.hibernate.Version - HHH000412: Hibernate ORM core version 6.6.18.Final
2025-09-24 15:40:35 [main] INFO  o.h.c.i.RegionFactoryInitiator - HHH000026: Second-level cache disabled
2025-09-24 15:40:36 [main] INFO  o.s.o.j.p.SpringPersistenceUnitInfo - No LoadTimeWeaver setup: ignoring JPA class transformer
2025-09-24 15:40:36 [main] INFO  com.zaxxer.hikari.HikariDataSource - HikariPool-1 - Starting...
2025-09-24 15:40:37 [main] INFO  com.zaxxer.hikari.pool.HikariPool - HikariPool-1 - Added connection org.postgresql.jdbc.PgConnection@4a10c019
2025-09-24 15:40:37 [main] INFO  com.zaxxer.hikari.HikariDataSource - HikariPool-1 - Start completed.
2025-09-24 15:40:37 [main] WARN  org.hibernate.orm.deprecation - HHH90000025: PostgreSQLDialect does not need to be specified explicitly using 'hibernate.dialect' (remove the property setting and it will be selected by default)
2025-09-24 15:40:37 [main] INFO  o.hibernate.orm.connections.pooling - HHH10001005: Database info:
	Database JDBC URL [Connecting through datasource 'HikariDataSource (HikariPool-1)']
	Database driver: undefined/unknown
	Database version: 16.2
	Autocommit mode: undefined/unknown
	Isolation level: undefined/unknown
	Minimum pool size: undefined/unknown
	Maximum pool size: undefined/unknown
2025-09-24 15:40:39 [main] INFO  o.h.e.t.j.p.i.JtaPlatformInitiator - HHH000489: No JTA platform available (set 'hibernate.transaction.jta.platform' to enable JTA platform integration)
2025-09-24 15:40:39 [main] INFO  o.s.o.j.LocalContainerEntityManagerFactoryBean - Initialized JPA EntityManagerFactory for persistence unit 'default'
2025-09-24 15:40:39 [main] DEBUG o.s.d.j.r.c.JpaMetamodelMappingContextFactoryBean - Initializing JpaMetamodelMappingContext…
2025-09-24 15:40:39 [main] DEBUG o.s.d.j.r.c.JpaMetamodelMappingContextFactoryBean - Finished initializing JpaMetamodelMappingContext
2025-09-24 15:40:39 [main] DEBUG o.s.d.j.repository.query.NamedQuery - Looking up named query 'Booking.findByGuestNameContainingIgnoreCaseOrGuestEmailContainingIgnoreCase'
2025-09-24 15:40:39 [main] DEBUG o.s.d.j.repository.query.NamedQuery - Did not find named query Booking.findByGuestNameContainingIgnoreCaseOrGuestEmailContainingIgnoreCase
2025-09-24 15:40:40 [main] DEBUG o.s.d.j.repository.query.NamedQuery - Did not find named query Booking.findByHotelIdAndUserIdAndRoomId.count
2025-09-24 15:40:40 [main] INFO  o.s.d.j.r.query.QueryEnhancerFactory - Hibernate is in classpath; If applicable, HQL parser will be used.
2025-09-24 15:40:40 [main] DEBUG o.s.d.j.repository.query.NamedQuery - Did not find named query Booking.findBookingsNeedingConfirmation.count
2025-09-24 15:40:40 [main] DEBUG o.s.d.j.repository.query.NamedQuery - Looking up named query 'Booking.findByHotelIdAndNumberOfGuests'
2025-09-24 15:40:40 [main] DEBUG o.s.d.j.repository.query.NamedQuery - Did not find named query Booking.findByHotelIdAndNumberOfGuests
2025-09-24 15:40:40 [main] DEBUG o.s.d.j.repository.query.NamedQuery - Looking up named query 'Booking.findByUserIdAndCheckInDateBetween'
2025-09-24 15:40:40 [main] DEBUG o.s.d.j.repository.query.NamedQuery - Did not find named query Booking.findByUserIdAndCheckInDateBetween
2025-09-24 15:40:40 [main] DEBUG o.s.d.j.repository.query.NamedQuery - Looking up named query 'Booking.findByHotelIdAndCheckInDateBetween'
2025-09-24 15:40:40 [main] DEBUG o.s.d.j.repository.query.NamedQuery - Did not find named query Booking.findByHotelIdAndCheckInDateBetween
2025-09-24 15:40:40 [main] DEBUG o.s.d.j.repository.query.NamedQuery - Did not find named query Booking.findBookingsNeedingReminder.count
2025-09-24 15:40:40 [main] DEBUG o.s.d.j.repository.query.NamedQuery - Looking up named query 'Booking.findByUserIdAndFinalAmountBetween'
2025-09-24 15:40:40 [main] DEBUG o.s.d.j.repository.query.NamedQuery - Did not find named query Booking.findByUserIdAndFinalAmountBetween
2025-09-24 15:40:40 [main] DEBUG o.s.d.j.repository.query.NamedQuery - Did not find named query Booking.findBookingsByHotelAndDateRange.count
2025-09-24 15:40:41 [main] DEBUG o.s.d.j.repository.query.NamedQuery - Looking up named query 'Booking.findByUserIdOrderByCreatedAt'
2025-09-24 15:40:41 [main] DEBUG o.s.d.j.repository.query.NamedQuery - Did not find named query Booking.findByUserIdOrderByCreatedAt
2025-09-24 15:40:41 [main] DEBUG o.s.d.j.repository.query.NamedQuery - Looking up named query 'Booking.findByHotelIdOrderByCreatedAt'
2025-09-24 15:40:41 [main] DEBUG o.s.d.j.repository.query.NamedQuery - Did not find named query Booking.findByHotelIdOrderByCreatedAt
2025-09-24 15:40:41 [main] DEBUG o.s.d.j.repository.query.NamedQuery - Looking up named query 'Booking.findByHotelIdAndFinalAmountBetween'
2025-09-24 15:40:41 [main] DEBUG o.s.d.j.repository.query.NamedQuery - Did not find named query Booking.findByHotelIdAndFinalAmountBetween
2025-09-24 15:40:41 [main] DEBUG o.s.d.j.repository.query.NamedQuery - Did not find named query Booking.findBySpecialRequestsContaining.count
2025-09-24 15:40:41 [main] DEBUG o.s.d.j.repository.query.NamedQuery - Looking up named query 'Booking.findByRoomIdAndStatus'
2025-09-24 15:40:41 [main] DEBUG o.s.d.j.repository.query.NamedQuery - Did not find named query Booking.findByRoomIdAndStatus
2025-09-24 15:40:41 [main] DEBUG o.s.d.j.repository.query.NamedQuery - Did not find named query Booking.findConflictingBookings.count
2025-09-24 15:40:42 [main] DEBUG o.s.d.j.repository.query.NamedQuery - Looking up named query 'Booking.findByUserIdAndStatus'
2025-09-24 15:40:42 [main] DEBUG o.s.d.j.repository.query.NamedQuery - Did not find named query Booking.findByUserIdAndStatus
2025-09-24 15:40:42 [main] DEBUG o.s.d.j.repository.query.NamedQuery - Looking up named query 'Booking.findByPaymentStatus'
2025-09-24 15:40:42 [main] DEBUG o.s.d.j.repository.query.NamedQuery - Did not find named query Booking.findByPaymentStatus
2025-09-24 15:40:42 [main] DEBUG o.s.d.j.repository.query.NamedQuery - Looking up named query 'Booking.findByHotelIdAndGuestEmail'
2025-09-24 15:40:42 [main] DEBUG o.s.d.j.repository.query.NamedQuery - Did not find named query Booking.findByHotelIdAndGuestEmail
2025-09-24 15:40:42 [main] DEBUG o.s.d.j.repository.query.NamedQuery - Looking up named query 'Booking.findByCheckInDateBetween'
2025-09-24 15:40:42 [main] DEBUG o.s.d.j.repository.query.NamedQuery - Did not find named query Booking.findByCheckInDateBetween
2025-09-24 15:40:42 [main] DEBUG o.s.d.j.repository.query.NamedQuery - Looking up named query 'Booking.countByUserIdAndStatus'
2025-09-24 15:40:42 [main] DEBUG o.s.d.j.repository.query.NamedQuery - Did not find named query Booking.countByUserIdAndStatus
2025-09-24 15:40:42 [main] DEBUG o.s.d.j.repository.query.NamedQuery - Did not find named query Booking.sumFinalAmountByUserId.count
2025-09-24 15:40:42 [main] DEBUG o.s.d.j.repository.query.NamedQuery - Looking up named query 'Booking.findByHotelIdAndStatus'
2025-09-24 15:40:42 [main] DEBUG o.s.d.j.repository.query.NamedQuery - Did not find named query Booking.findByHotelIdAndStatus
2025-09-24 15:40:42 [main] DEBUG o.s.d.j.repository.query.NamedQuery - Looking up named query 'Booking.countByHotelIdAndStatus'
2025-09-24 15:40:42 [main] DEBUG o.s.d.j.repository.query.NamedQuery - Did not find named query Booking.countByHotelIdAndStatus
2025-09-24 15:40:42 [main] DEBUG o.s.d.j.repository.query.NamedQuery - Looking up named query 'Booking.findByBookingReference'
2025-09-24 15:40:42 [main] DEBUG o.s.d.j.repository.query.NamedQuery - Did not find named query Booking.findByBookingReference
2025-09-24 15:40:42 [main] DEBUG o.s.d.j.repository.query.NamedQuery - Did not find named query Booking.sumFinalAmountByHotelId.count
2025-09-24 15:40:42 [main] DEBUG o.s.d.j.repository.query.NamedQuery - Looking up named query 'Booking.findByNumberOfGuests'
2025-09-24 15:40:42 [main] DEBUG o.s.d.j.repository.query.NamedQuery - Did not find named query Booking.findByNumberOfGuests
2025-09-24 15:40:42 [main] DEBUG o.s.d.j.repository.query.NamedQuery - Looking up named query 'Booking.findByFinalAmountBetween'
2025-09-24 15:40:42 [main] DEBUG o.s.d.j.repository.query.NamedQuery - Did not find named query Booking.findByFinalAmountBetween
2025-09-24 15:40:42 [main] DEBUG o.s.d.j.repository.query.NamedQuery - Looking up named query 'Booking.countByPaymentStatus'
2025-09-24 15:40:42 [main] DEBUG o.s.d.j.repository.query.NamedQuery - Did not find named query Booking.countByPaymentStatus
2025-09-24 15:40:42 [main] DEBUG o.s.d.j.repository.query.NamedQuery - Looking up named query 'Booking.findByCheckOutDateBetween'
2025-09-24 15:40:42 [main] DEBUG o.s.d.j.repository.query.NamedQuery - Did not find named query Booking.findByCheckOutDateBetween
2025-09-24 15:40:42 [main] DEBUG o.s.d.j.repository.query.NamedQuery - Looking up named query 'Booking.findByHotelIdAndStatusOrderByFinalAmount'
2025-09-24 15:40:42 [main] DEBUG o.s.d.j.repository.query.NamedQuery - Did not find named query Booking.findByHotelIdAndStatusOrderByFinalAmount
2025-09-24 15:40:42 [main] DEBUG o.s.d.j.repository.query.NamedQuery - Looking up named query 'Booking.findByUserIdAndStatusOrderByCheckInDate'
2025-09-24 15:40:42 [main] DEBUG o.s.d.j.repository.query.NamedQuery - Did not find named query Booking.findByUserIdAndStatusOrderByCheckInDate
2025-09-24 15:40:42 [main] DEBUG o.s.d.j.repository.query.NamedQuery - Looking up named query 'Booking.findByHotelIdAndStatusOrderByCreatedAt'
2025-09-24 15:40:42 [main] DEBUG o.s.d.j.repository.query.NamedQuery - Did not find named query Booking.findByHotelIdAndStatusOrderByCreatedAt
2025-09-24 15:40:42 [main] DEBUG o.s.d.j.repository.query.NamedQuery - Looking up named query 'Booking.findByUserIdAndStatusOrderByCreatedAt'
2025-09-24 15:40:42 [main] DEBUG o.s.d.j.repository.query.NamedQuery - Did not find named query Booking.findByUserIdAndStatusOrderByCreatedAt
2025-09-24 15:40:42 [main] DEBUG o.s.d.j.repository.query.NamedQuery - Looking up named query 'Booking.findByHotelIdAndStatusOrderByCheckInDate'
2025-09-24 15:40:42 [main] DEBUG o.s.d.j.repository.query.NamedQuery - Did not find named query Booking.findByHotelIdAndStatusOrderByCheckInDate
2025-09-24 15:40:42 [main] DEBUG o.s.d.j.repository.query.NamedQuery - Looking up named query 'Booking.findByUserIdAndStatusOrderByFinalAmount'
2025-09-24 15:40:42 [main] DEBUG o.s.d.j.repository.query.NamedQuery - Did not find named query Booking.findByUserIdAndStatusOrderByFinalAmount
2025-09-24 15:40:42 [main] DEBUG o.s.d.j.repository.query.NamedQuery - Looking up named query 'Booking.findByGuestEmail'
2025-09-24 15:40:42 [main] DEBUG o.s.d.j.repository.query.NamedQuery - Did not find named query Booking.findByGuestEmail
2025-09-24 15:40:42 [main] DEBUG o.s.d.j.repository.query.NamedQuery - Looking up named query 'Booking.findByHotelId'
2025-09-24 15:40:42 [main] DEBUG o.s.d.j.repository.query.NamedQuery - Did not find named query Booking.findByHotelId
2025-09-24 15:40:42 [main] DEBUG o.s.d.j.repository.query.NamedQuery - Looking up named query 'Booking.countByStatus'
2025-09-24 15:40:42 [main] DEBUG o.s.d.j.repository.query.NamedQuery - Did not find named query Booking.countByStatus
2025-09-24 15:40:42 [main] DEBUG o.s.d.j.repository.query.NamedQuery - Looking up named query 'Booking.findByUserId'
2025-09-24 15:40:42 [main] DEBUG o.s.d.j.repository.query.NamedQuery - Did not find named query Booking.findByUserId
2025-09-24 15:40:42 [main] DEBUG o.s.d.j.repository.query.NamedQuery - Looking up named query 'Booking.countByUserId'
2025-09-24 15:40:42 [main] DEBUG o.s.d.j.repository.query.NamedQuery - Did not find named query Booking.countByUserId
2025-09-24 15:40:42 [main] DEBUG o.s.d.j.repository.query.NamedQuery - Looking up named query 'Booking.countByHotelId'
2025-09-24 15:40:42 [main] DEBUG o.s.d.j.repository.query.NamedQuery - Did not find named query Booking.countByHotelId
2025-09-24 15:40:42 [main] DEBUG o.s.d.j.repository.query.NamedQuery - Looking up named query 'Booking.findByRoomId'
2025-09-24 15:40:42 [main] DEBUG o.s.d.j.repository.query.NamedQuery - Did not find named query Booking.findByRoomId
2025-09-24 15:40:42 [main] DEBUG o.s.d.j.repository.query.NamedQuery - Looking up named query 'Booking.findByStatus'
2025-09-24 15:40:42 [main] DEBUG o.s.d.j.repository.query.NamedQuery - Did not find named query Booking.findByStatus
2025-09-24 15:40:42 [main] DEBUG o.s.d.j.repository.query.NamedQuery - Looking up named query 'Booking.countByRoomId'
2025-09-24 15:40:42 [main] DEBUG o.s.d.j.repository.query.NamedQuery - Did not find named query Booking.countByRoomId
2025-09-24 15:40:42 [main] DEBUG o.s.d.j.repository.query.NamedQuery - Did not find named query Booking.findByHotelIdAndSpecialRequestsContaining.count
2025-09-24 15:40:42 [main] DEBUG o.s.d.j.repository.query.NamedQuery - Looking up named query 'Booking.findByHotelIdAndCheckOutDateBetween'
2025-09-24 15:40:42 [main] DEBUG o.s.d.j.repository.query.NamedQuery - Did not find named query Booking.findByHotelIdAndCheckOutDateBetween
2025-09-24 15:40:42 [main] DEBUG o.s.d.j.repository.query.NamedQuery - Looking up named query 'Booking.findByReminderSent'
2025-09-24 15:40:42 [main] DEBUG o.s.d.j.repository.query.NamedQuery - Did not find named query Booking.findByReminderSent
2025-09-24 15:40:42 [main] DEBUG o.s.d.j.repository.query.NamedQuery - Looking up named query 'Booking.countByUserIdAndPaymentStatus'
2025-09-24 15:40:42 [main] DEBUG o.s.d.j.repository.query.NamedQuery - Did not find named query Booking.countByUserIdAndPaymentStatus
2025-09-24 15:40:42 [main] DEBUG o.s.d.j.repository.query.NamedQuery - Looking up named query 'Booking.findByUserIdOrderByCheckInDate'
2025-09-24 15:40:42 [main] DEBUG o.s.d.j.repository.query.NamedQuery - Did not find named query Booking.findByUserIdOrderByCheckInDate
2025-09-24 15:40:42 [main] DEBUG o.s.d.j.repository.query.NamedQuery - Looking up named query 'Booking.countByHotelIdAndPaymentStatus'
2025-09-24 15:40:42 [main] DEBUG o.s.d.j.repository.query.NamedQuery - Did not find named query Booking.countByHotelIdAndPaymentStatus
2025-09-24 15:40:42 [main] DEBUG o.s.d.j.repository.query.NamedQuery - Looking up named query 'Booking.findByHotelIdAndReminderSent'
2025-09-24 15:40:42 [main] DEBUG o.s.d.j.repository.query.NamedQuery - Did not find named query Booking.findByHotelIdAndReminderSent
2025-09-24 15:40:42 [main] DEBUG o.s.d.j.repository.query.NamedQuery - Looking up named query 'Booking.findByUserIdOrderByFinalAmount'
2025-09-24 15:40:42 [main] DEBUG o.s.d.j.repository.query.NamedQuery - Did not find named query Booking.findByUserIdOrderByFinalAmount
2025-09-24 15:40:42 [main] DEBUG o.s.d.j.repository.query.NamedQuery - Looking up named query 'Booking.findByHotelIdOrderByCheckInDate'
2025-09-24 15:40:42 [main] DEBUG o.s.d.j.repository.query.NamedQuery - Did not find named query Booking.findByHotelIdOrderByCheckInDate
2025-09-24 15:40:42 [main] DEBUG o.s.d.j.repository.query.NamedQuery - Looking up named query 'Booking.findByHotelIdOrderByFinalAmount'
2025-09-24 15:40:42 [main] DEBUG o.s.d.j.repository.query.NamedQuery - Did not find named query Booking.findByHotelIdOrderByFinalAmount
2025-09-24 15:40:42 [main] DEBUG o.s.d.j.repository.query.NamedQuery - Looking up named query 'Booking.findByHotelIdAndConfirmationSent'
2025-09-24 15:40:42 [main] DEBUG o.s.d.j.repository.query.NamedQuery - Did not find named query Booking.findByHotelIdAndConfirmationSent
2025-09-24 15:40:42 [main] DEBUG o.s.d.j.repository.query.NamedQuery - Looking up named query 'Booking.findByConfirmationSent'
2025-09-24 15:40:42 [main] DEBUG o.s.d.j.repository.query.NamedQuery - Did not find named query Booking.findByConfirmationSent
2025-09-24 15:40:42 [main] WARN  o.s.b.a.o.j.JpaBaseConfiguration$JpaWebConfiguration - spring.jpa.open-in-view is enabled by default. Therefore, database queries may be performed during view rendering. Explicitly configure spring.jpa.open-in-view to disable this warning
2025-09-24 15:40:42 [main] INFO  o.s.c.o.FeignClientFactoryBean - For 'notification-service' URL not provided. Will try picking an instance via load-balancing.
2025-09-24 15:40:43 [main] DEBUG o.s.w.s.m.m.a.RequestMappingHandlerMapping - 39 mappings in 'requestMappingHandlerMapping'
2025-09-24 15:40:43 [main] DEBUG o.s.w.s.h.SimpleUrlHandlerMapping - Patterns [/webjars/**, /**] in 'resourceHandlerMapping'
2025-09-24 15:40:43 [main] DEBUG o.s.w.s.m.m.a.RequestMappingHandlerAdapter - ControllerAdvice beans: 0 @ModelAttribute, 0 @InitBinder, 1 RequestBodyAdvice, 1 ResponseBodyAdvice
2025-09-24 15:40:43 [main] DEBUG o.s.w.s.m.m.a.ExceptionHandlerExceptionResolver - ControllerAdvice beans: 1 @ExceptionHandler, 1 ResponseBodyAdvice
2025-09-24 15:40:44 [main] INFO  o.s.c.n.e.c.DiscoveryClientOptionalArgsConfiguration - Eureka HTTP Client uses RestTemplate.
2025-09-24 15:40:44 [main] WARN  o.s.c.l.c.LoadBalancerCacheAutoConfiguration$LoadBalancerCaffeineWarnLogger - Spring Cloud LoadBalancer is currently working with the default cache. While this cache implementation is useful for development and tests, it's recommended to use Caffeine cache in production.You can switch to using Caffeine cache, by adding it and org.springframework.cache.caffeine.CaffeineCacheManager to the classpath.
2025-09-24 15:40:44 [main] INFO  o.s.b.a.e.web.EndpointLinksResolver - Exposing 17 endpoints beneath base path '/actuator'
2025-09-24 15:40:44 [main] INFO  o.s.c.n.eureka.InstanceInfoFactory - Setting initial instance status as: STARTING
2025-09-24 15:40:44 [main] INFO  c.netflix.discovery.DiscoveryClient - Initializing Eureka in region us-east-1
2025-09-24 15:40:44 [main] INFO  c.n.d.s.r.aws.ConfigClusterResolver - Resolving eureka endpoints via configuration
2025-09-24 15:40:44 [main] INFO  c.netflix.discovery.DiscoveryClient - Disable delta property : false
2025-09-24 15:40:44 [main] INFO  c.netflix.discovery.DiscoveryClient - Single vip registry refresh property : null
2025-09-24 15:40:44 [main] INFO  c.netflix.discovery.DiscoveryClient - Force full registry fetch : false
2025-09-24 15:40:44 [main] INFO  c.netflix.discovery.DiscoveryClient - Application is null : false
2025-09-24 15:40:44 [main] INFO  c.netflix.discovery.DiscoveryClient - Registered Applications size is zero : true
2025-09-24 15:40:44 [main] INFO  c.netflix.discovery.DiscoveryClient - Application version is -1: true
2025-09-24 15:40:44 [main] INFO  c.netflix.discovery.DiscoveryClient - Getting all instance registry info from the eureka server
2025-09-24 15:40:44 [main] DEBUG o.s.web.client.RestTemplate - HTTP GET http://localhost:8761/eureka/apps/
2025-09-24 15:40:45 [main] DEBUG o.s.web.client.RestTemplate - Accept=[application/json, application/*+json]
2025-09-24 15:40:45 [main] DEBUG o.s.web.client.RestTemplate - Response 200 OK
2025-09-24 15:40:45 [main] DEBUG o.s.web.client.RestTemplate - Reading to [org.springframework.cloud.netflix.eureka.http.EurekaApplications]
2025-09-24 15:40:45 [main] INFO  c.netflix.discovery.DiscoveryClient - The response status is 200
2025-09-24 15:40:45 [main] INFO  c.netflix.discovery.DiscoveryClient - Starting heartbeat executor: renew interval is: 30
2025-09-24 15:40:45 [main] INFO  c.n.discovery.InstanceInfoReplicator - InstanceInfoReplicator onDemand update allowed rate per min is 4
2025-09-24 15:40:45 [main] INFO  c.netflix.discovery.DiscoveryClient - Discovery Client initialized at timestamp 1758708645129 with initial instances count: 4
2025-09-24 15:40:45 [main] INFO  o.s.c.n.e.s.EurekaServiceRegistry - Registering application BOOKING-SERVICE with eureka with status UP
2025-09-24 15:40:45 [main] INFO  c.netflix.discovery.DiscoveryClient - Saw local status change event StatusChangeEvent [timestamp=1758708645141, current=UP, previous=STARTING]
2025-09-24 15:40:45 [DiscoveryClient-InstanceInfoReplicator-%d] INFO  c.netflix.discovery.DiscoveryClient - DiscoveryClient_BOOKING-SERVICE/GT0126:booking-service:9004: registering service...
2025-09-24 15:40:45 [DiscoveryClient-InstanceInfoReplicator-%d] DEBUG o.s.web.client.RestTemplate - HTTP POST http://localhost:8761/eureka/apps/BOOKING-SERVICE
2025-09-24 15:40:45 [DiscoveryClient-InstanceInfoReplicator-%d] DEBUG o.s.web.client.RestTemplate - Accept=[application/json, application/*+json]
2025-09-24 15:40:45 [DiscoveryClient-InstanceInfoReplicator-%d] DEBUG o.s.web.client.RestTemplate - Writing [InstanceInfo [instanceId = GT0126:booking-service:9004, appName = BOOKING-SERVICE, hostName = GT0126, status = UP, ipAddr = 172.16.2.155, port = 9004, securePort = 443, dataCenterInfo = com.netflix.appinfo.MyDataCenterInfo@4f7848ad] as "application/json"
2025-09-24 15:40:45 [main] INFO  o.s.b.w.e.tomcat.TomcatWebServer - Tomcat started on port 9004 (http) with context path '/'
2025-09-24 15:40:45 [main] INFO  o.s.c.n.e.s.EurekaAutoServiceRegistration - Updating port to 9004
2025-09-24 15:40:45 [DiscoveryClient-InstanceInfoReplicator-%d] DEBUG o.s.web.client.RestTemplate - Response 204 NO_CONTENT
2025-09-24 15:40:45 [DiscoveryClient-InstanceInfoReplicator-%d] INFO  c.netflix.discovery.DiscoveryClient - DiscoveryClient_BOOKING-SERVICE/GT0126:booking-service:9004 - registration status: 204
2025-09-24 15:40:45 [main] INFO  c.h.b.BookingServiceApplication - Started BookingServiceApplication in 17.26 seconds (process running for 19.124)
2025-09-24 15:41:15 [DiscoveryClient-CacheRefreshExecutor-%d] DEBUG o.s.web.client.RestTemplate - HTTP GET http://localhost:8761/eureka/apps/delta
2025-09-24 15:41:15 [DiscoveryClient-CacheRefreshExecutor-%d] DEBUG o.s.web.client.RestTemplate - Accept=[application/json, application/*+json]
2025-09-24 15:41:15 [DiscoveryClient-HeartbeatExecutor-%d] DEBUG o.s.web.client.RestTemplate - HTTP PUT http://localhost:8761/eureka/apps/BOOKING-SERVICE/GT0126:booking-service:9004?status=UP&lastDirtyTimestamp=1758708645140
2025-09-24 15:41:15 [DiscoveryClient-HeartbeatExecutor-%d] DEBUG o.s.web.client.RestTemplate - Accept=[application/json, application/*+json]
2025-09-24 15:41:15 [DiscoveryClient-CacheRefreshExecutor-%d] DEBUG o.s.web.client.RestTemplate - Response 200 OK
2025-09-24 15:41:15 [DiscoveryClient-CacheRefreshExecutor-%d] DEBUG o.s.web.client.RestTemplate - Reading to [org.springframework.cloud.netflix.eureka.http.EurekaApplications]
2025-09-24 15:41:15 [DiscoveryClient-HeartbeatExecutor-%d] DEBUG o.s.web.client.RestTemplate - Response 200 OK
2025-09-24 15:41:45 [DiscoveryClient-CacheRefreshExecutor-%d] DEBUG o.s.web.client.RestTemplate - HTTP GET http://localhost:8761/eureka/apps/delta
2025-09-24 15:41:45 [DiscoveryClient-CacheRefreshExecutor-%d] DEBUG o.s.web.client.RestTemplate - Accept=[application/json, application/*+json]
2025-09-24 15:41:45 [DiscoveryClient-HeartbeatExecutor-%d] DEBUG o.s.web.client.RestTemplate - HTTP PUT http://localhost:8761/eureka/apps/BOOKING-SERVICE/GT0126:booking-service:9004?status=UP&lastDirtyTimestamp=1758708645140
2025-09-24 15:41:45 [DiscoveryClient-HeartbeatExecutor-%d] DEBUG o.s.web.client.RestTemplate - Accept=[application/json, application/*+json]
2025-09-24 15:41:45 [DiscoveryClient-CacheRefreshExecutor-%d] DEBUG o.s.web.client.RestTemplate - Response 200 OK
2025-09-24 15:41:45 [DiscoveryClient-CacheRefreshExecutor-%d] DEBUG o.s.web.client.RestTemplate - Reading to [org.springframework.cloud.netflix.eureka.http.EurekaApplications]
2025-09-24 15:41:45 [DiscoveryClient-HeartbeatExecutor-%d] DEBUG o.s.web.client.RestTemplate - Response 200 OK
2025-09-24 15:42:15 [DiscoveryClient-CacheRefreshExecutor-%d] DEBUG o.s.web.client.RestTemplate - HTTP GET http://localhost:8761/eureka/apps/delta
2025-09-24 15:42:15 [DiscoveryClient-CacheRefreshExecutor-%d] DEBUG o.s.web.client.RestTemplate - Accept=[application/json, application/*+json]
2025-09-24 15:42:15 [DiscoveryClient-HeartbeatExecutor-%d] DEBUG o.s.web.client.RestTemplate - HTTP PUT http://localhost:8761/eureka/apps/BOOKING-SERVICE/GT0126:booking-service:9004?status=UP&lastDirtyTimestamp=1758708645140
2025-09-24 15:42:15 [DiscoveryClient-HeartbeatExecutor-%d] DEBUG o.s.web.client.RestTemplate - Accept=[application/json, application/*+json]
2025-09-24 15:42:15 [DiscoveryClient-CacheRefreshExecutor-%d] DEBUG o.s.web.client.RestTemplate - Response 200 OK
2025-09-24 15:42:15 [DiscoveryClient-CacheRefreshExecutor-%d] DEBUG o.s.web.client.RestTemplate - Reading to [org.springframework.cloud.netflix.eureka.http.EurekaApplications]
2025-09-24 15:42:15 [DiscoveryClient-HeartbeatExecutor-%d] DEBUG o.s.web.client.RestTemplate - Response 200 OK
2025-09-24 15:42:45 [DiscoveryClient-CacheRefreshExecutor-%d] DEBUG o.s.web.client.RestTemplate - HTTP GET http://localhost:8761/eureka/apps/delta
2025-09-24 15:42:45 [DiscoveryClient-CacheRefreshExecutor-%d] DEBUG o.s.web.client.RestTemplate - Accept=[application/json, application/*+json]
2025-09-24 15:42:45 [DiscoveryClient-HeartbeatExecutor-%d] DEBUG o.s.web.client.RestTemplate - HTTP PUT http://localhost:8761/eureka/apps/BOOKING-SERVICE/GT0126:booking-service:9004?status=UP&lastDirtyTimestamp=1758708645140
2025-09-24 15:42:45 [DiscoveryClient-HeartbeatExecutor-%d] DEBUG o.s.web.client.RestTemplate - Accept=[application/json, application/*+json]
2025-09-24 15:42:45 [DiscoveryClient-CacheRefreshExecutor-%d] DEBUG o.s.web.client.RestTemplate - Response 200 OK
2025-09-24 15:42:45 [DiscoveryClient-CacheRefreshExecutor-%d] DEBUG o.s.web.client.RestTemplate - Reading to [org.springframework.cloud.netflix.eureka.http.EurekaApplications]
2025-09-24 15:42:45 [DiscoveryClient-HeartbeatExecutor-%d] DEBUG o.s.web.client.RestTemplate - Response 200 OK
2025-09-24 15:43:15 [DiscoveryClient-CacheRefreshExecutor-%d] DEBUG o.s.web.client.RestTemplate - HTTP GET http://localhost:8761/eureka/apps/delta
2025-09-24 15:43:15 [DiscoveryClient-CacheRefreshExecutor-%d] DEBUG o.s.web.client.RestTemplate - Accept=[application/json, application/*+json]
2025-09-24 15:43:15 [DiscoveryClient-HeartbeatExecutor-%d] DEBUG o.s.web.client.RestTemplate - HTTP PUT http://localhost:8761/eureka/apps/BOOKING-SERVICE/GT0126:booking-service:9004?status=UP&lastDirtyTimestamp=1758708645140
2025-09-24 15:43:15 [DiscoveryClient-HeartbeatExecutor-%d] DEBUG o.s.web.client.RestTemplate - Accept=[application/json, application/*+json]
2025-09-24 15:43:15 [DiscoveryClient-CacheRefreshExecutor-%d] DEBUG o.s.web.client.RestTemplate - Response 200 OK
2025-09-24 15:43:15 [DiscoveryClient-CacheRefreshExecutor-%d] DEBUG o.s.web.client.RestTemplate - Reading to [org.springframework.cloud.netflix.eureka.http.EurekaApplications]
2025-09-24 15:43:15 [DiscoveryClient-HeartbeatExecutor-%d] DEBUG o.s.web.client.RestTemplate - Response 200 OK
2025-09-24 15:43:45 [DiscoveryClient-CacheRefreshExecutor-%d] DEBUG o.s.web.client.RestTemplate - HTTP GET http://localhost:8761/eureka/apps/delta
2025-09-24 15:43:45 [DiscoveryClient-HeartbeatExecutor-%d] DEBUG o.s.web.client.RestTemplate - HTTP PUT http://localhost:8761/eureka/apps/BOOKING-SERVICE/GT0126:booking-service:9004?status=UP&lastDirtyTimestamp=1758708645140
2025-09-24 15:43:45 [DiscoveryClient-CacheRefreshExecutor-%d] DEBUG o.s.web.client.RestTemplate - Accept=[application/json, application/*+json]
2025-09-24 15:43:45 [DiscoveryClient-HeartbeatExecutor-%d] DEBUG o.s.web.client.RestTemplate - Accept=[application/json, application/*+json]
2025-09-24 15:43:45 [DiscoveryClient-CacheRefreshExecutor-%d] DEBUG o.s.web.client.RestTemplate - Response 200 OK
2025-09-24 15:43:45 [DiscoveryClient-HeartbeatExecutor-%d] DEBUG o.s.web.client.RestTemplate - Response 200 OK
2025-09-24 15:43:45 [DiscoveryClient-CacheRefreshExecutor-%d] DEBUG o.s.web.client.RestTemplate - Reading to [org.springframework.cloud.netflix.eureka.http.EurekaApplications]
2025-09-24 15:44:15 [DiscoveryClient-CacheRefreshExecutor-%d] DEBUG o.s.web.client.RestTemplate - HTTP GET http://localhost:8761/eureka/apps/delta
2025-09-24 15:44:15 [DiscoveryClient-HeartbeatExecutor-%d] DEBUG o.s.web.client.RestTemplate - HTTP PUT http://localhost:8761/eureka/apps/BOOKING-SERVICE/GT0126:booking-service:9004?status=UP&lastDirtyTimestamp=1758708645140
2025-09-24 15:44:15 [DiscoveryClient-HeartbeatExecutor-%d] DEBUG o.s.web.client.RestTemplate - Accept=[application/json, application/*+json]
2025-09-24 15:44:15 [DiscoveryClient-CacheRefreshExecutor-%d] DEBUG o.s.web.client.RestTemplate - Accept=[application/json, application/*+json]
2025-09-24 15:44:15 [DiscoveryClient-CacheRefreshExecutor-%d] DEBUG o.s.web.client.RestTemplate - Response 200 OK
2025-09-24 15:44:15 [DiscoveryClient-HeartbeatExecutor-%d] DEBUG o.s.web.client.RestTemplate - Response 200 OK
2025-09-24 15:44:15 [DiscoveryClient-CacheRefreshExecutor-%d] DEBUG o.s.web.client.RestTemplate - Reading to [org.springframework.cloud.netflix.eureka.http.EurekaApplications]
2025-09-24 15:44:45 [DiscoveryClient-CacheRefreshExecutor-%d] DEBUG o.s.web.client.RestTemplate - HTTP GET http://localhost:8761/eureka/apps/delta
2025-09-24 15:44:45 [DiscoveryClient-HeartbeatExecutor-%d] DEBUG o.s.web.client.RestTemplate - HTTP PUT http://localhost:8761/eureka/apps/BOOKING-SERVICE/GT0126:booking-service:9004?status=UP&lastDirtyTimestamp=1758708645140
2025-09-24 15:44:45 [DiscoveryClient-CacheRefreshExecutor-%d] DEBUG o.s.web.client.RestTemplate - Accept=[application/json, application/*+json]
2025-09-24 15:44:45 [DiscoveryClient-HeartbeatExecutor-%d] DEBUG o.s.web.client.RestTemplate - Accept=[application/json, application/*+json]
2025-09-24 15:44:45 [DiscoveryClient-HeartbeatExecutor-%d] DEBUG o.s.web.client.RestTemplate - Response 200 OK
2025-09-24 15:44:45 [DiscoveryClient-CacheRefreshExecutor-%d] DEBUG o.s.web.client.RestTemplate - Response 200 OK
2025-09-24 15:44:45 [DiscoveryClient-CacheRefreshExecutor-%d] DEBUG o.s.web.client.RestTemplate - Reading to [org.springframework.cloud.netflix.eureka.http.EurekaApplications]
2025-09-24 15:45:15 [DiscoveryClient-HeartbeatExecutor-%d] DEBUG o.s.web.client.RestTemplate - HTTP PUT http://localhost:8761/eureka/apps/BOOKING-SERVICE/GT0126:booking-service:9004?status=UP&lastDirtyTimestamp=1758708645140
2025-09-24 15:45:15 [DiscoveryClient-HeartbeatExecutor-%d] DEBUG o.s.web.client.RestTemplate - Accept=[application/json, application/*+json]
2025-09-24 15:45:15 [DiscoveryClient-CacheRefreshExecutor-%d] DEBUG o.s.web.client.RestTemplate - HTTP GET http://localhost:8761/eureka/apps/delta
2025-09-24 15:45:15 [DiscoveryClient-CacheRefreshExecutor-%d] DEBUG o.s.web.client.RestTemplate - Accept=[application/json, application/*+json]
2025-09-24 15:45:15 [DiscoveryClient-HeartbeatExecutor-%d] DEBUG o.s.web.client.RestTemplate - Response 200 OK
2025-09-24 15:45:15 [DiscoveryClient-CacheRefreshExecutor-%d] DEBUG o.s.web.client.RestTemplate - Response 200 OK
2025-09-24 15:45:15 [DiscoveryClient-CacheRefreshExecutor-%d] DEBUG o.s.web.client.RestTemplate - Reading to [org.springframework.cloud.netflix.eureka.http.EurekaApplications]
2025-09-24 15:45:44 [AsyncResolver-bootstrap-executor-%d] INFO  c.n.d.s.r.aws.ConfigClusterResolver - Resolving eureka endpoints via configuration
2025-09-24 15:45:45 [DiscoveryClient-HeartbeatExecutor-%d] DEBUG o.s.web.client.RestTemplate - HTTP PUT http://localhost:8761/eureka/apps/BOOKING-SERVICE/GT0126:booking-service:9004?status=UP&lastDirtyTimestamp=1758708645140
2025-09-24 15:45:45 [DiscoveryClient-HeartbeatExecutor-%d] DEBUG o.s.web.client.RestTemplate - Accept=[application/json, application/*+json]
2025-09-24 15:45:45 [DiscoveryClient-HeartbeatExecutor-%d] DEBUG o.s.web.client.RestTemplate - Response 200 OK
2025-09-24 15:45:45 [DiscoveryClient-CacheRefreshExecutor-%d] DEBUG o.s.web.client.RestTemplate - HTTP GET http://localhost:8761/eureka/apps/delta
2025-09-24 15:45:45 [DiscoveryClient-CacheRefreshExecutor-%d] DEBUG o.s.web.client.RestTemplate - Accept=[application/json, application/*+json]
2025-09-24 15:45:45 [DiscoveryClient-CacheRefreshExecutor-%d] DEBUG o.s.web.client.RestTemplate - Response 200 OK
2025-09-24 15:45:45 [DiscoveryClient-CacheRefreshExecutor-%d] DEBUG o.s.web.client.RestTemplate - Reading to [org.springframework.cloud.netflix.eureka.http.EurekaApplications]
2025-09-24 15:46:15 [DiscoveryClient-HeartbeatExecutor-%d] DEBUG o.s.web.client.RestTemplate - HTTP PUT http://localhost:8761/eureka/apps/BOOKING-SERVICE/GT0126:booking-service:9004?status=UP&lastDirtyTimestamp=1758708645140
2025-09-24 15:46:15 [DiscoveryClient-HeartbeatExecutor-%d] DEBUG o.s.web.client.RestTemplate - Accept=[application/json, application/*+json]
2025-09-24 15:46:15 [DiscoveryClient-CacheRefreshExecutor-%d] DEBUG o.s.web.client.RestTemplate - HTTP GET http://localhost:8761/eureka/apps/delta
2025-09-24 15:46:15 [DiscoveryClient-CacheRefreshExecutor-%d] DEBUG o.s.web.client.RestTemplate - Accept=[application/json, application/*+json]
2025-09-24 15:46:15 [DiscoveryClient-HeartbeatExecutor-%d] DEBUG o.s.web.client.RestTemplate - Response 200 OK
2025-09-24 15:46:15 [DiscoveryClient-CacheRefreshExecutor-%d] DEBUG o.s.web.client.RestTemplate - Response 200 OK
2025-09-24 15:46:15 [DiscoveryClient-CacheRefreshExecutor-%d] DEBUG o.s.web.client.RestTemplate - Reading to [org.springframework.cloud.netflix.eureka.http.EurekaApplications]
2025-09-24 15:46:45 [DiscoveryClient-HeartbeatExecutor-%d] DEBUG o.s.web.client.RestTemplate - HTTP PUT http://localhost:8761/eureka/apps/BOOKING-SERVICE/GT0126:booking-service:9004?status=UP&lastDirtyTimestamp=1758708645140
2025-09-24 15:46:45 [DiscoveryClient-HeartbeatExecutor-%d] DEBUG o.s.web.client.RestTemplate - Accept=[application/json, application/*+json]
2025-09-24 15:46:45 [DiscoveryClient-CacheRefreshExecutor-%d] DEBUG o.s.web.client.RestTemplate - HTTP GET http://localhost:8761/eureka/apps/delta
2025-09-24 15:46:45 [DiscoveryClient-CacheRefreshExecutor-%d] DEBUG o.s.web.client.RestTemplate - Accept=[application/json, application/*+json]
2025-09-24 15:46:45 [DiscoveryClient-HeartbeatExecutor-%d] DEBUG o.s.web.client.RestTemplate - Response 200 OK
2025-09-24 15:46:45 [DiscoveryClient-CacheRefreshExecutor-%d] DEBUG o.s.web.client.RestTemplate - Response 200 OK
2025-09-24 15:46:45 [DiscoveryClient-CacheRefreshExecutor-%d] DEBUG o.s.web.client.RestTemplate - Reading to [org.springframework.cloud.netflix.eureka.http.EurekaApplications]
2025-09-24 15:47:15 [DiscoveryClient-HeartbeatExecutor-%d] DEBUG o.s.web.client.RestTemplate - HTTP PUT http://localhost:8761/eureka/apps/BOOKING-SERVICE/GT0126:booking-service:9004?status=UP&lastDirtyTimestamp=1758708645140
2025-09-24 15:47:15 [DiscoveryClient-HeartbeatExecutor-%d] DEBUG o.s.web.client.RestTemplate - Accept=[application/json, application/*+json]
2025-09-24 15:47:15 [DiscoveryClient-CacheRefreshExecutor-%d] DEBUG o.s.web.client.RestTemplate - HTTP GET http://localhost:8761/eureka/apps/delta
2025-09-24 15:47:15 [DiscoveryClient-CacheRefreshExecutor-%d] DEBUG o.s.web.client.RestTemplate - Accept=[application/json, application/*+json]
2025-09-24 15:47:15 [DiscoveryClient-HeartbeatExecutor-%d] DEBUG o.s.web.client.RestTemplate - Response 200 OK
2025-09-24 15:47:15 [DiscoveryClient-CacheRefreshExecutor-%d] DEBUG o.s.web.client.RestTemplate - Response 200 OK
2025-09-24 15:47:15 [DiscoveryClient-CacheRefreshExecutor-%d] DEBUG o.s.web.client.RestTemplate - Reading to [org.springframework.cloud.netflix.eureka.http.EurekaApplications]
2025-09-24 15:47:45 [DiscoveryClient-HeartbeatExecutor-%d] DEBUG o.s.web.client.RestTemplate - HTTP PUT http://localhost:8761/eureka/apps/BOOKING-SERVICE/GT0126:booking-service:9004?status=UP&lastDirtyTimestamp=1758708645140
2025-09-24 15:47:45 [DiscoveryClient-HeartbeatExecutor-%d] DEBUG o.s.web.client.RestTemplate - Accept=[application/json, application/*+json]
2025-09-24 15:47:45 [DiscoveryClient-CacheRefreshExecutor-%d] DEBUG o.s.web.client.RestTemplate - HTTP GET http://localhost:8761/eureka/apps/delta
2025-09-24 15:47:45 [DiscoveryClient-CacheRefreshExecutor-%d] DEBUG o.s.web.client.RestTemplate - Accept=[application/json, application/*+json]
2025-09-24 15:47:45 [DiscoveryClient-HeartbeatExecutor-%d] DEBUG o.s.web.client.RestTemplate - Response 200 OK
2025-09-24 15:47:45 [DiscoveryClient-CacheRefreshExecutor-%d] DEBUG o.s.web.client.RestTemplate - Response 200 OK
2025-09-24 15:47:45 [DiscoveryClient-CacheRefreshExecutor-%d] DEBUG o.s.web.client.RestTemplate - Reading to [org.springframework.cloud.netflix.eureka.http.EurekaApplications]
2025-09-24 15:48:15 [DiscoveryClient-HeartbeatExecutor-%d] DEBUG o.s.web.client.RestTemplate - HTTP PUT http://localhost:8761/eureka/apps/BOOKING-SERVICE/GT0126:booking-service:9004?status=UP&lastDirtyTimestamp=1758708645140
2025-09-24 15:48:15 [DiscoveryClient-HeartbeatExecutor-%d] DEBUG o.s.web.client.RestTemplate - Accept=[application/json, application/*+json]
2025-09-24 15:48:15 [DiscoveryClient-CacheRefreshExecutor-%d] DEBUG o.s.web.client.RestTemplate - HTTP GET http://localhost:8761/eureka/apps/delta
2025-09-24 15:48:15 [DiscoveryClient-CacheRefreshExecutor-%d] DEBUG o.s.web.client.RestTemplate - Accept=[application/json, application/*+json]
2025-09-24 15:48:15 [DiscoveryClient-HeartbeatExecutor-%d] DEBUG o.s.web.client.RestTemplate - Response 200 OK
2025-09-24 15:48:15 [DiscoveryClient-CacheRefreshExecutor-%d] DEBUG o.s.web.client.RestTemplate - Response 200 OK
2025-09-24 15:48:15 [DiscoveryClient-CacheRefreshExecutor-%d] DEBUG o.s.web.client.RestTemplate - Reading to [org.springframework.cloud.netflix.eureka.http.EurekaApplications]
2025-09-24 15:48:45 [DiscoveryClient-HeartbeatExecutor-%d] DEBUG o.s.web.client.RestTemplate - HTTP PUT http://localhost:8761/eureka/apps/BOOKING-SERVICE/GT0126:booking-service:9004?status=UP&lastDirtyTimestamp=1758708645140
2025-09-24 15:48:45 [DiscoveryClient-HeartbeatExecutor-%d] DEBUG o.s.web.client.RestTemplate - Accept=[application/json, application/*+json]
2025-09-24 15:48:45 [DiscoveryClient-HeartbeatExecutor-%d] DEBUG o.s.web.client.RestTemplate - Response 200 OK
2025-09-24 15:48:45 [DiscoveryClient-CacheRefreshExecutor-%d] DEBUG o.s.web.client.RestTemplate - HTTP GET http://localhost:8761/eureka/apps/delta
2025-09-24 15:48:45 [DiscoveryClient-CacheRefreshExecutor-%d] DEBUG o.s.web.client.RestTemplate - Accept=[application/json, application/*+json]
2025-09-24 15:48:45 [DiscoveryClient-CacheRefreshExecutor-%d] DEBUG o.s.web.client.RestTemplate - Response 200 OK
2025-09-24 15:48:45 [DiscoveryClient-CacheRefreshExecutor-%d] DEBUG o.s.web.client.RestTemplate - Reading to [org.springframework.cloud.netflix.eureka.http.EurekaApplications]
2025-09-24 15:49:15 [DiscoveryClient-HeartbeatExecutor-%d] DEBUG o.s.web.client.RestTemplate - HTTP PUT http://localhost:8761/eureka/apps/BOOKING-SERVICE/GT0126:booking-service:9004?status=UP&lastDirtyTimestamp=1758708645140
2025-09-24 15:49:15 [DiscoveryClient-HeartbeatExecutor-%d] DEBUG o.s.web.client.RestTemplate - Accept=[application/json, application/*+json]
2025-09-24 15:49:15 [DiscoveryClient-HeartbeatExecutor-%d] DEBUG o.s.web.client.RestTemplate - Response 200 OK
2025-09-24 15:49:15 [DiscoveryClient-CacheRefreshExecutor-%d] DEBUG o.s.web.client.RestTemplate - HTTP GET http://localhost:8761/eureka/apps/delta
2025-09-24 15:49:15 [DiscoveryClient-CacheRefreshExecutor-%d] DEBUG o.s.web.client.RestTemplate - Accept=[application/json, application/*+json]
2025-09-24 15:49:15 [DiscoveryClient-CacheRefreshExecutor-%d] DEBUG o.s.web.client.RestTemplate - Response 200 OK
2025-09-24 15:49:15 [DiscoveryClient-CacheRefreshExecutor-%d] DEBUG o.s.web.client.RestTemplate - Reading to [org.springframework.cloud.netflix.eureka.http.EurekaApplications]
2025-09-24 15:49:45 [DiscoveryClient-CacheRefreshExecutor-%d] DEBUG o.s.web.client.RestTemplate - HTTP GET http://localhost:8761/eureka/apps/delta
2025-09-24 15:49:45 [DiscoveryClient-CacheRefreshExecutor-%d] DEBUG o.s.web.client.RestTemplate - Accept=[application/json, application/*+json]
2025-09-24 15:49:45 [DiscoveryClient-HeartbeatExecutor-%d] DEBUG o.s.web.client.RestTemplate - HTTP PUT http://localhost:8761/eureka/apps/BOOKING-SERVICE/GT0126:booking-service:9004?status=UP&lastDirtyTimestamp=1758708645140
2025-09-24 15:49:45 [DiscoveryClient-HeartbeatExecutor-%d] DEBUG o.s.web.client.RestTemplate - Accept=[application/json, application/*+json]
2025-09-24 15:49:45 [DiscoveryClient-HeartbeatExecutor-%d] DEBUG o.s.web.client.RestTemplate - Response 200 OK
2025-09-24 15:49:45 [DiscoveryClient-CacheRefreshExecutor-%d] DEBUG o.s.web.client.RestTemplate - Response 200 OK
2025-09-24 15:49:45 [DiscoveryClient-CacheRefreshExecutor-%d] DEBUG o.s.web.client.RestTemplate - Reading to [org.springframework.cloud.netflix.eureka.http.EurekaApplications]
2025-09-24 15:50:15 [DiscoveryClient-CacheRefreshExecutor-%d] DEBUG o.s.web.client.RestTemplate - HTTP GET http://localhost:8761/eureka/apps/delta
2025-09-24 15:50:15 [DiscoveryClient-HeartbeatExecutor-%d] DEBUG o.s.web.client.RestTemplate - HTTP PUT http://localhost:8761/eureka/apps/BOOKING-SERVICE/GT0126:booking-service:9004?status=UP&lastDirtyTimestamp=1758708645140
2025-09-24 15:50:15 [DiscoveryClient-CacheRefreshExecutor-%d] DEBUG o.s.web.client.RestTemplate - Accept=[application/json, application/*+json]
2025-09-24 15:50:15 [DiscoveryClient-HeartbeatExecutor-%d] DEBUG o.s.web.client.RestTemplate - Accept=[application/json, application/*+json]
2025-09-24 15:50:15 [DiscoveryClient-HeartbeatExecutor-%d] DEBUG o.s.web.client.RestTemplate - Response 200 OK
2025-09-24 15:50:15 [DiscoveryClient-CacheRefreshExecutor-%d] DEBUG o.s.web.client.RestTemplate - Response 200 OK
2025-09-24 15:50:15 [DiscoveryClient-CacheRefreshExecutor-%d] DEBUG o.s.web.client.RestTemplate - Reading to [org.springframework.cloud.netflix.eureka.http.EurekaApplications]
2025-09-24 15:50:44 [AsyncResolver-bootstrap-executor-%d] INFO  c.n.d.s.r.aws.ConfigClusterResolver - Resolving eureka endpoints via configuration
2025-09-24 15:50:45 [DiscoveryClient-HeartbeatExecutor-%d] DEBUG o.s.web.client.RestTemplate - HTTP PUT http://localhost:8761/eureka/apps/BOOKING-SERVICE/GT0126:booking-service:9004?status=UP&lastDirtyTimestamp=1758708645140
2025-09-24 15:50:45 [DiscoveryClient-CacheRefreshExecutor-%d] DEBUG o.s.web.client.RestTemplate - HTTP GET http://localhost:8761/eureka/apps/delta
2025-09-24 15:50:45 [DiscoveryClient-HeartbeatExecutor-%d] DEBUG o.s.web.client.RestTemplate - Accept=[application/json, application/*+json]
2025-09-24 15:50:45 [DiscoveryClient-CacheRefreshExecutor-%d] DEBUG o.s.web.client.RestTemplate - Accept=[application/json, application/*+json]
2025-09-24 15:50:45 [DiscoveryClient-HeartbeatExecutor-%d] DEBUG o.s.web.client.RestTemplate - Response 200 OK
2025-09-24 15:50:45 [DiscoveryClient-CacheRefreshExecutor-%d] DEBUG o.s.web.client.RestTemplate - Response 200 OK
2025-09-24 15:50:45 [DiscoveryClient-CacheRefreshExecutor-%d] DEBUG o.s.web.client.RestTemplate - Reading to [org.springframework.cloud.netflix.eureka.http.EurekaApplications]
2025-09-24 15:51:15 [DiscoveryClient-CacheRefreshExecutor-%d] DEBUG o.s.web.client.RestTemplate - HTTP GET http://localhost:8761/eureka/apps/delta
2025-09-24 15:51:15 [DiscoveryClient-HeartbeatExecutor-%d] DEBUG o.s.web.client.RestTemplate - HTTP PUT http://localhost:8761/eureka/apps/BOOKING-SERVICE/GT0126:booking-service:9004?status=UP&lastDirtyTimestamp=1758708645140
2025-09-24 15:51:15 [DiscoveryClient-HeartbeatExecutor-%d] DEBUG o.s.web.client.RestTemplate - Accept=[application/json, application/*+json]
2025-09-24 15:51:15 [DiscoveryClient-CacheRefreshExecutor-%d] DEBUG o.s.web.client.RestTemplate - Accept=[application/json, application/*+json]
2025-09-24 15:51:15 [DiscoveryClient-CacheRefreshExecutor-%d] DEBUG o.s.web.client.RestTemplate - Response 200 OK
2025-09-24 15:51:15 [DiscoveryClient-HeartbeatExecutor-%d] DEBUG o.s.web.client.RestTemplate - Response 200 OK
2025-09-24 15:51:15 [DiscoveryClient-CacheRefreshExecutor-%d] DEBUG o.s.web.client.RestTemplate - Reading to [org.springframework.cloud.netflix.eureka.http.EurekaApplications]
2025-09-24 15:51:45 [DiscoveryClient-CacheRefreshExecutor-%d] DEBUG o.s.web.client.RestTemplate - HTTP GET http://localhost:8761/eureka/apps/delta
2025-09-24 15:51:45 [DiscoveryClient-CacheRefreshExecutor-%d] DEBUG o.s.web.client.RestTemplate - Accept=[application/json, application/*+json]
2025-09-24 15:51:45 [DiscoveryClient-HeartbeatExecutor-%d] DEBUG o.s.web.client.RestTemplate - HTTP PUT http://localhost:8761/eureka/apps/BOOKING-SERVICE/GT0126:booking-service:9004?status=UP&lastDirtyTimestamp=1758708645140
2025-09-24 15:51:45 [DiscoveryClient-HeartbeatExecutor-%d] DEBUG o.s.web.client.RestTemplate - Accept=[application/json, application/*+json]
2025-09-24 15:51:45 [DiscoveryClient-CacheRefreshExecutor-%d] DEBUG o.s.web.client.RestTemplate - Response 200 OK
2025-09-24 15:51:45 [DiscoveryClient-HeartbeatExecutor-%d] DEBUG o.s.web.client.RestTemplate - Response 200 OK
2025-09-24 15:51:45 [DiscoveryClient-CacheRefreshExecutor-%d] DEBUG o.s.web.client.RestTemplate - Reading to [org.springframework.cloud.netflix.eureka.http.EurekaApplications]
2025-09-24 15:52:15 [DiscoveryClient-CacheRefreshExecutor-%d] DEBUG o.s.web.client.RestTemplate - HTTP GET http://localhost:8761/eureka/apps/delta
2025-09-24 15:52:15 [DiscoveryClient-HeartbeatExecutor-%d] DEBUG o.s.web.client.RestTemplate - HTTP PUT http://localhost:8761/eureka/apps/BOOKING-SERVICE/GT0126:booking-service:9004?status=UP&lastDirtyTimestamp=1758708645140
2025-09-24 15:52:15 [DiscoveryClient-HeartbeatExecutor-%d] DEBUG o.s.web.client.RestTemplate - Accept=[application/json, application/*+json]
2025-09-24 15:52:15 [DiscoveryClient-CacheRefreshExecutor-%d] DEBUG o.s.web.client.RestTemplate - Accept=[application/json, application/*+json]
2025-09-24 15:52:15 [DiscoveryClient-HeartbeatExecutor-%d] DEBUG o.s.web.client.RestTemplate - Response 200 OK
2025-09-24 15:52:15 [DiscoveryClient-CacheRefreshExecutor-%d] DEBUG o.s.web.client.RestTemplate - Response 200 OK
2025-09-24 15:52:15 [DiscoveryClient-CacheRefreshExecutor-%d] DEBUG o.s.web.client.RestTemplate - Reading to [org.springframework.cloud.netflix.eureka.http.EurekaApplications]
2025-09-24 15:52:45 [DiscoveryClient-HeartbeatExecutor-%d] DEBUG o.s.web.client.RestTemplate - HTTP PUT http://localhost:8761/eureka/apps/BOOKING-SERVICE/GT0126:booking-service:9004?status=UP&lastDirtyTimestamp=1758708645140
2025-09-24 15:52:45 [DiscoveryClient-CacheRefreshExecutor-%d] DEBUG o.s.web.client.RestTemplate - HTTP GET http://localhost:8761/eureka/apps/delta
2025-09-24 15:52:45 [DiscoveryClient-CacheRefreshExecutor-%d] DEBUG o.s.web.client.RestTemplate - Accept=[application/json, application/*+json]
2025-09-24 15:52:45 [DiscoveryClient-HeartbeatExecutor-%d] DEBUG o.s.web.client.RestTemplate - Accept=[application/json, application/*+json]
2025-09-24 15:52:45 [DiscoveryClient-CacheRefreshExecutor-%d] DEBUG o.s.web.client.RestTemplate - Response 200 OK
2025-09-24 15:52:45 [DiscoveryClient-HeartbeatExecutor-%d] DEBUG o.s.web.client.RestTemplate - Response 200 OK
2025-09-24 15:52:45 [DiscoveryClient-CacheRefreshExecutor-%d] DEBUG o.s.web.client.RestTemplate - Reading to [org.springframework.cloud.netflix.eureka.http.EurekaApplications]
2025-09-24 15:53:15 [DiscoveryClient-CacheRefreshExecutor-%d] DEBUG o.s.web.client.RestTemplate - HTTP GET http://localhost:8761/eureka/apps/delta
2025-09-24 15:53:15 [DiscoveryClient-HeartbeatExecutor-%d] DEBUG o.s.web.client.RestTemplate - HTTP PUT http://localhost:8761/eureka/apps/BOOKING-SERVICE/GT0126:booking-service:9004?status=UP&lastDirtyTimestamp=1758708645140
2025-09-24 15:53:15 [DiscoveryClient-CacheRefreshExecutor-%d] DEBUG o.s.web.client.RestTemplate - Accept=[application/json, application/*+json]
2025-09-24 15:53:15 [DiscoveryClient-HeartbeatExecutor-%d] DEBUG o.s.web.client.RestTemplate - Accept=[application/json, application/*+json]
2025-09-24 15:53:15 [DiscoveryClient-CacheRefreshExecutor-%d] DEBUG o.s.web.client.RestTemplate - Response 200 OK
2025-09-24 15:53:15 [DiscoveryClient-HeartbeatExecutor-%d] DEBUG o.s.web.client.RestTemplate - Response 200 OK
2025-09-24 15:53:15 [DiscoveryClient-CacheRefreshExecutor-%d] DEBUG o.s.web.client.RestTemplate - Reading to [org.springframework.cloud.netflix.eureka.http.EurekaApplications]
2025-09-24 15:53:45 [DiscoveryClient-HeartbeatExecutor-%d] DEBUG o.s.web.client.RestTemplate - HTTP PUT http://localhost:8761/eureka/apps/BOOKING-SERVICE/GT0126:booking-service:9004?status=UP&lastDirtyTimestamp=1758708645140
2025-09-24 15:53:45 [DiscoveryClient-CacheRefreshExecutor-%d] DEBUG o.s.web.client.RestTemplate - HTTP GET http://localhost:8761/eureka/apps/delta
2025-09-24 15:53:45 [DiscoveryClient-HeartbeatExecutor-%d] DEBUG o.s.web.client.RestTemplate - Accept=[application/json, application/*+json]
2025-09-24 15:53:45 [DiscoveryClient-CacheRefreshExecutor-%d] DEBUG o.s.web.client.RestTemplate - Accept=[application/json, application/*+json]
2025-09-24 15:53:45 [DiscoveryClient-HeartbeatExecutor-%d] DEBUG o.s.web.client.RestTemplate - Response 200 OK
2025-09-24 15:53:45 [DiscoveryClient-CacheRefreshExecutor-%d] DEBUG o.s.web.client.RestTemplate - Response 200 OK
2025-09-24 15:53:45 [DiscoveryClient-CacheRefreshExecutor-%d] DEBUG o.s.web.client.RestTemplate - Reading to [org.springframework.cloud.netflix.eureka.http.EurekaApplications]
2025-09-24 15:54:15 [DiscoveryClient-CacheRefreshExecutor-%d] DEBUG o.s.web.client.RestTemplate - HTTP GET http://localhost:8761/eureka/apps/delta
2025-09-24 15:54:15 [DiscoveryClient-HeartbeatExecutor-%d] DEBUG o.s.web.client.RestTemplate - HTTP PUT http://localhost:8761/eureka/apps/BOOKING-SERVICE/GT0126:booking-service:9004?status=UP&lastDirtyTimestamp=1758708645140
2025-09-24 15:54:15 [DiscoveryClient-HeartbeatExecutor-%d] DEBUG o.s.web.client.RestTemplate - Accept=[application/json, application/*+json]
2025-09-24 15:54:15 [DiscoveryClient-CacheRefreshExecutor-%d] DEBUG o.s.web.client.RestTemplate - Accept=[application/json, application/*+json]
2025-09-24 15:54:15 [DiscoveryClient-HeartbeatExecutor-%d] DEBUG o.s.web.client.RestTemplate - Response 200 OK
2025-09-24 15:54:15 [DiscoveryClient-CacheRefreshExecutor-%d] DEBUG o.s.web.client.RestTemplate - Response 200 OK
2025-09-24 15:54:15 [DiscoveryClient-CacheRefreshExecutor-%d] DEBUG o.s.web.client.RestTemplate - Reading to [org.springframework.cloud.netflix.eureka.http.EurekaApplications]
2025-09-24 15:54:45 [DiscoveryClient-HeartbeatExecutor-%d] DEBUG o.s.web.client.RestTemplate - HTTP PUT http://localhost:8761/eureka/apps/BOOKING-SERVICE/GT0126:booking-service:9004?status=UP&lastDirtyTimestamp=1758708645140
2025-09-24 15:54:45 [DiscoveryClient-CacheRefreshExecutor-%d] DEBUG o.s.web.client.RestTemplate - HTTP GET http://localhost:8761/eureka/apps/delta
2025-09-24 15:54:45 [DiscoveryClient-HeartbeatExecutor-%d] DEBUG o.s.web.client.RestTemplate - Accept=[application/json, application/*+json]
2025-09-24 15:54:45 [DiscoveryClient-CacheRefreshExecutor-%d] DEBUG o.s.web.client.RestTemplate - Accept=[application/json, application/*+json]
2025-09-24 15:54:46 [DiscoveryClient-HeartbeatExecutor-%d] DEBUG o.s.web.client.RestTemplate - Response 200 OK
2025-09-24 15:54:46 [DiscoveryClient-CacheRefreshExecutor-%d] DEBUG o.s.web.client.RestTemplate - Response 200 OK
2025-09-24 15:54:46 [DiscoveryClient-CacheRefreshExecutor-%d] DEBUG o.s.web.client.RestTemplate - Reading to [org.springframework.cloud.netflix.eureka.http.EurekaApplications]
2025-09-24 15:55:16 [DiscoveryClient-CacheRefreshExecutor-%d] DEBUG o.s.web.client.RestTemplate - HTTP GET http://localhost:8761/eureka/apps/delta
2025-09-24 15:55:16 [DiscoveryClient-HeartbeatExecutor-%d] DEBUG o.s.web.client.RestTemplate - HTTP PUT http://localhost:8761/eureka/apps/BOOKING-SERVICE/GT0126:booking-service:9004?status=UP&lastDirtyTimestamp=1758708645140
2025-09-24 15:55:16 [DiscoveryClient-CacheRefreshExecutor-%d] DEBUG o.s.web.client.RestTemplate - Accept=[application/json, application/*+json]
2025-09-24 15:55:16 [DiscoveryClient-HeartbeatExecutor-%d] DEBUG o.s.web.client.RestTemplate - Accept=[application/json, application/*+json]
2025-09-24 15:55:16 [DiscoveryClient-HeartbeatExecutor-%d] DEBUG o.s.web.client.RestTemplate - Response 200 OK
2025-09-24 15:55:16 [DiscoveryClient-CacheRefreshExecutor-%d] DEBUG o.s.web.client.RestTemplate - Response 200 OK
2025-09-24 15:55:16 [DiscoveryClient-CacheRefreshExecutor-%d] DEBUG o.s.web.client.RestTemplate - Reading to [org.springframework.cloud.netflix.eureka.http.EurekaApplications]
2025-09-24 15:55:44 [AsyncResolver-bootstrap-executor-%d] INFO  c.n.d.s.r.aws.ConfigClusterResolver - Resolving eureka endpoints via configuration
2025-09-24 15:55:46 [DiscoveryClient-HeartbeatExecutor-%d] DEBUG o.s.web.client.RestTemplate - HTTP PUT http://localhost:8761/eureka/apps/BOOKING-SERVICE/GT0126:booking-service:9004?status=UP&lastDirtyTimestamp=1758708645140
2025-09-24 15:55:46 [DiscoveryClient-HeartbeatExecutor-%d] DEBUG o.s.web.client.RestTemplate - Accept=[application/json, application/*+json]
2025-09-24 15:55:46 [DiscoveryClient-HeartbeatExecutor-%d] DEBUG o.s.web.client.RestTemplate - Response 200 OK
2025-09-24 15:55:46 [DiscoveryClient-CacheRefreshExecutor-%d] DEBUG o.s.web.client.RestTemplate - HTTP GET http://localhost:8761/eureka/apps/delta
2025-09-24 15:55:46 [DiscoveryClient-CacheRefreshExecutor-%d] DEBUG o.s.web.client.RestTemplate - Accept=[application/json, application/*+json]
2025-09-24 15:55:46 [DiscoveryClient-CacheRefreshExecutor-%d] DEBUG o.s.web.client.RestTemplate - Response 200 OK
2025-09-24 15:55:46 [DiscoveryClient-CacheRefreshExecutor-%d] DEBUG o.s.web.client.RestTemplate - Reading to [org.springframework.cloud.netflix.eureka.http.EurekaApplications]
2025-09-24 15:56:16 [DiscoveryClient-HeartbeatExecutor-%d] DEBUG o.s.web.client.RestTemplate - HTTP PUT http://localhost:8761/eureka/apps/BOOKING-SERVICE/GT0126:booking-service:9004?status=UP&lastDirtyTimestamp=1758708645140
2025-09-24 15:56:16 [DiscoveryClient-HeartbeatExecutor-%d] DEBUG o.s.web.client.RestTemplate - Accept=[application/json, application/*+json]
2025-09-24 15:56:16 [DiscoveryClient-HeartbeatExecutor-%d] DEBUG o.s.web.client.RestTemplate - Response 200 OK
2025-09-24 15:56:16 [DiscoveryClient-CacheRefreshExecutor-%d] DEBUG o.s.web.client.RestTemplate - HTTP GET http://localhost:8761/eureka/apps/delta
2025-09-24 15:56:16 [DiscoveryClient-CacheRefreshExecutor-%d] DEBUG o.s.web.client.RestTemplate - Accept=[application/json, application/*+json]
2025-09-24 15:56:16 [DiscoveryClient-CacheRefreshExecutor-%d] DEBUG o.s.web.client.RestTemplate - Response 200 OK
2025-09-24 15:56:16 [DiscoveryClient-CacheRefreshExecutor-%d] DEBUG o.s.web.client.RestTemplate - Reading to [org.springframework.cloud.netflix.eureka.http.EurekaApplications]
2025-09-24 15:56:46 [DiscoveryClient-HeartbeatExecutor-%d] DEBUG o.s.web.client.RestTemplate - HTTP PUT http://localhost:8761/eureka/apps/BOOKING-SERVICE/GT0126:booking-service:9004?status=UP&lastDirtyTimestamp=1758708645140
2025-09-24 15:56:46 [DiscoveryClient-HeartbeatExecutor-%d] DEBUG o.s.web.client.RestTemplate - Accept=[application/json, application/*+json]
2025-09-24 15:56:46 [DiscoveryClient-HeartbeatExecutor-%d] DEBUG o.s.web.client.RestTemplate - Response 200 OK
2025-09-24 15:56:46 [DiscoveryClient-CacheRefreshExecutor-%d] DEBUG o.s.web.client.RestTemplate - HTTP GET http://localhost:8761/eureka/apps/delta
2025-09-24 15:56:46 [DiscoveryClient-CacheRefreshExecutor-%d] DEBUG o.s.web.client.RestTemplate - Accept=[application/json, application/*+json]
2025-09-24 15:56:46 [DiscoveryClient-CacheRefreshExecutor-%d] DEBUG o.s.web.client.RestTemplate - Response 200 OK
2025-09-24 15:56:46 [DiscoveryClient-CacheRefreshExecutor-%d] DEBUG o.s.web.client.RestTemplate - Reading to [org.springframework.cloud.netflix.eureka.http.EurekaApplications]
2025-09-24 15:57:16 [DiscoveryClient-HeartbeatExecutor-%d] DEBUG o.s.web.client.RestTemplate - HTTP PUT http://localhost:8761/eureka/apps/BOOKING-SERVICE/GT0126:booking-service:9004?status=UP&lastDirtyTimestamp=1758708645140
2025-09-24 15:57:16 [DiscoveryClient-HeartbeatExecutor-%d] DEBUG o.s.web.client.RestTemplate - Accept=[application/json, application/*+json]
2025-09-24 15:57:16 [DiscoveryClient-HeartbeatExecutor-%d] DEBUG o.s.web.client.RestTemplate - Response 200 OK
2025-09-24 15:57:16 [DiscoveryClient-CacheRefreshExecutor-%d] DEBUG o.s.web.client.RestTemplate - HTTP GET http://localhost:8761/eureka/apps/delta
2025-09-24 15:57:16 [DiscoveryClient-CacheRefreshExecutor-%d] DEBUG o.s.web.client.RestTemplate - Accept=[application/json, application/*+json]
2025-09-24 15:57:16 [DiscoveryClient-CacheRefreshExecutor-%d] DEBUG o.s.web.client.RestTemplate - Response 200 OK
2025-09-24 15:57:16 [DiscoveryClient-CacheRefreshExecutor-%d] DEBUG o.s.web.client.RestTemplate - Reading to [org.springframework.cloud.netflix.eureka.http.EurekaApplications]
2025-09-24 15:57:46 [DiscoveryClient-HeartbeatExecutor-%d] DEBUG o.s.web.client.RestTemplate - HTTP PUT http://localhost:8761/eureka/apps/BOOKING-SERVICE/GT0126:booking-service:9004?status=UP&lastDirtyTimestamp=1758708645140
2025-09-24 15:57:46 [DiscoveryClient-HeartbeatExecutor-%d] DEBUG o.s.web.client.RestTemplate - Accept=[application/json, application/*+json]
2025-09-24 15:57:46 [DiscoveryClient-HeartbeatExecutor-%d] DEBUG o.s.web.client.RestTemplate - Response 200 OK
2025-09-24 15:57:46 [DiscoveryClient-CacheRefreshExecutor-%d] DEBUG o.s.web.client.RestTemplate - HTTP GET http://localhost:8761/eureka/apps/delta
2025-09-24 15:57:46 [DiscoveryClient-CacheRefreshExecutor-%d] DEBUG o.s.web.client.RestTemplate - Accept=[application/json, application/*+json]
2025-09-24 15:57:46 [DiscoveryClient-CacheRefreshExecutor-%d] DEBUG o.s.web.client.RestTemplate - Response 200 OK
2025-09-24 15:57:46 [DiscoveryClient-CacheRefreshExecutor-%d] DEBUG o.s.web.client.RestTemplate - Reading to [org.springframework.cloud.netflix.eureka.http.EurekaApplications]
2025-09-24 15:58:16 [DiscoveryClient-HeartbeatExecutor-%d] DEBUG o.s.web.client.RestTemplate - HTTP PUT http://localhost:8761/eureka/apps/BOOKING-SERVICE/GT0126:booking-service:9004?status=UP&lastDirtyTimestamp=1758708645140
2025-09-24 15:58:16 [DiscoveryClient-HeartbeatExecutor-%d] DEBUG o.s.web.client.RestTemplate - Accept=[application/json, application/*+json]
2025-09-24 15:58:16 [DiscoveryClient-HeartbeatExecutor-%d] DEBUG o.s.web.client.RestTemplate - Response 200 OK
2025-09-24 15:58:16 [DiscoveryClient-CacheRefreshExecutor-%d] DEBUG o.s.web.client.RestTemplate - HTTP GET http://localhost:8761/eureka/apps/delta
2025-09-24 15:58:16 [DiscoveryClient-CacheRefreshExecutor-%d] DEBUG o.s.web.client.RestTemplate - Accept=[application/json, application/*+json]
2025-09-24 15:58:16 [DiscoveryClient-CacheRefreshExecutor-%d] DEBUG o.s.web.client.RestTemplate - Response 200 OK
2025-09-24 15:58:16 [DiscoveryClient-CacheRefreshExecutor-%d] DEBUG o.s.web.client.RestTemplate - Reading to [org.springframework.cloud.netflix.eureka.http.EurekaApplications]
2025-09-24 15:58:46 [DiscoveryClient-HeartbeatExecutor-%d] DEBUG o.s.web.client.RestTemplate - HTTP PUT http://localhost:8761/eureka/apps/BOOKING-SERVICE/GT0126:booking-service:9004?status=UP&lastDirtyTimestamp=1758708645140
2025-09-24 15:58:46 [DiscoveryClient-HeartbeatExecutor-%d] DEBUG o.s.web.client.RestTemplate - Accept=[application/json, application/*+json]
2025-09-24 15:58:46 [DiscoveryClient-HeartbeatExecutor-%d] DEBUG o.s.web.client.RestTemplate - Response 200 OK
2025-09-24 15:58:46 [DiscoveryClient-CacheRefreshExecutor-%d] DEBUG o.s.web.client.RestTemplate - HTTP GET http://localhost:8761/eureka/apps/delta
2025-09-24 15:58:46 [DiscoveryClient-CacheRefreshExecutor-%d] DEBUG o.s.web.client.RestTemplate - Accept=[application/json, application/*+json]
2025-09-24 15:58:46 [DiscoveryClient-CacheRefreshExecutor-%d] DEBUG o.s.web.client.RestTemplate - Response 200 OK
2025-09-24 15:58:46 [DiscoveryClient-CacheRefreshExecutor-%d] DEBUG o.s.web.client.RestTemplate - Reading to [org.springframework.cloud.netflix.eureka.http.EurekaApplications]
2025-09-24 15:59:16 [DiscoveryClient-HeartbeatExecutor-%d] DEBUG o.s.web.client.RestTemplate - HTTP PUT http://localhost:8761/eureka/apps/BOOKING-SERVICE/GT0126:booking-service:9004?status=UP&lastDirtyTimestamp=1758708645140
2025-09-24 15:59:16 [DiscoveryClient-HeartbeatExecutor-%d] DEBUG o.s.web.client.RestTemplate - Accept=[application/json, application/*+json]
2025-09-24 15:59:16 [DiscoveryClient-HeartbeatExecutor-%d] DEBUG o.s.web.client.RestTemplate - Response 200 OK
2025-09-24 15:59:16 [DiscoveryClient-CacheRefreshExecutor-%d] DEBUG o.s.web.client.RestTemplate - HTTP GET http://localhost:8761/eureka/apps/delta
2025-09-24 15:59:16 [DiscoveryClient-CacheRefreshExecutor-%d] DEBUG o.s.web.client.RestTemplate - Accept=[application/json, application/*+json]
2025-09-24 15:59:16 [DiscoveryClient-CacheRefreshExecutor-%d] DEBUG o.s.web.client.RestTemplate - Response 200 OK
2025-09-24 15:59:16 [DiscoveryClient-CacheRefreshExecutor-%d] DEBUG o.s.web.client.RestTemplate - Reading to [org.springframework.cloud.netflix.eureka.http.EurekaApplications]
2025-09-24 15:59:46 [DiscoveryClient-HeartbeatExecutor-%d] DEBUG o.s.web.client.RestTemplate - HTTP PUT http://localhost:8761/eureka/apps/BOOKING-SERVICE/GT0126:booking-service:9004?status=UP&lastDirtyTimestamp=1758708645140
2025-09-24 15:59:46 [DiscoveryClient-HeartbeatExecutor-%d] DEBUG o.s.web.client.RestTemplate - Accept=[application/json, application/*+json]
2025-09-24 15:59:46 [DiscoveryClient-HeartbeatExecutor-%d] DEBUG o.s.web.client.RestTemplate - Response 200 OK
2025-09-24 15:59:46 [DiscoveryClient-CacheRefreshExecutor-%d] DEBUG o.s.web.client.RestTemplate - HTTP GET http://localhost:8761/eureka/apps/delta
2025-09-24 15:59:46 [DiscoveryClient-CacheRefreshExecutor-%d] DEBUG o.s.web.client.RestTemplate - Accept=[application/json, application/*+json]
2025-09-24 15:59:46 [DiscoveryClient-CacheRefreshExecutor-%d] DEBUG o.s.web.client.RestTemplate - Response 200 OK
2025-09-24 15:59:46 [DiscoveryClient-CacheRefreshExecutor-%d] DEBUG o.s.web.client.RestTemplate - Reading to [org.springframework.cloud.netflix.eureka.http.EurekaApplications]
2025-09-24 16:00:16 [DiscoveryClient-HeartbeatExecutor-%d] DEBUG o.s.web.client.RestTemplate - HTTP PUT http://localhost:8761/eureka/apps/BOOKING-SERVICE/GT0126:booking-service:9004?status=UP&lastDirtyTimestamp=1758708645140
2025-09-24 16:00:16 [DiscoveryClient-HeartbeatExecutor-%d] DEBUG o.s.web.client.RestTemplate - Accept=[application/json, application/*+json]
2025-09-24 16:00:16 [DiscoveryClient-HeartbeatExecutor-%d] DEBUG o.s.web.client.RestTemplate - Response 200 OK
2025-09-24 16:00:16 [DiscoveryClient-CacheRefreshExecutor-%d] DEBUG o.s.web.client.RestTemplate - HTTP GET http://localhost:8761/eureka/apps/delta
2025-09-24 16:00:16 [DiscoveryClient-CacheRefreshExecutor-%d] DEBUG o.s.web.client.RestTemplate - Accept=[application/json, application/*+json]
2025-09-24 16:00:16 [DiscoveryClient-CacheRefreshExecutor-%d] DEBUG o.s.web.client.RestTemplate - Response 200 OK
2025-09-24 16:00:16 [DiscoveryClient-CacheRefreshExecutor-%d] DEBUG o.s.web.client.RestTemplate - Reading to [org.springframework.cloud.netflix.eureka.http.EurekaApplications]
2025-09-24 16:00:44 [AsyncResolver-bootstrap-executor-%d] INFO  c.n.d.s.r.aws.ConfigClusterResolver - Resolving eureka endpoints via configuration
2025-09-24 16:00:46 [DiscoveryClient-HeartbeatExecutor-%d] DEBUG o.s.web.client.RestTemplate - HTTP PUT http://localhost:8761/eureka/apps/BOOKING-SERVICE/GT0126:booking-service:9004?status=UP&lastDirtyTimestamp=1758708645140
2025-09-24 16:00:46 [DiscoveryClient-HeartbeatExecutor-%d] DEBUG o.s.web.client.RestTemplate - Accept=[application/json, application/*+json]
2025-09-24 16:00:46 [DiscoveryClient-HeartbeatExecutor-%d] DEBUG o.s.web.client.RestTemplate - Response 200 OK
2025-09-24 16:00:46 [DiscoveryClient-CacheRefreshExecutor-%d] DEBUG o.s.web.client.RestTemplate - HTTP GET http://localhost:8761/eureka/apps/delta
2025-09-24 16:00:46 [DiscoveryClient-CacheRefreshExecutor-%d] DEBUG o.s.web.client.RestTemplate - Accept=[application/json, application/*+json]
2025-09-24 16:00:46 [DiscoveryClient-CacheRefreshExecutor-%d] DEBUG o.s.web.client.RestTemplate - Response 200 OK
2025-09-24 16:00:46 [DiscoveryClient-CacheRefreshExecutor-%d] DEBUG o.s.web.client.RestTemplate - Reading to [org.springframework.cloud.netflix.eureka.http.EurekaApplications]
2025-09-24 16:01:16 [DiscoveryClient-HeartbeatExecutor-%d] DEBUG o.s.web.client.RestTemplate - HTTP PUT http://localhost:8761/eureka/apps/BOOKING-SERVICE/GT0126:booking-service:9004?status=UP&lastDirtyTimestamp=1758708645140
2025-09-24 16:01:16 [DiscoveryClient-HeartbeatExecutor-%d] DEBUG o.s.web.client.RestTemplate - Accept=[application/json, application/*+json]
2025-09-24 16:01:16 [DiscoveryClient-HeartbeatExecutor-%d] DEBUG o.s.web.client.RestTemplate - Response 200 OK
2025-09-24 16:01:16 [DiscoveryClient-CacheRefreshExecutor-%d] DEBUG o.s.web.client.RestTemplate - HTTP GET http://localhost:8761/eureka/apps/delta
2025-09-24 16:01:16 [DiscoveryClient-CacheRefreshExecutor-%d] DEBUG o.s.web.client.RestTemplate - Accept=[application/json, application/*+json]
2025-09-24 16:01:16 [DiscoveryClient-CacheRefreshExecutor-%d] DEBUG o.s.web.client.RestTemplate - Response 200 OK
2025-09-24 16:01:16 [DiscoveryClient-CacheRefreshExecutor-%d] DEBUG o.s.web.client.RestTemplate - Reading to [org.springframework.cloud.netflix.eureka.http.EurekaApplications]
2025-09-24 16:01:46 [DiscoveryClient-HeartbeatExecutor-%d] DEBUG o.s.web.client.RestTemplate - HTTP PUT http://localhost:8761/eureka/apps/BOOKING-SERVICE/GT0126:booking-service:9004?status=UP&lastDirtyTimestamp=1758708645140
2025-09-24 16:01:46 [DiscoveryClient-HeartbeatExecutor-%d] DEBUG o.s.web.client.RestTemplate - Accept=[application/json, application/*+json]
2025-09-24 16:01:46 [DiscoveryClient-HeartbeatExecutor-%d] DEBUG o.s.web.client.RestTemplate - Response 200 OK
2025-09-24 16:01:46 [DiscoveryClient-CacheRefreshExecutor-%d] DEBUG o.s.web.client.RestTemplate - HTTP GET http://localhost:8761/eureka/apps/delta
2025-09-24 16:01:46 [DiscoveryClient-CacheRefreshExecutor-%d] DEBUG o.s.web.client.RestTemplate - Accept=[application/json, application/*+json]
2025-09-24 16:01:46 [DiscoveryClient-CacheRefreshExecutor-%d] DEBUG o.s.web.client.RestTemplate - Response 200 OK
2025-09-24 16:01:46 [DiscoveryClient-CacheRefreshExecutor-%d] DEBUG o.s.web.client.RestTemplate - Reading to [org.springframework.cloud.netflix.eureka.http.EurekaApplications]
2025-09-24 16:02:16 [DiscoveryClient-HeartbeatExecutor-%d] DEBUG o.s.web.client.RestTemplate - HTTP PUT http://localhost:8761/eureka/apps/BOOKING-SERVICE/GT0126:booking-service:9004?status=UP&lastDirtyTimestamp=1758708645140
2025-09-24 16:02:16 [DiscoveryClient-HeartbeatExecutor-%d] DEBUG o.s.web.client.RestTemplate - Accept=[application/json, application/*+json]
2025-09-24 16:02:16 [DiscoveryClient-HeartbeatExecutor-%d] DEBUG o.s.web.client.RestTemplate - Response 200 OK
2025-09-24 16:02:16 [DiscoveryClient-CacheRefreshExecutor-%d] DEBUG o.s.web.client.RestTemplate - HTTP GET http://localhost:8761/eureka/apps/delta
2025-09-24 16:02:16 [DiscoveryClient-CacheRefreshExecutor-%d] DEBUG o.s.web.client.RestTemplate - Accept=[application/json, application/*+json]
2025-09-24 16:02:17 [DiscoveryClient-CacheRefreshExecutor-%d] DEBUG o.s.web.client.RestTemplate - Response 200 OK
2025-09-24 16:02:17 [DiscoveryClient-CacheRefreshExecutor-%d] DEBUG o.s.web.client.RestTemplate - Reading to [org.springframework.cloud.netflix.eureka.http.EurekaApplications]
2025-09-24 16:02:46 [DiscoveryClient-HeartbeatExecutor-%d] DEBUG o.s.web.client.RestTemplate - HTTP PUT http://localhost:8761/eureka/apps/BOOKING-SERVICE/GT0126:booking-service:9004?status=UP&lastDirtyTimestamp=1758708645140
2025-09-24 16:02:46 [DiscoveryClient-HeartbeatExecutor-%d] DEBUG o.s.web.client.RestTemplate - Accept=[application/json, application/*+json]
2025-09-24 16:02:46 [DiscoveryClient-HeartbeatExecutor-%d] DEBUG o.s.web.client.RestTemplate - Response 200 OK
2025-09-24 16:02:47 [DiscoveryClient-CacheRefreshExecutor-%d] DEBUG o.s.web.client.RestTemplate - HTTP GET http://localhost:8761/eureka/apps/delta
2025-09-24 16:02:47 [DiscoveryClient-CacheRefreshExecutor-%d] DEBUG o.s.web.client.RestTemplate - Accept=[application/json, application/*+json]
2025-09-24 16:02:47 [DiscoveryClient-CacheRefreshExecutor-%d] DEBUG o.s.web.client.RestTemplate - Response 200 OK
2025-09-24 16:02:47 [DiscoveryClient-CacheRefreshExecutor-%d] DEBUG o.s.web.client.RestTemplate - Reading to [org.springframework.cloud.netflix.eureka.http.EurekaApplications]
2025-09-24 16:03:16 [DiscoveryClient-HeartbeatExecutor-%d] DEBUG o.s.web.client.RestTemplate - HTTP PUT http://localhost:8761/eureka/apps/BOOKING-SERVICE/GT0126:booking-service:9004?status=UP&lastDirtyTimestamp=1758708645140
2025-09-24 16:03:16 [DiscoveryClient-HeartbeatExecutor-%d] DEBUG o.s.web.client.RestTemplate - Accept=[application/json, application/*+json]
2025-09-24 16:03:16 [DiscoveryClient-HeartbeatExecutor-%d] DEBUG o.s.web.client.RestTemplate - Response 200 OK
2025-09-24 16:03:17 [DiscoveryClient-CacheRefreshExecutor-%d] DEBUG o.s.web.client.RestTemplate - HTTP GET http://localhost:8761/eureka/apps/delta
2025-09-24 16:03:17 [DiscoveryClient-CacheRefreshExecutor-%d] DEBUG o.s.web.client.RestTemplate - Accept=[application/json, application/*+json]
2025-09-24 16:03:17 [DiscoveryClient-CacheRefreshExecutor-%d] DEBUG o.s.web.client.RestTemplate - Response 200 OK
2025-09-24 16:03:17 [DiscoveryClient-CacheRefreshExecutor-%d] DEBUG o.s.web.client.RestTemplate - Reading to [org.springframework.cloud.netflix.eureka.http.EurekaApplications]
2025-09-24 16:03:46 [DiscoveryClient-HeartbeatExecutor-%d] DEBUG o.s.web.client.RestTemplate - HTTP PUT http://localhost:8761/eureka/apps/BOOKING-SERVICE/GT0126:booking-service:9004?status=UP&lastDirtyTimestamp=1758708645140
2025-09-24 16:03:46 [DiscoveryClient-HeartbeatExecutor-%d] DEBUG o.s.web.client.RestTemplate - Accept=[application/json, application/*+json]
2025-09-24 16:03:46 [DiscoveryClient-HeartbeatExecutor-%d] DEBUG o.s.web.client.RestTemplate - Response 200 OK
2025-09-24 16:03:47 [DiscoveryClient-CacheRefreshExecutor-%d] DEBUG o.s.web.client.RestTemplate - HTTP GET http://localhost:8761/eureka/apps/delta
2025-09-24 16:03:47 [DiscoveryClient-CacheRefreshExecutor-%d] DEBUG o.s.web.client.RestTemplate - Accept=[application/json, application/*+json]
2025-09-24 16:03:47 [DiscoveryClient-CacheRefreshExecutor-%d] DEBUG o.s.web.client.RestTemplate - Response 200 OK
2025-09-24 16:03:47 [DiscoveryClient-CacheRefreshExecutor-%d] DEBUG o.s.web.client.RestTemplate - Reading to [org.springframework.cloud.netflix.eureka.http.EurekaApplications]
2025-09-24 16:04:16 [DiscoveryClient-HeartbeatExecutor-%d] DEBUG o.s.web.client.RestTemplate - HTTP PUT http://localhost:8761/eureka/apps/BOOKING-SERVICE/GT0126:booking-service:9004?status=UP&lastDirtyTimestamp=1758708645140
2025-09-24 16:04:16 [DiscoveryClient-HeartbeatExecutor-%d] DEBUG o.s.web.client.RestTemplate - Accept=[application/json, application/*+json]
2025-09-24 16:04:16 [DiscoveryClient-HeartbeatExecutor-%d] DEBUG o.s.web.client.RestTemplate - Response 200 OK
2025-09-24 16:04:17 [DiscoveryClient-CacheRefreshExecutor-%d] DEBUG o.s.web.client.RestTemplate - HTTP GET http://localhost:8761/eureka/apps/delta
2025-09-24 16:04:17 [DiscoveryClient-CacheRefreshExecutor-%d] DEBUG o.s.web.client.RestTemplate - Accept=[application/json, application/*+json]
2025-09-24 16:04:17 [DiscoveryClient-CacheRefreshExecutor-%d] DEBUG o.s.web.client.RestTemplate - Response 200 OK
2025-09-24 16:04:17 [DiscoveryClient-CacheRefreshExecutor-%d] DEBUG o.s.web.client.RestTemplate - Reading to [org.springframework.cloud.netflix.eureka.http.EurekaApplications]
2025-09-24 16:04:46 [DiscoveryClient-HeartbeatExecutor-%d] DEBUG o.s.web.client.RestTemplate - HTTP PUT http://localhost:8761/eureka/apps/BOOKING-SERVICE/GT0126:booking-service:9004?status=UP&lastDirtyTimestamp=1758708645140
2025-09-24 16:04:46 [DiscoveryClient-HeartbeatExecutor-%d] DEBUG o.s.web.client.RestTemplate - Accept=[application/json, application/*+json]
2025-09-24 16:04:46 [DiscoveryClient-HeartbeatExecutor-%d] DEBUG o.s.web.client.RestTemplate - Response 200 OK
2025-09-24 16:04:47 [DiscoveryClient-CacheRefreshExecutor-%d] DEBUG o.s.web.client.RestTemplate - HTTP GET http://localhost:8761/eureka/apps/delta
2025-09-24 16:04:47 [DiscoveryClient-CacheRefreshExecutor-%d] DEBUG o.s.web.client.RestTemplate - Accept=[application/json, application/*+json]
2025-09-24 16:04:47 [DiscoveryClient-CacheRefreshExecutor-%d] DEBUG o.s.web.client.RestTemplate - Response 200 OK
2025-09-24 16:04:47 [DiscoveryClient-CacheRefreshExecutor-%d] DEBUG o.s.web.client.RestTemplate - Reading to [org.springframework.cloud.netflix.eureka.http.EurekaApplications]
2025-09-24 16:05:16 [DiscoveryClient-HeartbeatExecutor-%d] DEBUG o.s.web.client.RestTemplate - HTTP PUT http://localhost:8761/eureka/apps/BOOKING-SERVICE/GT0126:booking-service:9004?status=UP&lastDirtyTimestamp=1758708645140
2025-09-24 16:05:16 [DiscoveryClient-HeartbeatExecutor-%d] DEBUG o.s.web.client.RestTemplate - Accept=[application/json, application/*+json]
2025-09-24 16:05:16 [DiscoveryClient-HeartbeatExecutor-%d] DEBUG o.s.web.client.RestTemplate - Response 200 OK
2025-09-24 16:05:17 [DiscoveryClient-CacheRefreshExecutor-%d] DEBUG o.s.web.client.RestTemplate - HTTP GET http://localhost:8761/eureka/apps/delta
2025-09-24 16:05:17 [DiscoveryClient-CacheRefreshExecutor-%d] DEBUG o.s.web.client.RestTemplate - Accept=[application/json, application/*+json]
2025-09-24 16:05:17 [DiscoveryClient-CacheRefreshExecutor-%d] DEBUG o.s.web.client.RestTemplate - Response 200 OK
2025-09-24 16:05:17 [DiscoveryClient-CacheRefreshExecutor-%d] DEBUG o.s.web.client.RestTemplate - Reading to [org.springframework.cloud.netflix.eureka.http.EurekaApplications]
2025-09-24 16:05:44 [AsyncResolver-bootstrap-executor-%d] INFO  c.n.d.s.r.aws.ConfigClusterResolver - Resolving eureka endpoints via configuration
2025-09-24 16:05:46 [DiscoveryClient-HeartbeatExecutor-%d] DEBUG o.s.web.client.RestTemplate - HTTP PUT http://localhost:8761/eureka/apps/BOOKING-SERVICE/GT0126:booking-service:9004?status=UP&lastDirtyTimestamp=1758708645140
2025-09-24 16:05:46 [DiscoveryClient-HeartbeatExecutor-%d] DEBUG o.s.web.client.RestTemplate - Accept=[application/json, application/*+json]
2025-09-24 16:05:46 [DiscoveryClient-HeartbeatExecutor-%d] DEBUG o.s.web.client.RestTemplate - Response 200 OK
2025-09-24 16:05:47 [DiscoveryClient-CacheRefreshExecutor-%d] DEBUG o.s.web.client.RestTemplate - HTTP GET http://localhost:8761/eureka/apps/delta
2025-09-24 16:05:47 [DiscoveryClient-CacheRefreshExecutor-%d] DEBUG o.s.web.client.RestTemplate - Accept=[application/json, application/*+json]
2025-09-24 16:05:47 [DiscoveryClient-CacheRefreshExecutor-%d] DEBUG o.s.web.client.RestTemplate - Response 200 OK
2025-09-24 16:05:47 [DiscoveryClient-CacheRefreshExecutor-%d] DEBUG o.s.web.client.RestTemplate - Reading to [org.springframework.cloud.netflix.eureka.http.EurekaApplications]
2025-09-24 16:06:16 [DiscoveryClient-HeartbeatExecutor-%d] DEBUG o.s.web.client.RestTemplate - HTTP PUT http://localhost:8761/eureka/apps/BOOKING-SERVICE/GT0126:booking-service:9004?status=UP&lastDirtyTimestamp=1758708645140
2025-09-24 16:06:16 [DiscoveryClient-HeartbeatExecutor-%d] DEBUG o.s.web.client.RestTemplate - Accept=[application/json, application/*+json]
2025-09-24 16:06:16 [DiscoveryClient-HeartbeatExecutor-%d] DEBUG o.s.web.client.RestTemplate - Response 200 OK
2025-09-24 16:06:17 [DiscoveryClient-CacheRefreshExecutor-%d] DEBUG o.s.web.client.RestTemplate - HTTP GET http://localhost:8761/eureka/apps/delta
2025-09-24 16:06:17 [DiscoveryClient-CacheRefreshExecutor-%d] DEBUG o.s.web.client.RestTemplate - Accept=[application/json, application/*+json]
2025-09-24 16:06:17 [DiscoveryClient-CacheRefreshExecutor-%d] DEBUG o.s.web.client.RestTemplate - Response 200 OK
2025-09-24 16:06:17 [DiscoveryClient-CacheRefreshExecutor-%d] DEBUG o.s.web.client.RestTemplate - Reading to [org.springframework.cloud.netflix.eureka.http.EurekaApplications]
2025-09-24 16:06:46 [DiscoveryClient-HeartbeatExecutor-%d] DEBUG o.s.web.client.RestTemplate - HTTP PUT http://localhost:8761/eureka/apps/BOOKING-SERVICE/GT0126:booking-service:9004?status=UP&lastDirtyTimestamp=1758708645140
2025-09-24 16:06:46 [DiscoveryClient-HeartbeatExecutor-%d] DEBUG o.s.web.client.RestTemplate - Accept=[application/json, application/*+json]
2025-09-24 16:06:46 [DiscoveryClient-HeartbeatExecutor-%d] DEBUG o.s.web.client.RestTemplate - Response 200 OK
2025-09-24 16:06:47 [DiscoveryClient-CacheRefreshExecutor-%d] DEBUG o.s.web.client.RestTemplate - HTTP GET http://localhost:8761/eureka/apps/delta
2025-09-24 16:06:47 [DiscoveryClient-CacheRefreshExecutor-%d] DEBUG o.s.web.client.RestTemplate - Accept=[application/json, application/*+json]
2025-09-24 16:06:47 [DiscoveryClient-CacheRefreshExecutor-%d] DEBUG o.s.web.client.RestTemplate - Response 200 OK
2025-09-24 16:06:47 [DiscoveryClient-CacheRefreshExecutor-%d] DEBUG o.s.web.client.RestTemplate - Reading to [org.springframework.cloud.netflix.eureka.http.EurekaApplications]
2025-09-24 16:07:16 [DiscoveryClient-HeartbeatExecutor-%d] DEBUG o.s.web.client.RestTemplate - HTTP PUT http://localhost:8761/eureka/apps/BOOKING-SERVICE/GT0126:booking-service:9004?status=UP&lastDirtyTimestamp=1758708645140
2025-09-24 16:07:16 [DiscoveryClient-HeartbeatExecutor-%d] DEBUG o.s.web.client.RestTemplate - Accept=[application/json, application/*+json]
2025-09-24 16:07:16 [DiscoveryClient-HeartbeatExecutor-%d] DEBUG o.s.web.client.RestTemplate - Response 200 OK
2025-09-24 16:07:17 [DiscoveryClient-CacheRefreshExecutor-%d] DEBUG o.s.web.client.RestTemplate - HTTP GET http://localhost:8761/eureka/apps/delta
2025-09-24 16:07:17 [DiscoveryClient-CacheRefreshExecutor-%d] DEBUG o.s.web.client.RestTemplate - Accept=[application/json, application/*+json]
2025-09-24 16:07:17 [DiscoveryClient-CacheRefreshExecutor-%d] DEBUG o.s.web.client.RestTemplate - Response 200 OK
2025-09-24 16:07:17 [DiscoveryClient-CacheRefreshExecutor-%d] DEBUG o.s.web.client.RestTemplate - Reading to [org.springframework.cloud.netflix.eureka.http.EurekaApplications]
2025-09-24 16:07:46 [DiscoveryClient-HeartbeatExecutor-%d] DEBUG o.s.web.client.RestTemplate - HTTP PUT http://localhost:8761/eureka/apps/BOOKING-SERVICE/GT0126:booking-service:9004?status=UP&lastDirtyTimestamp=1758708645140
2025-09-24 16:07:46 [DiscoveryClient-HeartbeatExecutor-%d] DEBUG o.s.web.client.RestTemplate - Accept=[application/json, application/*+json]
2025-09-24 16:07:46 [DiscoveryClient-HeartbeatExecutor-%d] DEBUG o.s.web.client.RestTemplate - Response 200 OK
2025-09-24 16:07:47 [DiscoveryClient-CacheRefreshExecutor-%d] DEBUG o.s.web.client.RestTemplate - HTTP GET http://localhost:8761/eureka/apps/delta
2025-09-24 16:07:47 [DiscoveryClient-CacheRefreshExecutor-%d] DEBUG o.s.web.client.RestTemplate - Accept=[application/json, application/*+json]
2025-09-24 16:07:47 [DiscoveryClient-CacheRefreshExecutor-%d] DEBUG o.s.web.client.RestTemplate - Response 200 OK
2025-09-24 16:07:47 [DiscoveryClient-CacheRefreshExecutor-%d] DEBUG o.s.web.client.RestTemplate - Reading to [org.springframework.cloud.netflix.eureka.http.EurekaApplications]
2025-09-24 16:08:16 [DiscoveryClient-HeartbeatExecutor-%d] DEBUG o.s.web.client.RestTemplate - HTTP PUT http://localhost:8761/eureka/apps/BOOKING-SERVICE/GT0126:booking-service:9004?status=UP&lastDirtyTimestamp=1758708645140
2025-09-24 16:08:16 [DiscoveryClient-HeartbeatExecutor-%d] DEBUG o.s.web.client.RestTemplate - Accept=[application/json, application/*+json]
2025-09-24 16:08:16 [DiscoveryClient-HeartbeatExecutor-%d] DEBUG o.s.web.client.RestTemplate - Response 200 OK
2025-09-24 16:08:17 [DiscoveryClient-CacheRefreshExecutor-%d] DEBUG o.s.web.client.RestTemplate - HTTP GET http://localhost:8761/eureka/apps/delta
2025-09-24 16:08:17 [DiscoveryClient-CacheRefreshExecutor-%d] DEBUG o.s.web.client.RestTemplate - Accept=[application/json, application/*+json]
2025-09-24 16:08:17 [DiscoveryClient-CacheRefreshExecutor-%d] DEBUG o.s.web.client.RestTemplate - Response 200 OK
2025-09-24 16:08:17 [DiscoveryClient-CacheRefreshExecutor-%d] DEBUG o.s.web.client.RestTemplate - Reading to [org.springframework.cloud.netflix.eureka.http.EurekaApplications]
2025-09-24 16:08:46 [DiscoveryClient-HeartbeatExecutor-%d] DEBUG o.s.web.client.RestTemplate - HTTP PUT http://localhost:8761/eureka/apps/BOOKING-SERVICE/GT0126:booking-service:9004?status=UP&lastDirtyTimestamp=1758708645140
2025-09-24 16:08:46 [DiscoveryClient-HeartbeatExecutor-%d] DEBUG o.s.web.client.RestTemplate - Accept=[application/json, application/*+json]
2025-09-24 16:08:46 [DiscoveryClient-HeartbeatExecutor-%d] DEBUG o.s.web.client.RestTemplate - Response 200 OK
2025-09-24 16:08:47 [DiscoveryClient-CacheRefreshExecutor-%d] DEBUG o.s.web.client.RestTemplate - HTTP GET http://localhost:8761/eureka/apps/delta
2025-09-24 16:08:47 [DiscoveryClient-CacheRefreshExecutor-%d] DEBUG o.s.web.client.RestTemplate - Accept=[application/json, application/*+json]
2025-09-24 16:08:47 [DiscoveryClient-CacheRefreshExecutor-%d] DEBUG o.s.web.client.RestTemplate - Response 200 OK
2025-09-24 16:08:47 [DiscoveryClient-CacheRefreshExecutor-%d] DEBUG o.s.web.client.RestTemplate - Reading to [org.springframework.cloud.netflix.eureka.http.EurekaApplications]
2025-09-24 16:09:16 [DiscoveryClient-HeartbeatExecutor-%d] DEBUG o.s.web.client.RestTemplate - HTTP PUT http://localhost:8761/eureka/apps/BOOKING-SERVICE/GT0126:booking-service:9004?status=UP&lastDirtyTimestamp=1758708645140
2025-09-24 16:09:16 [DiscoveryClient-HeartbeatExecutor-%d] DEBUG o.s.web.client.RestTemplate - Accept=[application/json, application/*+json]
2025-09-24 16:09:17 [DiscoveryClient-HeartbeatExecutor-%d] DEBUG o.s.web.client.RestTemplate - Response 200 OK
2025-09-24 16:09:17 [DiscoveryClient-CacheRefreshExecutor-%d] DEBUG o.s.web.client.RestTemplate - HTTP GET http://localhost:8761/eureka/apps/delta
2025-09-24 16:09:17 [DiscoveryClient-CacheRefreshExecutor-%d] DEBUG o.s.web.client.RestTemplate - Accept=[application/json, application/*+json]
2025-09-24 16:09:17 [DiscoveryClient-CacheRefreshExecutor-%d] DEBUG o.s.web.client.RestTemplate - Response 200 OK
2025-09-24 16:09:17 [DiscoveryClient-CacheRefreshExecutor-%d] DEBUG o.s.web.client.RestTemplate - Reading to [org.springframework.cloud.netflix.eureka.http.EurekaApplications]
2025-09-24 16:09:47 [DiscoveryClient-HeartbeatExecutor-%d] DEBUG o.s.web.client.RestTemplate - HTTP PUT http://localhost:8761/eureka/apps/BOOKING-SERVICE/GT0126:booking-service:9004?status=UP&lastDirtyTimestamp=1758708645140
2025-09-24 16:09:47 [DiscoveryClient-HeartbeatExecutor-%d] DEBUG o.s.web.client.RestTemplate - Accept=[application/json, application/*+json]
2025-09-24 16:09:47 [DiscoveryClient-HeartbeatExecutor-%d] DEBUG o.s.web.client.RestTemplate - Response 200 OK
2025-09-24 16:09:47 [DiscoveryClient-CacheRefreshExecutor-%d] DEBUG o.s.web.client.RestTemplate - HTTP GET http://localhost:8761/eureka/apps/delta
2025-09-24 16:09:47 [DiscoveryClient-CacheRefreshExecutor-%d] DEBUG o.s.web.client.RestTemplate - Accept=[application/json, application/*+json]
2025-09-24 16:09:47 [DiscoveryClient-CacheRefreshExecutor-%d] DEBUG o.s.web.client.RestTemplate - Response 200 OK
2025-09-24 16:09:47 [DiscoveryClient-CacheRefreshExecutor-%d] DEBUG o.s.web.client.RestTemplate - Reading to [org.springframework.cloud.netflix.eureka.http.EurekaApplications]
2025-09-24 16:10:17 [DiscoveryClient-HeartbeatExecutor-%d] DEBUG o.s.web.client.RestTemplate - HTTP PUT http://localhost:8761/eureka/apps/BOOKING-SERVICE/GT0126:booking-service:9004?status=UP&lastDirtyTimestamp=1758708645140
2025-09-24 16:10:17 [DiscoveryClient-HeartbeatExecutor-%d] DEBUG o.s.web.client.RestTemplate - Accept=[application/json, application/*+json]
2025-09-24 16:10:17 [DiscoveryClient-HeartbeatExecutor-%d] DEBUG o.s.web.client.RestTemplate - Response 200 OK
2025-09-24 16:10:17 [DiscoveryClient-CacheRefreshExecutor-%d] DEBUG o.s.web.client.RestTemplate - HTTP GET http://localhost:8761/eureka/apps/delta
2025-09-24 16:10:17 [DiscoveryClient-CacheRefreshExecutor-%d] DEBUG o.s.web.client.RestTemplate - Accept=[application/json, application/*+json]
2025-09-24 16:10:17 [DiscoveryClient-CacheRefreshExecutor-%d] DEBUG o.s.web.client.RestTemplate - Response 200 OK
2025-09-24 16:10:17 [DiscoveryClient-CacheRefreshExecutor-%d] DEBUG o.s.web.client.RestTemplate - Reading to [org.springframework.cloud.netflix.eureka.http.EurekaApplications]
2025-09-24 16:10:44 [AsyncResolver-bootstrap-executor-%d] INFO  c.n.d.s.r.aws.ConfigClusterResolver - Resolving eureka endpoints via configuration
2025-09-24 16:10:47 [DiscoveryClient-HeartbeatExecutor-%d] DEBUG o.s.web.client.RestTemplate - HTTP PUT http://localhost:8761/eureka/apps/BOOKING-SERVICE/GT0126:booking-service:9004?status=UP&lastDirtyTimestamp=1758708645140
2025-09-24 16:10:47 [DiscoveryClient-HeartbeatExecutor-%d] DEBUG o.s.web.client.RestTemplate - Accept=[application/json, application/*+json]
2025-09-24 16:10:47 [DiscoveryClient-HeartbeatExecutor-%d] DEBUG o.s.web.client.RestTemplate - Response 200 OK
2025-09-24 16:10:47 [DiscoveryClient-CacheRefreshExecutor-%d] DEBUG o.s.web.client.RestTemplate - HTTP GET http://localhost:8761/eureka/apps/delta
2025-09-24 16:10:47 [DiscoveryClient-CacheRefreshExecutor-%d] DEBUG o.s.web.client.RestTemplate - Accept=[application/json, application/*+json]
2025-09-24 16:10:47 [DiscoveryClient-CacheRefreshExecutor-%d] DEBUG o.s.web.client.RestTemplate - Response 200 OK
2025-09-24 16:10:47 [DiscoveryClient-CacheRefreshExecutor-%d] DEBUG o.s.web.client.RestTemplate - Reading to [org.springframework.cloud.netflix.eureka.http.EurekaApplications]
2025-09-24 16:11:17 [DiscoveryClient-HeartbeatExecutor-%d] DEBUG o.s.web.client.RestTemplate - HTTP PUT http://localhost:8761/eureka/apps/BOOKING-SERVICE/GT0126:booking-service:9004?status=UP&lastDirtyTimestamp=1758708645140
2025-09-24 16:11:17 [DiscoveryClient-HeartbeatExecutor-%d] DEBUG o.s.web.client.RestTemplate - Accept=[application/json, application/*+json]
2025-09-24 16:11:17 [DiscoveryClient-HeartbeatExecutor-%d] DEBUG o.s.web.client.RestTemplate - Response 200 OK
2025-09-24 16:11:17 [DiscoveryClient-CacheRefreshExecutor-%d] DEBUG o.s.web.client.RestTemplate - HTTP GET http://localhost:8761/eureka/apps/delta
2025-09-24 16:11:17 [DiscoveryClient-CacheRefreshExecutor-%d] DEBUG o.s.web.client.RestTemplate - Accept=[application/json, application/*+json]
2025-09-24 16:11:17 [DiscoveryClient-CacheRefreshExecutor-%d] DEBUG o.s.web.client.RestTemplate - Response 200 OK
2025-09-24 16:11:17 [DiscoveryClient-CacheRefreshExecutor-%d] DEBUG o.s.web.client.RestTemplate - Reading to [org.springframework.cloud.netflix.eureka.http.EurekaApplications]
2025-09-24 16:11:47 [DiscoveryClient-HeartbeatExecutor-%d] DEBUG o.s.web.client.RestTemplate - HTTP PUT http://localhost:8761/eureka/apps/BOOKING-SERVICE/GT0126:booking-service:9004?status=UP&lastDirtyTimestamp=1758708645140
2025-09-24 16:11:47 [DiscoveryClient-HeartbeatExecutor-%d] DEBUG o.s.web.client.RestTemplate - Accept=[application/json, application/*+json]
2025-09-24 16:11:47 [DiscoveryClient-HeartbeatExecutor-%d] DEBUG o.s.web.client.RestTemplate - Response 200 OK
2025-09-24 16:11:47 [DiscoveryClient-CacheRefreshExecutor-%d] DEBUG o.s.web.client.RestTemplate - HTTP GET http://localhost:8761/eureka/apps/delta
2025-09-24 16:11:47 [DiscoveryClient-CacheRefreshExecutor-%d] DEBUG o.s.web.client.RestTemplate - Accept=[application/json, application/*+json]
2025-09-24 16:11:47 [DiscoveryClient-CacheRefreshExecutor-%d] DEBUG o.s.web.client.RestTemplate - Response 200 OK
2025-09-24 16:11:47 [DiscoveryClient-CacheRefreshExecutor-%d] DEBUG o.s.web.client.RestTemplate - Reading to [org.springframework.cloud.netflix.eureka.http.EurekaApplications]
2025-09-24 16:12:17 [DiscoveryClient-HeartbeatExecutor-%d] DEBUG o.s.web.client.RestTemplate - HTTP PUT http://localhost:8761/eureka/apps/BOOKING-SERVICE/GT0126:booking-service:9004?status=UP&lastDirtyTimestamp=1758708645140
2025-09-24 16:12:17 [DiscoveryClient-HeartbeatExecutor-%d] DEBUG o.s.web.client.RestTemplate - Accept=[application/json, application/*+json]
2025-09-24 16:12:17 [DiscoveryClient-HeartbeatExecutor-%d] DEBUG o.s.web.client.RestTemplate - Response 200 OK
2025-09-24 16:12:17 [DiscoveryClient-CacheRefreshExecutor-%d] DEBUG o.s.web.client.RestTemplate - HTTP GET http://localhost:8761/eureka/apps/delta
2025-09-24 16:12:17 [DiscoveryClient-CacheRefreshExecutor-%d] DEBUG o.s.web.client.RestTemplate - Accept=[application/json, application/*+json]
2025-09-24 16:12:17 [DiscoveryClient-CacheRefreshExecutor-%d] DEBUG o.s.web.client.RestTemplate - Response 200 OK
2025-09-24 16:12:17 [DiscoveryClient-CacheRefreshExecutor-%d] DEBUG o.s.web.client.RestTemplate - Reading to [org.springframework.cloud.netflix.eureka.http.EurekaApplications]
2025-09-24 16:12:47 [DiscoveryClient-HeartbeatExecutor-%d] DEBUG o.s.web.client.RestTemplate - HTTP PUT http://localhost:8761/eureka/apps/BOOKING-SERVICE/GT0126:booking-service:9004?status=UP&lastDirtyTimestamp=1758708645140
2025-09-24 16:12:47 [DiscoveryClient-HeartbeatExecutor-%d] DEBUG o.s.web.client.RestTemplate - Accept=[application/json, application/*+json]
2025-09-24 16:12:47 [DiscoveryClient-HeartbeatExecutor-%d] DEBUG o.s.web.client.RestTemplate - Response 200 OK
2025-09-24 16:12:47 [DiscoveryClient-CacheRefreshExecutor-%d] DEBUG o.s.web.client.RestTemplate - HTTP GET http://localhost:8761/eureka/apps/delta
2025-09-24 16:12:47 [DiscoveryClient-CacheRefreshExecutor-%d] DEBUG o.s.web.client.RestTemplate - Accept=[application/json, application/*+json]
2025-09-24 16:12:47 [DiscoveryClient-CacheRefreshExecutor-%d] DEBUG o.s.web.client.RestTemplate - Response 200 OK
2025-09-24 16:12:47 [DiscoveryClient-CacheRefreshExecutor-%d] DEBUG o.s.web.client.RestTemplate - Reading to [org.springframework.cloud.netflix.eureka.http.EurekaApplications]
2025-09-24 16:13:17 [DiscoveryClient-HeartbeatExecutor-%d] DEBUG o.s.web.client.RestTemplate - HTTP PUT http://localhost:8761/eureka/apps/BOOKING-SERVICE/GT0126:booking-service:9004?status=UP&lastDirtyTimestamp=1758708645140
2025-09-24 16:13:17 [DiscoveryClient-HeartbeatExecutor-%d] DEBUG o.s.web.client.RestTemplate - Accept=[application/json, application/*+json]
2025-09-24 16:13:17 [DiscoveryClient-HeartbeatExecutor-%d] DEBUG o.s.web.client.RestTemplate - Response 200 OK
2025-09-24 16:13:17 [DiscoveryClient-CacheRefreshExecutor-%d] DEBUG o.s.web.client.RestTemplate - HTTP GET http://localhost:8761/eureka/apps/delta
2025-09-24 16:13:17 [DiscoveryClient-CacheRefreshExecutor-%d] DEBUG o.s.web.client.RestTemplate - Accept=[application/json, application/*+json]
2025-09-24 16:13:17 [DiscoveryClient-CacheRefreshExecutor-%d] DEBUG o.s.web.client.RestTemplate - Response 200 OK
2025-09-24 16:13:17 [DiscoveryClient-CacheRefreshExecutor-%d] DEBUG o.s.web.client.RestTemplate - Reading to [org.springframework.cloud.netflix.eureka.http.EurekaApplications]
2025-09-24 16:13:47 [DiscoveryClient-HeartbeatExecutor-%d] DEBUG o.s.web.client.RestTemplate - HTTP PUT http://localhost:8761/eureka/apps/BOOKING-SERVICE/GT0126:booking-service:9004?status=UP&lastDirtyTimestamp=1758708645140
2025-09-24 16:13:47 [DiscoveryClient-HeartbeatExecutor-%d] DEBUG o.s.web.client.RestTemplate - Accept=[application/json, application/*+json]
2025-09-24 16:13:47 [DiscoveryClient-HeartbeatExecutor-%d] DEBUG o.s.web.client.RestTemplate - Response 200 OK
2025-09-24 16:13:47 [DiscoveryClient-CacheRefreshExecutor-%d] DEBUG o.s.web.client.RestTemplate - HTTP GET http://localhost:8761/eureka/apps/delta
2025-09-24 16:13:47 [DiscoveryClient-CacheRefreshExecutor-%d] DEBUG o.s.web.client.RestTemplate - Accept=[application/json, application/*+json]
2025-09-24 16:13:47 [DiscoveryClient-CacheRefreshExecutor-%d] DEBUG o.s.web.client.RestTemplate - Response 200 OK
2025-09-24 16:13:47 [DiscoveryClient-CacheRefreshExecutor-%d] DEBUG o.s.web.client.RestTemplate - Reading to [org.springframework.cloud.netflix.eureka.http.EurekaApplications]
2025-09-24 16:14:17 [DiscoveryClient-HeartbeatExecutor-%d] DEBUG o.s.web.client.RestTemplate - HTTP PUT http://localhost:8761/eureka/apps/BOOKING-SERVICE/GT0126:booking-service:9004?status=UP&lastDirtyTimestamp=1758708645140
2025-09-24 16:14:17 [DiscoveryClient-HeartbeatExecutor-%d] DEBUG o.s.web.client.RestTemplate - Accept=[application/json, application/*+json]
2025-09-24 16:14:17 [DiscoveryClient-HeartbeatExecutor-%d] DEBUG o.s.web.client.RestTemplate - Response 200 OK
2025-09-24 16:14:17 [DiscoveryClient-CacheRefreshExecutor-%d] DEBUG o.s.web.client.RestTemplate - HTTP GET http://localhost:8761/eureka/apps/delta
2025-09-24 16:14:17 [DiscoveryClient-CacheRefreshExecutor-%d] DEBUG o.s.web.client.RestTemplate - Accept=[application/json, application/*+json]
2025-09-24 16:14:17 [DiscoveryClient-CacheRefreshExecutor-%d] DEBUG o.s.web.client.RestTemplate - Response 200 OK
2025-09-24 16:14:17 [DiscoveryClient-CacheRefreshExecutor-%d] DEBUG o.s.web.client.RestTemplate - Reading to [org.springframework.cloud.netflix.eureka.http.EurekaApplications]
2025-09-24 16:14:47 [DiscoveryClient-HeartbeatExecutor-%d] DEBUG o.s.web.client.RestTemplate - HTTP PUT http://localhost:8761/eureka/apps/BOOKING-SERVICE/GT0126:booking-service:9004?status=UP&lastDirtyTimestamp=1758708645140
2025-09-24 16:14:47 [DiscoveryClient-HeartbeatExecutor-%d] DEBUG o.s.web.client.RestTemplate - Accept=[application/json, application/*+json]
2025-09-24 16:14:47 [DiscoveryClient-HeartbeatExecutor-%d] DEBUG o.s.web.client.RestTemplate - Response 200 OK
2025-09-24 16:14:47 [DiscoveryClient-CacheRefreshExecutor-%d] DEBUG o.s.web.client.RestTemplate - HTTP GET http://localhost:8761/eureka/apps/delta
2025-09-24 16:14:47 [DiscoveryClient-CacheRefreshExecutor-%d] DEBUG o.s.web.client.RestTemplate - Accept=[application/json, application/*+json]
2025-09-24 16:14:47 [DiscoveryClient-CacheRefreshExecutor-%d] DEBUG o.s.web.client.RestTemplate - Response 200 OK
2025-09-24 16:14:47 [DiscoveryClient-CacheRefreshExecutor-%d] DEBUG o.s.web.client.RestTemplate - Reading to [org.springframework.cloud.netflix.eureka.http.EurekaApplications]
2025-09-24 16:15:17 [DiscoveryClient-HeartbeatExecutor-%d] DEBUG o.s.web.client.RestTemplate - HTTP PUT http://localhost:8761/eureka/apps/BOOKING-SERVICE/GT0126:booking-service:9004?status=UP&lastDirtyTimestamp=1758708645140
2025-09-24 16:15:17 [DiscoveryClient-HeartbeatExecutor-%d] DEBUG o.s.web.client.RestTemplate - Accept=[application/json, application/*+json]
2025-09-24 16:15:17 [DiscoveryClient-HeartbeatExecutor-%d] DEBUG o.s.web.client.RestTemplate - Response 200 OK
2025-09-24 16:15:17 [DiscoveryClient-CacheRefreshExecutor-%d] DEBUG o.s.web.client.RestTemplate - HTTP GET http://localhost:8761/eureka/apps/delta
2025-09-24 16:15:17 [DiscoveryClient-CacheRefreshExecutor-%d] DEBUG o.s.web.client.RestTemplate - Accept=[application/json, application/*+json]
2025-09-24 16:15:17 [DiscoveryClient-CacheRefreshExecutor-%d] DEBUG o.s.web.client.RestTemplate - Response 200 OK
2025-09-24 16:15:17 [DiscoveryClient-CacheRefreshExecutor-%d] DEBUG o.s.web.client.RestTemplate - Reading to [org.springframework.cloud.netflix.eureka.http.EurekaApplications]
2025-09-24 16:15:44 [AsyncResolver-bootstrap-executor-%d] INFO  c.n.d.s.r.aws.ConfigClusterResolver - Resolving eureka endpoints via configuration
2025-09-24 16:15:47 [DiscoveryClient-HeartbeatExecutor-%d] DEBUG o.s.web.client.RestTemplate - HTTP PUT http://localhost:8761/eureka/apps/BOOKING-SERVICE/GT0126:booking-service:9004?status=UP&lastDirtyTimestamp=1758708645140
2025-09-24 16:15:47 [DiscoveryClient-HeartbeatExecutor-%d] DEBUG o.s.web.client.RestTemplate - Accept=[application/json, application/*+json]
2025-09-24 16:15:47 [DiscoveryClient-HeartbeatExecutor-%d] DEBUG o.s.web.client.RestTemplate - Response 200 OK
2025-09-24 16:15:47 [DiscoveryClient-CacheRefreshExecutor-%d] DEBUG o.s.web.client.RestTemplate - HTTP GET http://localhost:8761/eureka/apps/delta
2025-09-24 16:15:47 [DiscoveryClient-CacheRefreshExecutor-%d] DEBUG o.s.web.client.RestTemplate - Accept=[application/json, application/*+json]
2025-09-24 16:15:47 [DiscoveryClient-CacheRefreshExecutor-%d] DEBUG o.s.web.client.RestTemplate - Response 200 OK
2025-09-24 16:15:47 [DiscoveryClient-CacheRefreshExecutor-%d] DEBUG o.s.web.client.RestTemplate - Reading to [org.springframework.cloud.netflix.eureka.http.EurekaApplications]
2025-09-24 16:16:17 [DiscoveryClient-HeartbeatExecutor-%d] DEBUG o.s.web.client.RestTemplate - HTTP PUT http://localhost:8761/eureka/apps/BOOKING-SERVICE/GT0126:booking-service:9004?status=UP&lastDirtyTimestamp=1758708645140
2025-09-24 16:16:17 [DiscoveryClient-HeartbeatExecutor-%d] DEBUG o.s.web.client.RestTemplate - Accept=[application/json, application/*+json]
2025-09-24 16:16:17 [DiscoveryClient-HeartbeatExecutor-%d] DEBUG o.s.web.client.RestTemplate - Response 200 OK
2025-09-24 16:16:17 [DiscoveryClient-CacheRefreshExecutor-%d] DEBUG o.s.web.client.RestTemplate - HTTP GET http://localhost:8761/eureka/apps/delta
2025-09-24 16:16:17 [DiscoveryClient-CacheRefreshExecutor-%d] DEBUG o.s.web.client.RestTemplate - Accept=[application/json, application/*+json]
2025-09-24 16:16:18 [DiscoveryClient-CacheRefreshExecutor-%d] DEBUG o.s.web.client.RestTemplate - Response 200 OK
2025-09-24 16:16:18 [DiscoveryClient-CacheRefreshExecutor-%d] DEBUG o.s.web.client.RestTemplate - Reading to [org.springframework.cloud.netflix.eureka.http.EurekaApplications]
2025-09-24 16:16:47 [DiscoveryClient-HeartbeatExecutor-%d] DEBUG o.s.web.client.RestTemplate - HTTP PUT http://localhost:8761/eureka/apps/BOOKING-SERVICE/GT0126:booking-service:9004?status=UP&lastDirtyTimestamp=1758708645140
2025-09-24 16:16:47 [DiscoveryClient-HeartbeatExecutor-%d] DEBUG o.s.web.client.RestTemplate - Accept=[application/json, application/*+json]
2025-09-24 16:16:47 [DiscoveryClient-HeartbeatExecutor-%d] DEBUG o.s.web.client.RestTemplate - Response 200 OK
2025-09-24 16:16:48 [DiscoveryClient-CacheRefreshExecutor-%d] DEBUG o.s.web.client.RestTemplate - HTTP GET http://localhost:8761/eureka/apps/delta
2025-09-24 16:16:48 [DiscoveryClient-CacheRefreshExecutor-%d] DEBUG o.s.web.client.RestTemplate - Accept=[application/json, application/*+json]
2025-09-24 16:16:48 [DiscoveryClient-CacheRefreshExecutor-%d] DEBUG o.s.web.client.RestTemplate - Response 200 OK
2025-09-24 16:16:48 [DiscoveryClient-CacheRefreshExecutor-%d] DEBUG o.s.web.client.RestTemplate - Reading to [org.springframework.cloud.netflix.eureka.http.EurekaApplications]
2025-09-24 16:17:17 [DiscoveryClient-HeartbeatExecutor-%d] DEBUG o.s.web.client.RestTemplate - HTTP PUT http://localhost:8761/eureka/apps/BOOKING-SERVICE/GT0126:booking-service:9004?status=UP&lastDirtyTimestamp=1758708645140
2025-09-24 16:17:17 [DiscoveryClient-HeartbeatExecutor-%d] DEBUG o.s.web.client.RestTemplate - Accept=[application/json, application/*+json]
2025-09-24 16:17:17 [DiscoveryClient-HeartbeatExecutor-%d] DEBUG o.s.web.client.RestTemplate - Response 200 OK
2025-09-24 16:17:18 [DiscoveryClient-CacheRefreshExecutor-%d] DEBUG o.s.web.client.RestTemplate - HTTP GET http://localhost:8761/eureka/apps/delta
2025-09-24 16:17:18 [DiscoveryClient-CacheRefreshExecutor-%d] DEBUG o.s.web.client.RestTemplate - Accept=[application/json, application/*+json]
2025-09-24 16:17:18 [DiscoveryClient-CacheRefreshExecutor-%d] DEBUG o.s.web.client.RestTemplate - Response 200 OK
2025-09-24 16:17:18 [DiscoveryClient-CacheRefreshExecutor-%d] DEBUG o.s.web.client.RestTemplate - Reading to [org.springframework.cloud.netflix.eureka.http.EurekaApplications]
2025-09-24 16:17:47 [DiscoveryClient-HeartbeatExecutor-%d] DEBUG o.s.web.client.RestTemplate - HTTP PUT http://localhost:8761/eureka/apps/BOOKING-SERVICE/GT0126:booking-service:9004?status=UP&lastDirtyTimestamp=1758708645140
2025-09-24 16:17:47 [DiscoveryClient-HeartbeatExecutor-%d] DEBUG o.s.web.client.RestTemplate - Accept=[application/json, application/*+json]
2025-09-24 16:17:47 [DiscoveryClient-HeartbeatExecutor-%d] DEBUG o.s.web.client.RestTemplate - Response 200 OK
2025-09-24 16:17:48 [DiscoveryClient-CacheRefreshExecutor-%d] DEBUG o.s.web.client.RestTemplate - HTTP GET http://localhost:8761/eureka/apps/delta
2025-09-24 16:17:48 [DiscoveryClient-CacheRefreshExecutor-%d] DEBUG o.s.web.client.RestTemplate - Accept=[application/json, application/*+json]
2025-09-24 16:17:48 [DiscoveryClient-CacheRefreshExecutor-%d] DEBUG o.s.web.client.RestTemplate - Response 200 OK
2025-09-24 16:17:48 [DiscoveryClient-CacheRefreshExecutor-%d] DEBUG o.s.web.client.RestTemplate - Reading to [org.springframework.cloud.netflix.eureka.http.EurekaApplications]
2025-09-24 16:18:17 [DiscoveryClient-HeartbeatExecutor-%d] DEBUG o.s.web.client.RestTemplate - HTTP PUT http://localhost:8761/eureka/apps/BOOKING-SERVICE/GT0126:booking-service:9004?status=UP&lastDirtyTimestamp=1758708645140
2025-09-24 16:18:17 [DiscoveryClient-HeartbeatExecutor-%d] DEBUG o.s.web.client.RestTemplate - Accept=[application/json, application/*+json]
2025-09-24 16:18:17 [DiscoveryClient-HeartbeatExecutor-%d] DEBUG o.s.web.client.RestTemplate - Response 200 OK
2025-09-24 16:18:18 [DiscoveryClient-CacheRefreshExecutor-%d] DEBUG o.s.web.client.RestTemplate - HTTP GET http://localhost:8761/eureka/apps/delta
2025-09-24 16:18:18 [DiscoveryClient-CacheRefreshExecutor-%d] DEBUG o.s.web.client.RestTemplate - Accept=[application/json, application/*+json]
2025-09-24 16:18:18 [DiscoveryClient-CacheRefreshExecutor-%d] DEBUG o.s.web.client.RestTemplate - Response 200 OK
2025-09-24 16:18:18 [DiscoveryClient-CacheRefreshExecutor-%d] DEBUG o.s.web.client.RestTemplate - Reading to [org.springframework.cloud.netflix.eureka.http.EurekaApplications]
2025-09-24 16:18:47 [DiscoveryClient-HeartbeatExecutor-%d] DEBUG o.s.web.client.RestTemplate - HTTP PUT http://localhost:8761/eureka/apps/BOOKING-SERVICE/GT0126:booking-service:9004?status=UP&lastDirtyTimestamp=1758708645140
2025-09-24 16:18:47 [DiscoveryClient-HeartbeatExecutor-%d] DEBUG o.s.web.client.RestTemplate - Accept=[application/json, application/*+json]
2025-09-24 16:18:47 [DiscoveryClient-HeartbeatExecutor-%d] DEBUG o.s.web.client.RestTemplate - Response 200 OK
2025-09-24 16:18:48 [DiscoveryClient-CacheRefreshExecutor-%d] DEBUG o.s.web.client.RestTemplate - HTTP GET http://localhost:8761/eureka/apps/delta
2025-09-24 16:18:48 [DiscoveryClient-CacheRefreshExecutor-%d] DEBUG o.s.web.client.RestTemplate - Accept=[application/json, application/*+json]
2025-09-24 16:18:48 [DiscoveryClient-CacheRefreshExecutor-%d] DEBUG o.s.web.client.RestTemplate - Response 200 OK
2025-09-24 16:18:48 [DiscoveryClient-CacheRefreshExecutor-%d] DEBUG o.s.web.client.RestTemplate - Reading to [org.springframework.cloud.netflix.eureka.http.EurekaApplications]
2025-09-24 16:19:17 [DiscoveryClient-HeartbeatExecutor-%d] DEBUG o.s.web.client.RestTemplate - HTTP PUT http://localhost:8761/eureka/apps/BOOKING-SERVICE/GT0126:booking-service:9004?status=UP&lastDirtyTimestamp=1758708645140
2025-09-24 16:19:17 [DiscoveryClient-HeartbeatExecutor-%d] DEBUG o.s.web.client.RestTemplate - Accept=[application/json, application/*+json]
2025-09-24 16:19:17 [DiscoveryClient-HeartbeatExecutor-%d] DEBUG o.s.web.client.RestTemplate - Response 200 OK
2025-09-24 16:19:18 [DiscoveryClient-CacheRefreshExecutor-%d] DEBUG o.s.web.client.RestTemplate - HTTP GET http://localhost:8761/eureka/apps/delta
2025-09-24 16:19:18 [DiscoveryClient-CacheRefreshExecutor-%d] DEBUG o.s.web.client.RestTemplate - Accept=[application/json, application/*+json]
2025-09-24 16:19:18 [DiscoveryClient-CacheRefreshExecutor-%d] DEBUG o.s.web.client.RestTemplate - Response 200 OK
2025-09-24 16:19:18 [DiscoveryClient-CacheRefreshExecutor-%d] DEBUG o.s.web.client.RestTemplate - Reading to [org.springframework.cloud.netflix.eureka.http.EurekaApplications]
2025-09-24 16:19:47 [DiscoveryClient-HeartbeatExecutor-%d] DEBUG o.s.web.client.RestTemplate - HTTP PUT http://localhost:8761/eureka/apps/BOOKING-SERVICE/GT0126:booking-service:9004?status=UP&lastDirtyTimestamp=1758708645140
2025-09-24 16:19:47 [DiscoveryClient-HeartbeatExecutor-%d] DEBUG o.s.web.client.RestTemplate - Accept=[application/json, application/*+json]
2025-09-24 16:19:47 [DiscoveryClient-HeartbeatExecutor-%d] DEBUG o.s.web.client.RestTemplate - Response 200 OK
2025-09-24 16:19:48 [DiscoveryClient-CacheRefreshExecutor-%d] DEBUG o.s.web.client.RestTemplate - HTTP GET http://localhost:8761/eureka/apps/delta
2025-09-24 16:19:48 [DiscoveryClient-CacheRefreshExecutor-%d] DEBUG o.s.web.client.RestTemplate - Accept=[application/json, application/*+json]
2025-09-24 16:19:48 [DiscoveryClient-CacheRefreshExecutor-%d] DEBUG o.s.web.client.RestTemplate - Response 200 OK
2025-09-24 16:19:48 [DiscoveryClient-CacheRefreshExecutor-%d] DEBUG o.s.web.client.RestTemplate - Reading to [org.springframework.cloud.netflix.eureka.http.EurekaApplications]
2025-09-24 16:20:17 [DiscoveryClient-HeartbeatExecutor-%d] DEBUG o.s.web.client.RestTemplate - HTTP PUT http://localhost:8761/eureka/apps/BOOKING-SERVICE/GT0126:booking-service:9004?status=UP&lastDirtyTimestamp=1758708645140
2025-09-24 16:20:17 [DiscoveryClient-HeartbeatExecutor-%d] DEBUG o.s.web.client.RestTemplate - Accept=[application/json, application/*+json]
2025-09-24 16:20:17 [DiscoveryClient-HeartbeatExecutor-%d] DEBUG o.s.web.client.RestTemplate - Response 200 OK
2025-09-24 16:20:18 [DiscoveryClient-CacheRefreshExecutor-%d] DEBUG o.s.web.client.RestTemplate - HTTP GET http://localhost:8761/eureka/apps/delta
2025-09-24 16:20:18 [DiscoveryClient-CacheRefreshExecutor-%d] DEBUG o.s.web.client.RestTemplate - Accept=[application/json, application/*+json]
2025-09-24 16:20:18 [DiscoveryClient-CacheRefreshExecutor-%d] DEBUG o.s.web.client.RestTemplate - Response 200 OK
2025-09-24 16:20:18 [DiscoveryClient-CacheRefreshExecutor-%d] DEBUG o.s.web.client.RestTemplate - Reading to [org.springframework.cloud.netflix.eureka.http.EurekaApplications]
2025-09-24 16:20:44 [AsyncResolver-bootstrap-executor-%d] INFO  c.n.d.s.r.aws.ConfigClusterResolver - Resolving eureka endpoints via configuration
2025-09-24 16:20:47 [DiscoveryClient-HeartbeatExecutor-%d] DEBUG o.s.web.client.RestTemplate - HTTP PUT http://localhost:8761/eureka/apps/BOOKING-SERVICE/GT0126:booking-service:9004?status=UP&lastDirtyTimestamp=1758708645140
2025-09-24 16:20:47 [DiscoveryClient-HeartbeatExecutor-%d] DEBUG o.s.web.client.RestTemplate - Accept=[application/json, application/*+json]
2025-09-24 16:20:47 [DiscoveryClient-HeartbeatExecutor-%d] DEBUG o.s.web.client.RestTemplate - Response 200 OK
2025-09-24 16:20:48 [DiscoveryClient-CacheRefreshExecutor-%d] DEBUG o.s.web.client.RestTemplate - HTTP GET http://localhost:8761/eureka/apps/delta
2025-09-24 16:20:48 [DiscoveryClient-CacheRefreshExecutor-%d] DEBUG o.s.web.client.RestTemplate - Accept=[application/json, application/*+json]
2025-09-24 16:20:48 [DiscoveryClient-CacheRefreshExecutor-%d] DEBUG o.s.web.client.RestTemplate - Response 200 OK
2025-09-24 16:20:48 [DiscoveryClient-CacheRefreshExecutor-%d] DEBUG o.s.web.client.RestTemplate - Reading to [org.springframework.cloud.netflix.eureka.http.EurekaApplications]
2025-09-24 16:21:17 [DiscoveryClient-HeartbeatExecutor-%d] DEBUG o.s.web.client.RestTemplate - HTTP PUT http://localhost:8761/eureka/apps/BOOKING-SERVICE/GT0126:booking-service:9004?status=UP&lastDirtyTimestamp=1758708645140
2025-09-24 16:21:17 [DiscoveryClient-HeartbeatExecutor-%d] DEBUG o.s.web.client.RestTemplate - Accept=[application/json, application/*+json]
2025-09-24 16:21:17 [DiscoveryClient-HeartbeatExecutor-%d] DEBUG o.s.web.client.RestTemplate - Response 200 OK
2025-09-24 16:21:18 [DiscoveryClient-CacheRefreshExecutor-%d] DEBUG o.s.web.client.RestTemplate - HTTP GET http://localhost:8761/eureka/apps/delta
2025-09-24 16:21:18 [DiscoveryClient-CacheRefreshExecutor-%d] DEBUG o.s.web.client.RestTemplate - Accept=[application/json, application/*+json]
2025-09-24 16:21:18 [DiscoveryClient-CacheRefreshExecutor-%d] DEBUG o.s.web.client.RestTemplate - Response 200 OK
2025-09-24 16:21:18 [DiscoveryClient-CacheRefreshExecutor-%d] DEBUG o.s.web.client.RestTemplate - Reading to [org.springframework.cloud.netflix.eureka.http.EurekaApplications]
2025-09-24 16:27:23 [HikariPool-1:housekeeper] WARN  com.zaxxer.hikari.pool.HikariPool - HikariPool-1 - Thread starvation or clock leap detected (housekeeper delta=6m15s598ms982µs800ns).
2025-09-24 16:27:38 [DiscoveryClient-HeartbeatExecutor-%d] DEBUG o.s.web.client.RestTemplate - HTTP PUT http://localhost:8761/eureka/apps/BOOKING-SERVICE/GT0126:booking-service:9004?status=UP&lastDirtyTimestamp=1758708645140
2025-09-24 16:27:38 [DiscoveryClient-HeartbeatExecutor-%d] DEBUG o.s.web.client.RestTemplate - Accept=[application/json, application/*+json]
2025-09-24 16:27:38 [DiscoveryClient-HeartbeatExecutor-%d] DEBUG o.s.web.client.RestTemplate - Response 200 OK
2025-09-24 16:27:38 [DiscoveryClient-CacheRefreshExecutor-%d] DEBUG o.s.web.client.RestTemplate - HTTP GET http://localhost:8761/eureka/apps/delta
2025-09-24 16:27:38 [DiscoveryClient-CacheRefreshExecutor-%d] DEBUG o.s.web.client.RestTemplate - Accept=[application/json, application/*+json]
2025-09-24 16:27:38 [DiscoveryClient-CacheRefreshExecutor-%d] DEBUG o.s.web.client.RestTemplate - Response 200 OK
2025-09-24 16:27:38 [DiscoveryClient-CacheRefreshExecutor-%d] DEBUG o.s.web.client.RestTemplate - Reading to [org.springframework.cloud.netflix.eureka.http.EurekaApplications]
2025-09-24 16:36:25 [HikariPool-1:housekeeper] WARN  com.zaxxer.hikari.pool.HikariPool - HikariPool-1 - Thread starvation or clock leap detected (housekeeper delta=9m9s185ms272µs300ns).
2025-09-24 16:36:39 [DiscoveryClient-CacheRefreshExecutor-%d] DEBUG o.s.web.client.RestTemplate - HTTP GET http://localhost:8761/eureka/apps/delta
2025-09-24 16:36:39 [DiscoveryClient-CacheRefreshExecutor-%d] DEBUG o.s.web.client.RestTemplate - Accept=[application/json, application/*+json]
2025-09-24 16:36:48 [DiscoveryClient-CacheRefreshExecutor-%d] DEBUG o.s.web.client.RestTemplate - Response 200 OK
2025-09-24 16:36:48 [DiscoveryClient-CacheRefreshExecutor-%d] DEBUG o.s.web.client.RestTemplate - Reading to [org.springframework.cloud.netflix.eureka.http.EurekaApplications]
2025-09-24 16:36:48 [DiscoveryClient-HeartbeatExecutor-%d] DEBUG o.s.web.client.RestTemplate - HTTP PUT http://localhost:8761/eureka/apps/BOOKING-SERVICE/GT0126:booking-service:9004?status=UP&lastDirtyTimestamp=1758708645140
2025-09-24 16:36:48 [DiscoveryClient-HeartbeatExecutor-%d] DEBUG o.s.web.client.RestTemplate - Accept=[application/json, application/*+json]
2025-09-24 16:36:48 [DiscoveryClient-HeartbeatExecutor-%d] DEBUG o.s.web.client.RestTemplate - Response 200 OK
2025-09-24 16:37:18 [DiscoveryClient-CacheRefreshExecutor-%d] DEBUG o.s.web.client.RestTemplate - HTTP GET http://localhost:8761/eureka/apps/delta
2025-09-24 16:37:18 [DiscoveryClient-CacheRefreshExecutor-%d] DEBUG o.s.web.client.RestTemplate - Accept=[application/json, application/*+json]
2025-09-24 16:37:18 [DiscoveryClient-CacheRefreshExecutor-%d] DEBUG o.s.web.client.RestTemplate - Response 200 OK
2025-09-24 16:37:18 [DiscoveryClient-CacheRefreshExecutor-%d] DEBUG o.s.web.client.RestTemplate - Reading to [org.springframework.cloud.netflix.eureka.http.EurekaApplications]
2025-09-24 16:37:18 [DiscoveryClient-HeartbeatExecutor-%d] DEBUG o.s.web.client.RestTemplate - HTTP PUT http://localhost:8761/eureka/apps/BOOKING-SERVICE/GT0126:booking-service:9004?status=UP&lastDirtyTimestamp=1758708645140
2025-09-24 16:37:18 [DiscoveryClient-HeartbeatExecutor-%d] DEBUG o.s.web.client.RestTemplate - Accept=[application/json, application/*+json]
2025-09-24 16:37:18 [DiscoveryClient-HeartbeatExecutor-%d] DEBUG o.s.web.client.RestTemplate - Response 200 OK
2025-09-24 16:37:48 [DiscoveryClient-CacheRefreshExecutor-%d] DEBUG o.s.web.client.RestTemplate - HTTP GET http://localhost:8761/eureka/apps/delta
2025-09-24 16:37:48 [DiscoveryClient-CacheRefreshExecutor-%d] DEBUG o.s.web.client.RestTemplate - Accept=[application/json, application/*+json]
2025-09-24 16:37:48 [DiscoveryClient-HeartbeatExecutor-%d] DEBUG o.s.web.client.RestTemplate - HTTP PUT http://localhost:8761/eureka/apps/BOOKING-SERVICE/GT0126:booking-service:9004?status=UP&lastDirtyTimestamp=1758708645140
2025-09-24 16:37:48 [DiscoveryClient-HeartbeatExecutor-%d] DEBUG o.s.web.client.RestTemplate - Accept=[application/json, application/*+json]
2025-09-24 16:37:48 [DiscoveryClient-CacheRefreshExecutor-%d] DEBUG o.s.web.client.RestTemplate - Response 200 OK
2025-09-24 16:37:48 [DiscoveryClient-CacheRefreshExecutor-%d] DEBUG o.s.web.client.RestTemplate - Reading to [org.springframework.cloud.netflix.eureka.http.EurekaApplications]
2025-09-24 16:37:48 [DiscoveryClient-HeartbeatExecutor-%d] DEBUG o.s.web.client.RestTemplate - Response 200 OK
2025-09-24 16:38:18 [DiscoveryClient-CacheRefreshExecutor-%d] DEBUG o.s.web.client.RestTemplate - HTTP GET http://localhost:8761/eureka/apps/delta
2025-09-24 16:38:18 [DiscoveryClient-CacheRefreshExecutor-%d] DEBUG o.s.web.client.RestTemplate - Accept=[application/json, application/*+json]
2025-09-24 16:38:18 [DiscoveryClient-HeartbeatExecutor-%d] DEBUG o.s.web.client.RestTemplate - HTTP PUT http://localhost:8761/eureka/apps/BOOKING-SERVICE/GT0126:booking-service:9004?status=UP&lastDirtyTimestamp=1758708645140
2025-09-24 16:38:18 [DiscoveryClient-HeartbeatExecutor-%d] DEBUG o.s.web.client.RestTemplate - Accept=[application/json, application/*+json]
2025-09-24 16:38:18 [DiscoveryClient-CacheRefreshExecutor-%d] DEBUG o.s.web.client.RestTemplate - Response 200 OK
2025-09-24 16:38:18 [DiscoveryClient-CacheRefreshExecutor-%d] DEBUG o.s.web.client.RestTemplate - Reading to [org.springframework.cloud.netflix.eureka.http.EurekaApplications]
2025-09-24 16:38:18 [DiscoveryClient-HeartbeatExecutor-%d] DEBUG o.s.web.client.RestTemplate - Response 200 OK
2025-09-24 16:38:48 [DiscoveryClient-CacheRefreshExecutor-%d] DEBUG o.s.web.client.RestTemplate - HTTP GET http://localhost:8761/eureka/apps/delta
2025-09-24 16:38:48 [DiscoveryClient-CacheRefreshExecutor-%d] DEBUG o.s.web.client.RestTemplate - Accept=[application/json, application/*+json]
2025-09-24 16:38:48 [DiscoveryClient-HeartbeatExecutor-%d] DEBUG o.s.web.client.RestTemplate - HTTP PUT http://localhost:8761/eureka/apps/BOOKING-SERVICE/GT0126:booking-service:9004?status=UP&lastDirtyTimestamp=1758708645140
2025-09-24 16:38:48 [DiscoveryClient-HeartbeatExecutor-%d] DEBUG o.s.web.client.RestTemplate - Accept=[application/json, application/*+json]
2025-09-24 16:38:48 [DiscoveryClient-CacheRefreshExecutor-%d] DEBUG o.s.web.client.RestTemplate - Response 200 OK
2025-09-24 16:38:48 [DiscoveryClient-CacheRefreshExecutor-%d] DEBUG o.s.web.client.RestTemplate - Reading to [org.springframework.cloud.netflix.eureka.http.EurekaApplications]
2025-09-24 16:38:48 [DiscoveryClient-HeartbeatExecutor-%d] DEBUG o.s.web.client.RestTemplate - Response 200 OK
2025-09-24 16:39:18 [DiscoveryClient-HeartbeatExecutor-%d] DEBUG o.s.web.client.RestTemplate - HTTP PUT http://localhost:8761/eureka/apps/BOOKING-SERVICE/GT0126:booking-service:9004?status=UP&lastDirtyTimestamp=1758708645140
2025-09-24 16:39:18 [DiscoveryClient-HeartbeatExecutor-%d] DEBUG o.s.web.client.RestTemplate - Accept=[application/json, application/*+json]
2025-09-24 16:39:18 [DiscoveryClient-HeartbeatExecutor-%d] DEBUG o.s.web.client.RestTemplate - Response 200 OK
2025-09-24 16:39:18 [DiscoveryClient-CacheRefreshExecutor-%d] DEBUG o.s.web.client.RestTemplate - HTTP GET http://localhost:8761/eureka/apps/delta
2025-09-24 16:39:18 [DiscoveryClient-CacheRefreshExecutor-%d] DEBUG o.s.web.client.RestTemplate - Accept=[application/json, application/*+json]
2025-09-24 16:39:18 [DiscoveryClient-CacheRefreshExecutor-%d] DEBUG o.s.web.client.RestTemplate - Response 200 OK
2025-09-24 16:39:18 [DiscoveryClient-CacheRefreshExecutor-%d] DEBUG o.s.web.client.RestTemplate - Reading to [org.springframework.cloud.netflix.eureka.http.EurekaApplications]
2025-09-24 16:39:48 [DiscoveryClient-HeartbeatExecutor-%d] DEBUG o.s.web.client.RestTemplate - HTTP PUT http://localhost:8761/eureka/apps/BOOKING-SERVICE/GT0126:booking-service:9004?status=UP&lastDirtyTimestamp=1758708645140
2025-09-24 16:39:48 [DiscoveryClient-HeartbeatExecutor-%d] DEBUG o.s.web.client.RestTemplate - Accept=[application/json, application/*+json]
2025-09-24 16:39:48 [DiscoveryClient-HeartbeatExecutor-%d] DEBUG o.s.web.client.RestTemplate - Response 200 OK
2025-09-24 16:39:48 [DiscoveryClient-CacheRefreshExecutor-%d] DEBUG o.s.web.client.RestTemplate - HTTP GET http://localhost:8761/eureka/apps/delta
2025-09-24 16:39:48 [DiscoveryClient-CacheRefreshExecutor-%d] DEBUG o.s.web.client.RestTemplate - Accept=[application/json, application/*+json]
2025-09-24 16:39:48 [DiscoveryClient-CacheRefreshExecutor-%d] DEBUG o.s.web.client.RestTemplate - Response 200 OK
2025-09-24 16:39:48 [DiscoveryClient-CacheRefreshExecutor-%d] DEBUG o.s.web.client.RestTemplate - Reading to [org.springframework.cloud.netflix.eureka.http.EurekaApplications]
2025-09-24 16:40:06 [AsyncResolver-bootstrap-executor-%d] INFO  c.n.d.s.r.aws.ConfigClusterResolver - Resolving eureka endpoints via configuration
2025-09-24 16:40:18 [DiscoveryClient-HeartbeatExecutor-%d] DEBUG o.s.web.client.RestTemplate - HTTP PUT http://localhost:8761/eureka/apps/BOOKING-SERVICE/GT0126:booking-service:9004?status=UP&lastDirtyTimestamp=1758708645140
2025-09-24 16:40:18 [DiscoveryClient-HeartbeatExecutor-%d] DEBUG o.s.web.client.RestTemplate - Accept=[application/json, application/*+json]
2025-09-24 16:40:18 [DiscoveryClient-CacheRefreshExecutor-%d] DEBUG o.s.web.client.RestTemplate - HTTP GET http://localhost:8761/eureka/apps/delta
2025-09-24 16:40:18 [DiscoveryClient-CacheRefreshExecutor-%d] DEBUG o.s.web.client.RestTemplate - Accept=[application/json, application/*+json]
2025-09-24 16:40:18 [DiscoveryClient-HeartbeatExecutor-%d] DEBUG o.s.web.client.RestTemplate - Response 200 OK
2025-09-24 16:40:18 [DiscoveryClient-CacheRefreshExecutor-%d] DEBUG o.s.web.client.RestTemplate - Response 200 OK
2025-09-24 16:40:18 [DiscoveryClient-CacheRefreshExecutor-%d] DEBUG o.s.web.client.RestTemplate - Reading to [org.springframework.cloud.netflix.eureka.http.EurekaApplications]
2025-09-24 16:40:48 [DiscoveryClient-HeartbeatExecutor-%d] DEBUG o.s.web.client.RestTemplate - HTTP PUT http://localhost:8761/eureka/apps/BOOKING-SERVICE/GT0126:booking-service:9004?status=UP&lastDirtyTimestamp=1758708645140
2025-09-24 16:40:48 [DiscoveryClient-HeartbeatExecutor-%d] DEBUG o.s.web.client.RestTemplate - Accept=[application/json, application/*+json]
2025-09-24 16:40:48 [DiscoveryClient-CacheRefreshExecutor-%d] DEBUG o.s.web.client.RestTemplate - HTTP GET http://localhost:8761/eureka/apps/delta
2025-09-24 16:40:48 [DiscoveryClient-CacheRefreshExecutor-%d] DEBUG o.s.web.client.RestTemplate - Accept=[application/json, application/*+json]
2025-09-24 16:40:48 [DiscoveryClient-HeartbeatExecutor-%d] DEBUG o.s.web.client.RestTemplate - Response 200 OK
2025-09-24 16:40:48 [DiscoveryClient-CacheRefreshExecutor-%d] DEBUG o.s.web.client.RestTemplate - Response 200 OK
2025-09-24 16:40:48 [DiscoveryClient-CacheRefreshExecutor-%d] DEBUG o.s.web.client.RestTemplate - Reading to [org.springframework.cloud.netflix.eureka.http.EurekaApplications]
2025-09-24 16:41:18 [DiscoveryClient-HeartbeatExecutor-%d] DEBUG o.s.web.client.RestTemplate - HTTP PUT http://localhost:8761/eureka/apps/BOOKING-SERVICE/GT0126:booking-service:9004?status=UP&lastDirtyTimestamp=1758708645140
2025-09-24 16:41:18 [DiscoveryClient-HeartbeatExecutor-%d] DEBUG o.s.web.client.RestTemplate - Accept=[application/json, application/*+json]
2025-09-24 16:41:18 [DiscoveryClient-CacheRefreshExecutor-%d] DEBUG o.s.web.client.RestTemplate - HTTP GET http://localhost:8761/eureka/apps/delta
2025-09-24 16:41:18 [DiscoveryClient-CacheRefreshExecutor-%d] DEBUG o.s.web.client.RestTemplate - Accept=[application/json, application/*+json]
2025-09-24 16:41:18 [DiscoveryClient-HeartbeatExecutor-%d] DEBUG o.s.web.client.RestTemplate - Response 200 OK
2025-09-24 16:41:18 [DiscoveryClient-CacheRefreshExecutor-%d] DEBUG o.s.web.client.RestTemplate - Response 200 OK
2025-09-24 16:41:18 [DiscoveryClient-CacheRefreshExecutor-%d] DEBUG o.s.web.client.RestTemplate - Reading to [org.springframework.cloud.netflix.eureka.http.EurekaApplications]
2025-09-24 16:41:48 [DiscoveryClient-HeartbeatExecutor-%d] DEBUG o.s.web.client.RestTemplate - HTTP PUT http://localhost:8761/eureka/apps/BOOKING-SERVICE/GT0126:booking-service:9004?status=UP&lastDirtyTimestamp=1758708645140
2025-09-24 16:41:48 [DiscoveryClient-HeartbeatExecutor-%d] DEBUG o.s.web.client.RestTemplate - Accept=[application/json, application/*+json]
2025-09-24 16:41:48 [DiscoveryClient-CacheRefreshExecutor-%d] DEBUG o.s.web.client.RestTemplate - HTTP GET http://localhost:8761/eureka/apps/delta
2025-09-24 16:41:48 [DiscoveryClient-CacheRefreshExecutor-%d] DEBUG o.s.web.client.RestTemplate - Accept=[application/json, application/*+json]
2025-09-24 16:41:48 [DiscoveryClient-HeartbeatExecutor-%d] DEBUG o.s.web.client.RestTemplate - Response 200 OK
2025-09-24 16:41:48 [DiscoveryClient-CacheRefreshExecutor-%d] DEBUG o.s.web.client.RestTemplate - Response 200 OK
2025-09-24 16:41:48 [DiscoveryClient-CacheRefreshExecutor-%d] DEBUG o.s.web.client.RestTemplate - Reading to [org.springframework.cloud.netflix.eureka.http.EurekaApplications]
2025-09-24 16:42:18 [DiscoveryClient-HeartbeatExecutor-%d] DEBUG o.s.web.client.RestTemplate - HTTP PUT http://localhost:8761/eureka/apps/BOOKING-SERVICE/GT0126:booking-service:9004?status=UP&lastDirtyTimestamp=1758708645140
2025-09-24 16:42:18 [DiscoveryClient-HeartbeatExecutor-%d] DEBUG o.s.web.client.RestTemplate - Accept=[application/json, application/*+json]
2025-09-24 16:42:18 [DiscoveryClient-CacheRefreshExecutor-%d] DEBUG o.s.web.client.RestTemplate - HTTP GET http://localhost:8761/eureka/apps/delta
2025-09-24 16:42:18 [DiscoveryClient-CacheRefreshExecutor-%d] DEBUG o.s.web.client.RestTemplate - Accept=[application/json, application/*+json]
2025-09-24 16:42:18 [DiscoveryClient-HeartbeatExecutor-%d] DEBUG o.s.web.client.RestTemplate - Response 200 OK
2025-09-24 16:42:18 [DiscoveryClient-CacheRefreshExecutor-%d] DEBUG o.s.web.client.RestTemplate - Response 200 OK
2025-09-24 16:42:18 [DiscoveryClient-CacheRefreshExecutor-%d] DEBUG o.s.web.client.RestTemplate - Reading to [org.springframework.cloud.netflix.eureka.http.EurekaApplications]
2025-09-24 16:42:48 [DiscoveryClient-CacheRefreshExecutor-%d] DEBUG o.s.web.client.RestTemplate - HTTP GET http://localhost:8761/eureka/apps/delta
2025-09-24 16:42:48 [DiscoveryClient-HeartbeatExecutor-%d] DEBUG o.s.web.client.RestTemplate - HTTP PUT http://localhost:8761/eureka/apps/BOOKING-SERVICE/GT0126:booking-service:9004?status=UP&lastDirtyTimestamp=1758708645140
2025-09-24 16:42:48 [DiscoveryClient-CacheRefreshExecutor-%d] DEBUG o.s.web.client.RestTemplate - Accept=[application/json, application/*+json]
2025-09-24 16:42:48 [DiscoveryClient-HeartbeatExecutor-%d] DEBUG o.s.web.client.RestTemplate - Accept=[application/json, application/*+json]
2025-09-24 16:42:48 [DiscoveryClient-HeartbeatExecutor-%d] DEBUG o.s.web.client.RestTemplate - Response 200 OK
2025-09-24 16:42:48 [DiscoveryClient-CacheRefreshExecutor-%d] DEBUG o.s.web.client.RestTemplate - Response 200 OK
2025-09-24 16:42:48 [DiscoveryClient-CacheRefreshExecutor-%d] DEBUG o.s.web.client.RestTemplate - Reading to [org.springframework.cloud.netflix.eureka.http.EurekaApplications]
2025-09-24 16:43:18 [DiscoveryClient-CacheRefreshExecutor-%d] DEBUG o.s.web.client.RestTemplate - HTTP GET http://localhost:8761/eureka/apps/delta
2025-09-24 16:43:18 [DiscoveryClient-HeartbeatExecutor-%d] DEBUG o.s.web.client.RestTemplate - HTTP PUT http://localhost:8761/eureka/apps/BOOKING-SERVICE/GT0126:booking-service:9004?status=UP&lastDirtyTimestamp=1758708645140
2025-09-24 16:43:18 [DiscoveryClient-HeartbeatExecutor-%d] DEBUG o.s.web.client.RestTemplate - Accept=[application/json, application/*+json]
2025-09-24 16:43:18 [DiscoveryClient-CacheRefreshExecutor-%d] DEBUG o.s.web.client.RestTemplate - Accept=[application/json, application/*+json]
2025-09-24 16:43:18 [DiscoveryClient-HeartbeatExecutor-%d] DEBUG o.s.web.client.RestTemplate - Response 200 OK
2025-09-24 16:43:18 [DiscoveryClient-CacheRefreshExecutor-%d] DEBUG o.s.web.client.RestTemplate - Response 200 OK
2025-09-24 16:43:18 [DiscoveryClient-CacheRefreshExecutor-%d] DEBUG o.s.web.client.RestTemplate - Reading to [org.springframework.cloud.netflix.eureka.http.EurekaApplications]
2025-09-24 16:43:48 [DiscoveryClient-CacheRefreshExecutor-%d] DEBUG o.s.web.client.RestTemplate - HTTP GET http://localhost:8761/eureka/apps/delta
2025-09-24 16:43:48 [DiscoveryClient-HeartbeatExecutor-%d] DEBUG o.s.web.client.RestTemplate - HTTP PUT http://localhost:8761/eureka/apps/BOOKING-SERVICE/GT0126:booking-service:9004?status=UP&lastDirtyTimestamp=1758708645140
2025-09-24 16:43:48 [DiscoveryClient-HeartbeatExecutor-%d] DEBUG o.s.web.client.RestTemplate - Accept=[application/json, application/*+json]
2025-09-24 16:43:48 [DiscoveryClient-CacheRefreshExecutor-%d] DEBUG o.s.web.client.RestTemplate - Accept=[application/json, application/*+json]
2025-09-24 16:43:48 [DiscoveryClient-CacheRefreshExecutor-%d] DEBUG o.s.web.client.RestTemplate - Response 200 OK
2025-09-24 16:43:48 [DiscoveryClient-CacheRefreshExecutor-%d] DEBUG o.s.web.client.RestTemplate - Reading to [org.springframework.cloud.netflix.eureka.http.EurekaApplications]
2025-09-24 16:43:48 [DiscoveryClient-HeartbeatExecutor-%d] DEBUG o.s.web.client.RestTemplate - Response 200 OK
2025-09-24 16:44:18 [DiscoveryClient-CacheRefreshExecutor-%d] DEBUG o.s.web.client.RestTemplate - HTTP GET http://localhost:8761/eureka/apps/delta
2025-09-24 16:44:18 [DiscoveryClient-CacheRefreshExecutor-%d] DEBUG o.s.web.client.RestTemplate - Accept=[application/json, application/*+json]
2025-09-24 16:44:18 [DiscoveryClient-HeartbeatExecutor-%d] DEBUG o.s.web.client.RestTemplate - HTTP PUT http://localhost:8761/eureka/apps/BOOKING-SERVICE/GT0126:booking-service:9004?status=UP&lastDirtyTimestamp=1758708645140
2025-09-24 16:44:18 [DiscoveryClient-HeartbeatExecutor-%d] DEBUG o.s.web.client.RestTemplate - Accept=[application/json, application/*+json]
2025-09-24 16:44:18 [DiscoveryClient-HeartbeatExecutor-%d] DEBUG o.s.web.client.RestTemplate - Response 200 OK
2025-09-24 16:44:18 [DiscoveryClient-CacheRefreshExecutor-%d] DEBUG o.s.web.client.RestTemplate - Response 200 OK
2025-09-24 16:44:18 [DiscoveryClient-CacheRefreshExecutor-%d] DEBUG o.s.web.client.RestTemplate - Reading to [org.springframework.cloud.netflix.eureka.http.EurekaApplications]
2025-09-24 16:44:48 [DiscoveryClient-CacheRefreshExecutor-%d] DEBUG o.s.web.client.RestTemplate - HTTP GET http://localhost:8761/eureka/apps/delta
2025-09-24 16:44:48 [DiscoveryClient-HeartbeatExecutor-%d] DEBUG o.s.web.client.RestTemplate - HTTP PUT http://localhost:8761/eureka/apps/BOOKING-SERVICE/GT0126:booking-service:9004?status=UP&lastDirtyTimestamp=1758708645140
2025-09-24 16:44:48 [DiscoveryClient-CacheRefreshExecutor-%d] DEBUG o.s.web.client.RestTemplate - Accept=[application/json, application/*+json]
2025-09-24 16:44:48 [DiscoveryClient-HeartbeatExecutor-%d] DEBUG o.s.web.client.RestTemplate - Accept=[application/json, application/*+json]
2025-09-24 16:44:48 [DiscoveryClient-HeartbeatExecutor-%d] DEBUG o.s.web.client.RestTemplate - Response 200 OK
2025-09-24 16:44:48 [DiscoveryClient-CacheRefreshExecutor-%d] DEBUG o.s.web.client.RestTemplate - Response 200 OK
2025-09-24 16:44:48 [DiscoveryClient-CacheRefreshExecutor-%d] DEBUG o.s.web.client.RestTemplate - Reading to [org.springframework.cloud.netflix.eureka.http.EurekaApplications]
2025-09-24 16:45:06 [AsyncResolver-bootstrap-executor-%d] INFO  c.n.d.s.r.aws.ConfigClusterResolver - Resolving eureka endpoints via configuration
2025-09-24 16:45:18 [DiscoveryClient-CacheRefreshExecutor-%d] DEBUG o.s.web.client.RestTemplate - HTTP GET http://localhost:8761/eureka/apps/delta
2025-09-24 16:45:18 [DiscoveryClient-HeartbeatExecutor-%d] DEBUG o.s.web.client.RestTemplate - HTTP PUT http://localhost:8761/eureka/apps/BOOKING-SERVICE/GT0126:booking-service:9004?status=UP&lastDirtyTimestamp=1758708645140
2025-09-24 16:45:18 [DiscoveryClient-HeartbeatExecutor-%d] DEBUG o.s.web.client.RestTemplate - Accept=[application/json, application/*+json]
2025-09-24 16:45:18 [DiscoveryClient-CacheRefreshExecutor-%d] DEBUG o.s.web.client.RestTemplate - Accept=[application/json, application/*+json]
2025-09-24 16:45:18 [DiscoveryClient-HeartbeatExecutor-%d] DEBUG o.s.web.client.RestTemplate - Response 200 OK
2025-09-24 16:45:18 [DiscoveryClient-CacheRefreshExecutor-%d] DEBUG o.s.web.client.RestTemplate - Response 200 OK
2025-09-24 16:45:18 [DiscoveryClient-CacheRefreshExecutor-%d] DEBUG o.s.web.client.RestTemplate - Reading to [org.springframework.cloud.netflix.eureka.http.EurekaApplications]
2025-09-24 16:45:48 [DiscoveryClient-HeartbeatExecutor-%d] DEBUG o.s.web.client.RestTemplate - HTTP PUT http://localhost:8761/eureka/apps/BOOKING-SERVICE/GT0126:booking-service:9004?status=UP&lastDirtyTimestamp=1758708645140
2025-09-24 16:45:48 [DiscoveryClient-CacheRefreshExecutor-%d] DEBUG o.s.web.client.RestTemplate - HTTP GET http://localhost:8761/eureka/apps/delta
2025-09-24 16:45:48 [DiscoveryClient-CacheRefreshExecutor-%d] DEBUG o.s.web.client.RestTemplate - Accept=[application/json, application/*+json]
2025-09-24 16:45:48 [DiscoveryClient-HeartbeatExecutor-%d] DEBUG o.s.web.client.RestTemplate - Accept=[application/json, application/*+json]
2025-09-24 16:45:48 [DiscoveryClient-HeartbeatExecutor-%d] DEBUG o.s.web.client.RestTemplate - Response 200 OK
2025-09-24 16:45:48 [DiscoveryClient-CacheRefreshExecutor-%d] DEBUG o.s.web.client.RestTemplate - Response 200 OK
2025-09-24 16:45:48 [DiscoveryClient-CacheRefreshExecutor-%d] DEBUG o.s.web.client.RestTemplate - Reading to [org.springframework.cloud.netflix.eureka.http.EurekaApplications]
2025-09-24 16:46:18 [DiscoveryClient-HeartbeatExecutor-%d] DEBUG o.s.web.client.RestTemplate - HTTP PUT http://localhost:8761/eureka/apps/BOOKING-SERVICE/GT0126:booking-service:9004?status=UP&lastDirtyTimestamp=1758708645140
2025-09-24 16:46:18 [DiscoveryClient-CacheRefreshExecutor-%d] DEBUG o.s.web.client.RestTemplate - HTTP GET http://localhost:8761/eureka/apps/delta
2025-09-24 16:46:18 [DiscoveryClient-CacheRefreshExecutor-%d] DEBUG o.s.web.client.RestTemplate - Accept=[application/json, application/*+json]
2025-09-24 16:46:18 [DiscoveryClient-HeartbeatExecutor-%d] DEBUG o.s.web.client.RestTemplate - Accept=[application/json, application/*+json]
2025-09-24 16:46:18 [DiscoveryClient-CacheRefreshExecutor-%d] DEBUG o.s.web.client.RestTemplate - Response 200 OK
2025-09-24 16:46:18 [DiscoveryClient-HeartbeatExecutor-%d] DEBUG o.s.web.client.RestTemplate - Response 200 OK
2025-09-24 16:46:18 [DiscoveryClient-CacheRefreshExecutor-%d] DEBUG o.s.web.client.RestTemplate - Reading to [org.springframework.cloud.netflix.eureka.http.EurekaApplications]
2025-09-24 16:46:48 [DiscoveryClient-HeartbeatExecutor-%d] DEBUG o.s.web.client.RestTemplate - HTTP PUT http://localhost:8761/eureka/apps/BOOKING-SERVICE/GT0126:booking-service:9004?status=UP&lastDirtyTimestamp=1758708645140
2025-09-24 16:46:48 [DiscoveryClient-CacheRefreshExecutor-%d] DEBUG o.s.web.client.RestTemplate - HTTP GET http://localhost:8761/eureka/apps/delta
2025-09-24 16:46:48 [DiscoveryClient-HeartbeatExecutor-%d] DEBUG o.s.web.client.RestTemplate - Accept=[application/json, application/*+json]
2025-09-24 16:46:48 [DiscoveryClient-CacheRefreshExecutor-%d] DEBUG o.s.web.client.RestTemplate - Accept=[application/json, application/*+json]
2025-09-24 16:46:48 [DiscoveryClient-HeartbeatExecutor-%d] DEBUG o.s.web.client.RestTemplate - Response 200 OK
2025-09-24 16:46:48 [DiscoveryClient-CacheRefreshExecutor-%d] DEBUG o.s.web.client.RestTemplate - Response 200 OK
2025-09-24 16:46:48 [DiscoveryClient-CacheRefreshExecutor-%d] DEBUG o.s.web.client.RestTemplate - Reading to [org.springframework.cloud.netflix.eureka.http.EurekaApplications]
2025-09-24 16:47:18 [DiscoveryClient-HeartbeatExecutor-%d] DEBUG o.s.web.client.RestTemplate - HTTP PUT http://localhost:8761/eureka/apps/BOOKING-SERVICE/GT0126:booking-service:9004?status=UP&lastDirtyTimestamp=1758708645140
2025-09-24 16:47:18 [DiscoveryClient-HeartbeatExecutor-%d] DEBUG o.s.web.client.RestTemplate - Accept=[application/json, application/*+json]
2025-09-24 16:47:18 [DiscoveryClient-HeartbeatExecutor-%d] DEBUG o.s.web.client.RestTemplate - Response 200 OK
2025-09-24 16:47:18 [DiscoveryClient-CacheRefreshExecutor-%d] DEBUG o.s.web.client.RestTemplate - HTTP GET http://localhost:8761/eureka/apps/delta
2025-09-24 16:47:18 [DiscoveryClient-CacheRefreshExecutor-%d] DEBUG o.s.web.client.RestTemplate - Accept=[application/json, application/*+json]
2025-09-24 16:47:18 [DiscoveryClient-CacheRefreshExecutor-%d] DEBUG o.s.web.client.RestTemplate - Response 200 OK
2025-09-24 16:47:18 [DiscoveryClient-CacheRefreshExecutor-%d] DEBUG o.s.web.client.RestTemplate - Reading to [org.springframework.cloud.netflix.eureka.http.EurekaApplications]
2025-09-24 16:47:48 [DiscoveryClient-HeartbeatExecutor-%d] DEBUG o.s.web.client.RestTemplate - HTTP PUT http://localhost:8761/eureka/apps/BOOKING-SERVICE/GT0126:booking-service:9004?status=UP&lastDirtyTimestamp=1758708645140
2025-09-24 16:47:48 [DiscoveryClient-HeartbeatExecutor-%d] DEBUG o.s.web.client.RestTemplate - Accept=[application/json, application/*+json]
2025-09-24 16:47:48 [DiscoveryClient-HeartbeatExecutor-%d] DEBUG o.s.web.client.RestTemplate - Response 200 OK
2025-09-24 16:47:48 [DiscoveryClient-CacheRefreshExecutor-%d] DEBUG o.s.web.client.RestTemplate - HTTP GET http://localhost:8761/eureka/apps/delta
2025-09-24 16:47:48 [DiscoveryClient-CacheRefreshExecutor-%d] DEBUG o.s.web.client.RestTemplate - Accept=[application/json, application/*+json]
2025-09-24 16:47:48 [DiscoveryClient-CacheRefreshExecutor-%d] DEBUG o.s.web.client.RestTemplate - Response 200 OK
2025-09-24 16:47:48 [DiscoveryClient-CacheRefreshExecutor-%d] DEBUG o.s.web.client.RestTemplate - Reading to [org.springframework.cloud.netflix.eureka.http.EurekaApplications]
2025-09-24 16:48:18 [DiscoveryClient-HeartbeatExecutor-%d] DEBUG o.s.web.client.RestTemplate - HTTP PUT http://localhost:8761/eureka/apps/BOOKING-SERVICE/GT0126:booking-service:9004?status=UP&lastDirtyTimestamp=1758708645140
2025-09-24 16:48:18 [DiscoveryClient-HeartbeatExecutor-%d] DEBUG o.s.web.client.RestTemplate - Accept=[application/json, application/*+json]
2025-09-24 16:48:18 [DiscoveryClient-HeartbeatExecutor-%d] DEBUG o.s.web.client.RestTemplate - Response 200 OK
2025-09-24 16:48:18 [DiscoveryClient-CacheRefreshExecutor-%d] DEBUG o.s.web.client.RestTemplate - HTTP GET http://localhost:8761/eureka/apps/delta
2025-09-24 16:48:18 [DiscoveryClient-CacheRefreshExecutor-%d] DEBUG o.s.web.client.RestTemplate - Accept=[application/json, application/*+json]
2025-09-24 16:48:18 [DiscoveryClient-CacheRefreshExecutor-%d] DEBUG o.s.web.client.RestTemplate - Response 200 OK
2025-09-24 16:48:18 [DiscoveryClient-CacheRefreshExecutor-%d] DEBUG o.s.web.client.RestTemplate - Reading to [org.springframework.cloud.netflix.eureka.http.EurekaApplications]
2025-09-24 16:48:48 [DiscoveryClient-HeartbeatExecutor-%d] DEBUG o.s.web.client.RestTemplate - HTTP PUT http://localhost:8761/eureka/apps/BOOKING-SERVICE/GT0126:booking-service:9004?status=UP&lastDirtyTimestamp=1758708645140
2025-09-24 16:48:48 [DiscoveryClient-HeartbeatExecutor-%d] DEBUG o.s.web.client.RestTemplate - Accept=[application/json, application/*+json]
2025-09-24 16:48:48 [DiscoveryClient-HeartbeatExecutor-%d] DEBUG o.s.web.client.RestTemplate - Response 200 OK
2025-09-24 16:48:48 [DiscoveryClient-CacheRefreshExecutor-%d] DEBUG o.s.web.client.RestTemplate - HTTP GET http://localhost:8761/eureka/apps/delta
2025-09-24 16:48:48 [DiscoveryClient-CacheRefreshExecutor-%d] DEBUG o.s.web.client.RestTemplate - Accept=[application/json, application/*+json]
2025-09-24 16:48:48 [DiscoveryClient-CacheRefreshExecutor-%d] DEBUG o.s.web.client.RestTemplate - Response 200 OK
2025-09-24 16:48:48 [DiscoveryClient-CacheRefreshExecutor-%d] DEBUG o.s.web.client.RestTemplate - Reading to [org.springframework.cloud.netflix.eureka.http.EurekaApplications]
2025-09-24 16:49:18 [DiscoveryClient-HeartbeatExecutor-%d] DEBUG o.s.web.client.RestTemplate - HTTP PUT http://localhost:8761/eureka/apps/BOOKING-SERVICE/GT0126:booking-service:9004?status=UP&lastDirtyTimestamp=1758708645140
2025-09-24 16:49:18 [DiscoveryClient-HeartbeatExecutor-%d] DEBUG o.s.web.client.RestTemplate - Accept=[application/json, application/*+json]
2025-09-24 16:49:18 [DiscoveryClient-HeartbeatExecutor-%d] DEBUG o.s.web.client.RestTemplate - Response 200 OK
2025-09-24 16:49:18 [DiscoveryClient-CacheRefreshExecutor-%d] DEBUG o.s.web.client.RestTemplate - HTTP GET http://localhost:8761/eureka/apps/delta
2025-09-24 16:49:18 [DiscoveryClient-CacheRefreshExecutor-%d] DEBUG o.s.web.client.RestTemplate - Accept=[application/json, application/*+json]
2025-09-24 16:49:18 [DiscoveryClient-CacheRefreshExecutor-%d] DEBUG o.s.web.client.RestTemplate - Response 200 OK
2025-09-24 16:49:18 [DiscoveryClient-CacheRefreshExecutor-%d] DEBUG o.s.web.client.RestTemplate - Reading to [org.springframework.cloud.netflix.eureka.http.EurekaApplications]
2025-09-24 16:49:48 [DiscoveryClient-HeartbeatExecutor-%d] DEBUG o.s.web.client.RestTemplate - HTTP PUT http://localhost:8761/eureka/apps/BOOKING-SERVICE/GT0126:booking-service:9004?status=UP&lastDirtyTimestamp=1758708645140
2025-09-24 16:49:48 [DiscoveryClient-HeartbeatExecutor-%d] DEBUG o.s.web.client.RestTemplate - Accept=[application/json, application/*+json]
2025-09-24 16:49:48 [DiscoveryClient-HeartbeatExecutor-%d] DEBUG o.s.web.client.RestTemplate - Response 200 OK
2025-09-24 16:49:48 [DiscoveryClient-CacheRefreshExecutor-%d] DEBUG o.s.web.client.RestTemplate - HTTP GET http://localhost:8761/eureka/apps/delta
2025-09-24 16:49:48 [DiscoveryClient-CacheRefreshExecutor-%d] DEBUG o.s.web.client.RestTemplate - Accept=[application/json, application/*+json]
2025-09-24 16:49:48 [DiscoveryClient-CacheRefreshExecutor-%d] DEBUG o.s.web.client.RestTemplate - Response 200 OK
2025-09-24 16:49:48 [DiscoveryClient-CacheRefreshExecutor-%d] DEBUG o.s.web.client.RestTemplate - Reading to [org.springframework.cloud.netflix.eureka.http.EurekaApplications]
2025-09-24 16:50:06 [AsyncResolver-bootstrap-executor-%d] INFO  c.n.d.s.r.aws.ConfigClusterResolver - Resolving eureka endpoints via configuration
2025-09-24 16:50:18 [DiscoveryClient-HeartbeatExecutor-%d] DEBUG o.s.web.client.RestTemplate - HTTP PUT http://localhost:8761/eureka/apps/BOOKING-SERVICE/GT0126:booking-service:9004?status=UP&lastDirtyTimestamp=1758708645140
2025-09-24 16:50:18 [DiscoveryClient-HeartbeatExecutor-%d] DEBUG o.s.web.client.RestTemplate - Accept=[application/json, application/*+json]
2025-09-24 16:50:18 [DiscoveryClient-HeartbeatExecutor-%d] DEBUG o.s.web.client.RestTemplate - Response 200 OK
2025-09-24 16:50:18 [DiscoveryClient-CacheRefreshExecutor-%d] DEBUG o.s.web.client.RestTemplate - HTTP GET http://localhost:8761/eureka/apps/delta
2025-09-24 16:50:18 [DiscoveryClient-CacheRefreshExecutor-%d] DEBUG o.s.web.client.RestTemplate - Accept=[application/json, application/*+json]
2025-09-24 16:50:18 [DiscoveryClient-CacheRefreshExecutor-%d] DEBUG o.s.web.client.RestTemplate - Response 200 OK
2025-09-24 16:50:18 [DiscoveryClient-CacheRefreshExecutor-%d] DEBUG o.s.web.client.RestTemplate - Reading to [org.springframework.cloud.netflix.eureka.http.EurekaApplications]
2025-09-24 16:50:49 [DiscoveryClient-CacheRefreshExecutor-%d] DEBUG o.s.web.client.RestTemplate - HTTP GET http://localhost:8761/eureka/apps/delta
2025-09-24 16:50:49 [DiscoveryClient-CacheRefreshExecutor-%d] DEBUG o.s.web.client.RestTemplate - Accept=[application/json, application/*+json]
2025-09-24 16:50:49 [DiscoveryClient-HeartbeatExecutor-%d] DEBUG o.s.web.client.RestTemplate - HTTP PUT http://localhost:8761/eureka/apps/BOOKING-SERVICE/GT0126:booking-service:9004?status=UP&lastDirtyTimestamp=1758708645140
2025-09-24 16:50:49 [DiscoveryClient-HeartbeatExecutor-%d] DEBUG o.s.web.client.RestTemplate - Accept=[application/json, application/*+json]
2025-09-24 16:50:49 [DiscoveryClient-CacheRefreshExecutor-%d] DEBUG o.s.web.client.RestTemplate - Response 200 OK
2025-09-24 16:50:49 [DiscoveryClient-CacheRefreshExecutor-%d] DEBUG o.s.web.client.RestTemplate - Reading to [org.springframework.cloud.netflix.eureka.http.EurekaApplications]
2025-09-24 16:50:49 [DiscoveryClient-HeartbeatExecutor-%d] DEBUG o.s.web.client.RestTemplate - Response 200 OK
2025-09-24 16:51:19 [DiscoveryClient-CacheRefreshExecutor-%d] DEBUG o.s.web.client.RestTemplate - HTTP GET http://localhost:8761/eureka/apps/delta
2025-09-24 16:51:19 [DiscoveryClient-CacheRefreshExecutor-%d] DEBUG o.s.web.client.RestTemplate - Accept=[application/json, application/*+json]
2025-09-24 16:51:19 [DiscoveryClient-CacheRefreshExecutor-%d] DEBUG o.s.web.client.RestTemplate - Response 200 OK
2025-09-24 16:51:19 [DiscoveryClient-CacheRefreshExecutor-%d] DEBUG o.s.web.client.RestTemplate - Reading to [org.springframework.cloud.netflix.eureka.http.EurekaApplications]
2025-09-24 16:51:19 [DiscoveryClient-HeartbeatExecutor-%d] DEBUG o.s.web.client.RestTemplate - HTTP PUT http://localhost:8761/eureka/apps/BOOKING-SERVICE/GT0126:booking-service:9004?status=UP&lastDirtyTimestamp=1758708645140
2025-09-24 16:51:19 [DiscoveryClient-HeartbeatExecutor-%d] DEBUG o.s.web.client.RestTemplate - Accept=[application/json, application/*+json]
2025-09-24 16:51:19 [DiscoveryClient-HeartbeatExecutor-%d] DEBUG o.s.web.client.RestTemplate - Response 200 OK
2025-09-24 16:51:49 [DiscoveryClient-HeartbeatExecutor-%d] DEBUG o.s.web.client.RestTemplate - HTTP PUT http://localhost:8761/eureka/apps/BOOKING-SERVICE/GT0126:booking-service:9004?status=UP&lastDirtyTimestamp=1758708645140
2025-09-24 16:51:49 [DiscoveryClient-HeartbeatExecutor-%d] DEBUG o.s.web.client.RestTemplate - Accept=[application/json, application/*+json]
2025-09-24 16:51:49 [DiscoveryClient-HeartbeatExecutor-%d] DEBUG o.s.web.client.RestTemplate - Response 200 OK
2025-09-24 16:51:49 [DiscoveryClient-CacheRefreshExecutor-%d] DEBUG o.s.web.client.RestTemplate - HTTP GET http://localhost:8761/eureka/apps/delta
2025-09-24 16:51:49 [DiscoveryClient-CacheRefreshExecutor-%d] DEBUG o.s.web.client.RestTemplate - Accept=[application/json, application/*+json]
2025-09-24 16:51:49 [DiscoveryClient-CacheRefreshExecutor-%d] DEBUG o.s.web.client.RestTemplate - Response 200 OK
2025-09-24 16:51:49 [DiscoveryClient-CacheRefreshExecutor-%d] DEBUG o.s.web.client.RestTemplate - Reading to [org.springframework.cloud.netflix.eureka.http.EurekaApplications]
2025-09-24 16:52:19 [DiscoveryClient-HeartbeatExecutor-%d] DEBUG o.s.web.client.RestTemplate - HTTP PUT http://localhost:8761/eureka/apps/BOOKING-SERVICE/GT0126:booking-service:9004?status=UP&lastDirtyTimestamp=1758708645140
2025-09-24 16:52:19 [DiscoveryClient-HeartbeatExecutor-%d] DEBUG o.s.web.client.RestTemplate - Accept=[application/json, application/*+json]
2025-09-24 16:52:19 [DiscoveryClient-HeartbeatExecutor-%d] DEBUG o.s.web.client.RestTemplate - Response 200 OK
2025-09-24 16:52:19 [DiscoveryClient-CacheRefreshExecutor-%d] DEBUG o.s.web.client.RestTemplate - HTTP GET http://localhost:8761/eureka/apps/delta
2025-09-24 16:52:19 [DiscoveryClient-CacheRefreshExecutor-%d] DEBUG o.s.web.client.RestTemplate - Accept=[application/json, application/*+json]
2025-09-24 16:52:19 [DiscoveryClient-CacheRefreshExecutor-%d] DEBUG o.s.web.client.RestTemplate - Response 200 OK
2025-09-24 16:52:19 [DiscoveryClient-CacheRefreshExecutor-%d] DEBUG o.s.web.client.RestTemplate - Reading to [org.springframework.cloud.netflix.eureka.http.EurekaApplications]
2025-09-24 16:52:49 [DiscoveryClient-HeartbeatExecutor-%d] DEBUG o.s.web.client.RestTemplate - HTTP PUT http://localhost:8761/eureka/apps/BOOKING-SERVICE/GT0126:booking-service:9004?status=UP&lastDirtyTimestamp=1758708645140
2025-09-24 16:52:49 [DiscoveryClient-HeartbeatExecutor-%d] DEBUG o.s.web.client.RestTemplate - Accept=[application/json, application/*+json]
2025-09-24 16:52:49 [DiscoveryClient-HeartbeatExecutor-%d] DEBUG o.s.web.client.RestTemplate - Response 200 OK
2025-09-24 16:52:49 [DiscoveryClient-CacheRefreshExecutor-%d] DEBUG o.s.web.client.RestTemplate - HTTP GET http://localhost:8761/eureka/apps/delta
2025-09-24 16:52:49 [DiscoveryClient-CacheRefreshExecutor-%d] DEBUG o.s.web.client.RestTemplate - Accept=[application/json, application/*+json]
2025-09-24 16:52:49 [DiscoveryClient-CacheRefreshExecutor-%d] DEBUG o.s.web.client.RestTemplate - Response 200 OK
2025-09-24 16:52:49 [DiscoveryClient-CacheRefreshExecutor-%d] DEBUG o.s.web.client.RestTemplate - Reading to [org.springframework.cloud.netflix.eureka.http.EurekaApplications]
2025-09-24 16:53:19 [DiscoveryClient-HeartbeatExecutor-%d] DEBUG o.s.web.client.RestTemplate - HTTP PUT http://localhost:8761/eureka/apps/BOOKING-SERVICE/GT0126:booking-service:9004?status=UP&lastDirtyTimestamp=1758708645140
2025-09-24 16:53:19 [DiscoveryClient-HeartbeatExecutor-%d] DEBUG o.s.web.client.RestTemplate - Accept=[application/json, application/*+json]
2025-09-24 16:53:19 [DiscoveryClient-HeartbeatExecutor-%d] DEBUG o.s.web.client.RestTemplate - Response 200 OK
2025-09-24 16:53:19 [DiscoveryClient-CacheRefreshExecutor-%d] DEBUG o.s.web.client.RestTemplate - HTTP GET http://localhost:8761/eureka/apps/delta
2025-09-24 16:53:19 [DiscoveryClient-CacheRefreshExecutor-%d] DEBUG o.s.web.client.RestTemplate - Accept=[application/json, application/*+json]
2025-09-24 16:53:19 [DiscoveryClient-CacheRefreshExecutor-%d] DEBUG o.s.web.client.RestTemplate - Response 200 OK
2025-09-24 16:53:19 [DiscoveryClient-CacheRefreshExecutor-%d] DEBUG o.s.web.client.RestTemplate - Reading to [org.springframework.cloud.netflix.eureka.http.EurekaApplications]
2025-09-24 16:53:49 [DiscoveryClient-HeartbeatExecutor-%d] DEBUG o.s.web.client.RestTemplate - HTTP PUT http://localhost:8761/eureka/apps/BOOKING-SERVICE/GT0126:booking-service:9004?status=UP&lastDirtyTimestamp=1758708645140
2025-09-24 16:53:49 [DiscoveryClient-HeartbeatExecutor-%d] DEBUG o.s.web.client.RestTemplate - Accept=[application/json, application/*+json]
2025-09-24 16:53:49 [DiscoveryClient-HeartbeatExecutor-%d] DEBUG o.s.web.client.RestTemplate - Response 200 OK
2025-09-24 16:53:49 [DiscoveryClient-CacheRefreshExecutor-%d] DEBUG o.s.web.client.RestTemplate - HTTP GET http://localhost:8761/eureka/apps/delta
2025-09-24 16:53:49 [DiscoveryClient-CacheRefreshExecutor-%d] DEBUG o.s.web.client.RestTemplate - Accept=[application/json, application/*+json]
2025-09-24 16:53:49 [DiscoveryClient-CacheRefreshExecutor-%d] DEBUG o.s.web.client.RestTemplate - Response 200 OK
2025-09-24 16:53:49 [DiscoveryClient-CacheRefreshExecutor-%d] DEBUG o.s.web.client.RestTemplate - Reading to [org.springframework.cloud.netflix.eureka.http.EurekaApplications]
2025-09-24 16:54:19 [DiscoveryClient-HeartbeatExecutor-%d] DEBUG o.s.web.client.RestTemplate - HTTP PUT http://localhost:8761/eureka/apps/BOOKING-SERVICE/GT0126:booking-service:9004?status=UP&lastDirtyTimestamp=1758708645140
2025-09-24 16:54:19 [DiscoveryClient-HeartbeatExecutor-%d] DEBUG o.s.web.client.RestTemplate - Accept=[application/json, application/*+json]
2025-09-24 16:54:19 [DiscoveryClient-HeartbeatExecutor-%d] DEBUG o.s.web.client.RestTemplate - Response 200 OK
2025-09-24 16:54:19 [DiscoveryClient-CacheRefreshExecutor-%d] DEBUG o.s.web.client.RestTemplate - HTTP GET http://localhost:8761/eureka/apps/delta
2025-09-24 16:54:19 [DiscoveryClient-CacheRefreshExecutor-%d] DEBUG o.s.web.client.RestTemplate - Accept=[application/json, application/*+json]
2025-09-24 16:54:19 [DiscoveryClient-CacheRefreshExecutor-%d] DEBUG o.s.web.client.RestTemplate - Response 200 OK
2025-09-24 16:54:19 [DiscoveryClient-CacheRefreshExecutor-%d] DEBUG o.s.web.client.RestTemplate - Reading to [org.springframework.cloud.netflix.eureka.http.EurekaApplications]
2025-09-24 16:54:49 [DiscoveryClient-HeartbeatExecutor-%d] DEBUG o.s.web.client.RestTemplate - HTTP PUT http://localhost:8761/eureka/apps/BOOKING-SERVICE/GT0126:booking-service:9004?status=UP&lastDirtyTimestamp=1758708645140
2025-09-24 16:54:49 [DiscoveryClient-HeartbeatExecutor-%d] DEBUG o.s.web.client.RestTemplate - Accept=[application/json, application/*+json]
2025-09-24 16:54:49 [DiscoveryClient-CacheRefreshExecutor-%d] DEBUG o.s.web.client.RestTemplate - HTTP GET http://localhost:8761/eureka/apps/delta
2025-09-24 16:54:49 [DiscoveryClient-CacheRefreshExecutor-%d] DEBUG o.s.web.client.RestTemplate - Accept=[application/json, application/*+json]
2025-09-24 16:54:49 [DiscoveryClient-HeartbeatExecutor-%d] DEBUG o.s.web.client.RestTemplate - Response 200 OK
2025-09-24 16:54:49 [DiscoveryClient-CacheRefreshExecutor-%d] DEBUG o.s.web.client.RestTemplate - Response 200 OK
2025-09-24 16:54:49 [DiscoveryClient-CacheRefreshExecutor-%d] DEBUG o.s.web.client.RestTemplate - Reading to [org.springframework.cloud.netflix.eureka.http.EurekaApplications]
2025-09-24 16:55:06 [AsyncResolver-bootstrap-executor-%d] INFO  c.n.d.s.r.aws.ConfigClusterResolver - Resolving eureka endpoints via configuration
2025-09-24 16:55:19 [DiscoveryClient-HeartbeatExecutor-%d] DEBUG o.s.web.client.RestTemplate - HTTP PUT http://localhost:8761/eureka/apps/BOOKING-SERVICE/GT0126:booking-service:9004?status=UP&lastDirtyTimestamp=1758708645140
2025-09-24 16:55:19 [DiscoveryClient-HeartbeatExecutor-%d] DEBUG o.s.web.client.RestTemplate - Accept=[application/json, application/*+json]
2025-09-24 16:55:19 [DiscoveryClient-CacheRefreshExecutor-%d] DEBUG o.s.web.client.RestTemplate - HTTP GET http://localhost:8761/eureka/apps/delta
2025-09-24 16:55:19 [DiscoveryClient-CacheRefreshExecutor-%d] DEBUG o.s.web.client.RestTemplate - Accept=[application/json, application/*+json]
2025-09-24 16:55:19 [DiscoveryClient-CacheRefreshExecutor-%d] DEBUG o.s.web.client.RestTemplate - Response 200 OK
2025-09-24 16:55:19 [DiscoveryClient-HeartbeatExecutor-%d] DEBUG o.s.web.client.RestTemplate - Response 200 OK
2025-09-24 16:55:19 [DiscoveryClient-CacheRefreshExecutor-%d] DEBUG o.s.web.client.RestTemplate - Reading to [org.springframework.cloud.netflix.eureka.http.EurekaApplications]
2025-09-24 16:55:49 [DiscoveryClient-HeartbeatExecutor-%d] DEBUG o.s.web.client.RestTemplate - HTTP PUT http://localhost:8761/eureka/apps/BOOKING-SERVICE/GT0126:booking-service:9004?status=UP&lastDirtyTimestamp=1758708645140
2025-09-24 16:55:49 [DiscoveryClient-HeartbeatExecutor-%d] DEBUG o.s.web.client.RestTemplate - Accept=[application/json, application/*+json]
2025-09-24 16:55:49 [DiscoveryClient-HeartbeatExecutor-%d] DEBUG o.s.web.client.RestTemplate - Response 200 OK
2025-09-24 16:55:49 [DiscoveryClient-CacheRefreshExecutor-%d] DEBUG o.s.web.client.RestTemplate - HTTP GET http://localhost:8761/eureka/apps/delta
2025-09-24 16:55:49 [DiscoveryClient-CacheRefreshExecutor-%d] DEBUG o.s.web.client.RestTemplate - Accept=[application/json, application/*+json]
2025-09-24 16:55:49 [DiscoveryClient-CacheRefreshExecutor-%d] DEBUG o.s.web.client.RestTemplate - Response 200 OK
2025-09-24 16:55:49 [DiscoveryClient-CacheRefreshExecutor-%d] DEBUG o.s.web.client.RestTemplate - Reading to [org.springframework.cloud.netflix.eureka.http.EurekaApplications]
2025-09-24 16:56:19 [DiscoveryClient-HeartbeatExecutor-%d] DEBUG o.s.web.client.RestTemplate - HTTP PUT http://localhost:8761/eureka/apps/BOOKING-SERVICE/GT0126:booking-service:9004?status=UP&lastDirtyTimestamp=1758708645140
2025-09-24 16:56:19 [DiscoveryClient-HeartbeatExecutor-%d] DEBUG o.s.web.client.RestTemplate - Accept=[application/json, application/*+json]
2025-09-24 16:56:19 [DiscoveryClient-HeartbeatExecutor-%d] DEBUG o.s.web.client.RestTemplate - Response 200 OK
2025-09-24 16:56:19 [DiscoveryClient-CacheRefreshExecutor-%d] DEBUG o.s.web.client.RestTemplate - HTTP GET http://localhost:8761/eureka/apps/delta
2025-09-24 16:56:19 [DiscoveryClient-CacheRefreshExecutor-%d] DEBUG o.s.web.client.RestTemplate - Accept=[application/json, application/*+json]
2025-09-24 16:56:19 [DiscoveryClient-CacheRefreshExecutor-%d] DEBUG o.s.web.client.RestTemplate - Response 200 OK
2025-09-24 16:56:19 [DiscoveryClient-CacheRefreshExecutor-%d] DEBUG o.s.web.client.RestTemplate - Reading to [org.springframework.cloud.netflix.eureka.http.EurekaApplications]
2025-09-24 16:56:49 [DiscoveryClient-HeartbeatExecutor-%d] DEBUG o.s.web.client.RestTemplate - HTTP PUT http://localhost:8761/eureka/apps/BOOKING-SERVICE/GT0126:booking-service:9004?status=UP&lastDirtyTimestamp=1758708645140
2025-09-24 16:56:49 [DiscoveryClient-HeartbeatExecutor-%d] DEBUG o.s.web.client.RestTemplate - Accept=[application/json, application/*+json]
2025-09-24 16:56:49 [DiscoveryClient-CacheRefreshExecutor-%d] DEBUG o.s.web.client.RestTemplate - HTTP GET http://localhost:8761/eureka/apps/delta
2025-09-24 16:56:49 [DiscoveryClient-CacheRefreshExecutor-%d] DEBUG o.s.web.client.RestTemplate - Accept=[application/json, application/*+json]
2025-09-24 16:56:49 [DiscoveryClient-HeartbeatExecutor-%d] DEBUG o.s.web.client.RestTemplate - Response 200 OK
2025-09-24 16:56:49 [DiscoveryClient-CacheRefreshExecutor-%d] DEBUG o.s.web.client.RestTemplate - Response 200 OK
2025-09-24 16:56:49 [DiscoveryClient-CacheRefreshExecutor-%d] DEBUG o.s.web.client.RestTemplate - Reading to [org.springframework.cloud.netflix.eureka.http.EurekaApplications]
2025-09-24 16:57:19 [DiscoveryClient-HeartbeatExecutor-%d] DEBUG o.s.web.client.RestTemplate - HTTP PUT http://localhost:8761/eureka/apps/BOOKING-SERVICE/GT0126:booking-service:9004?status=UP&lastDirtyTimestamp=1758708645140
2025-09-24 16:57:19 [DiscoveryClient-HeartbeatExecutor-%d] DEBUG o.s.web.client.RestTemplate - Accept=[application/json, application/*+json]
2025-09-24 16:57:19 [DiscoveryClient-CacheRefreshExecutor-%d] DEBUG o.s.web.client.RestTemplate - HTTP GET http://localhost:8761/eureka/apps/delta
2025-09-24 16:57:19 [DiscoveryClient-CacheRefreshExecutor-%d] DEBUG o.s.web.client.RestTemplate - Accept=[application/json, application/*+json]
2025-09-24 16:57:19 [DiscoveryClient-HeartbeatExecutor-%d] DEBUG o.s.web.client.RestTemplate - Response 200 OK
2025-09-24 16:57:19 [DiscoveryClient-CacheRefreshExecutor-%d] DEBUG o.s.web.client.RestTemplate - Response 200 OK
2025-09-24 16:57:19 [DiscoveryClient-CacheRefreshExecutor-%d] DEBUG o.s.web.client.RestTemplate - Reading to [org.springframework.cloud.netflix.eureka.http.EurekaApplications]
2025-09-24 16:57:49 [DiscoveryClient-HeartbeatExecutor-%d] DEBUG o.s.web.client.RestTemplate - HTTP PUT http://localhost:8761/eureka/apps/BOOKING-SERVICE/GT0126:booking-service:9004?status=UP&lastDirtyTimestamp=1758708645140
2025-09-24 16:57:49 [DiscoveryClient-HeartbeatExecutor-%d] DEBUG o.s.web.client.RestTemplate - Accept=[application/json, application/*+json]
2025-09-24 16:57:49 [DiscoveryClient-HeartbeatExecutor-%d] DEBUG o.s.web.client.RestTemplate - Response 200 OK
2025-09-24 16:57:49 [DiscoveryClient-CacheRefreshExecutor-%d] DEBUG o.s.web.client.RestTemplate - HTTP GET http://localhost:8761/eureka/apps/delta
2025-09-24 16:57:49 [DiscoveryClient-CacheRefreshExecutor-%d] DEBUG o.s.web.client.RestTemplate - Accept=[application/json, application/*+json]
2025-09-24 16:57:49 [DiscoveryClient-CacheRefreshExecutor-%d] DEBUG o.s.web.client.RestTemplate - Response 200 OK
2025-09-24 16:57:49 [DiscoveryClient-CacheRefreshExecutor-%d] DEBUG o.s.web.client.RestTemplate - Reading to [org.springframework.cloud.netflix.eureka.http.EurekaApplications]
2025-09-24 16:58:19 [DiscoveryClient-HeartbeatExecutor-%d] DEBUG o.s.web.client.RestTemplate - HTTP PUT http://localhost:8761/eureka/apps/BOOKING-SERVICE/GT0126:booking-service:9004?status=UP&lastDirtyTimestamp=1758708645140
2025-09-24 16:58:19 [DiscoveryClient-HeartbeatExecutor-%d] DEBUG o.s.web.client.RestTemplate - Accept=[application/json, application/*+json]
2025-09-24 16:58:19 [DiscoveryClient-CacheRefreshExecutor-%d] DEBUG o.s.web.client.RestTemplate - HTTP GET http://localhost:8761/eureka/apps/delta
2025-09-24 16:58:19 [DiscoveryClient-CacheRefreshExecutor-%d] DEBUG o.s.web.client.RestTemplate - Accept=[application/json, application/*+json]
2025-09-24 16:58:19 [DiscoveryClient-HeartbeatExecutor-%d] DEBUG o.s.web.client.RestTemplate - Response 200 OK
2025-09-24 16:58:19 [DiscoveryClient-CacheRefreshExecutor-%d] DEBUG o.s.web.client.RestTemplate - Response 200 OK
2025-09-24 16:58:19 [DiscoveryClient-CacheRefreshExecutor-%d] DEBUG o.s.web.client.RestTemplate - Reading to [org.springframework.cloud.netflix.eureka.http.EurekaApplications]
2025-09-24 16:58:49 [DiscoveryClient-HeartbeatExecutor-%d] DEBUG o.s.web.client.RestTemplate - HTTP PUT http://localhost:8761/eureka/apps/BOOKING-SERVICE/GT0126:booking-service:9004?status=UP&lastDirtyTimestamp=1758708645140
2025-09-24 16:58:49 [DiscoveryClient-HeartbeatExecutor-%d] DEBUG o.s.web.client.RestTemplate - Accept=[application/json, application/*+json]
2025-09-24 16:58:49 [DiscoveryClient-CacheRefreshExecutor-%d] DEBUG o.s.web.client.RestTemplate - HTTP GET http://localhost:8761/eureka/apps/delta
2025-09-24 16:58:49 [DiscoveryClient-CacheRefreshExecutor-%d] DEBUG o.s.web.client.RestTemplate - Accept=[application/json, application/*+json]
2025-09-24 16:58:49 [DiscoveryClient-HeartbeatExecutor-%d] DEBUG o.s.web.client.RestTemplate - Response 200 OK
2025-09-24 16:58:49 [DiscoveryClient-CacheRefreshExecutor-%d] DEBUG o.s.web.client.RestTemplate - Response 200 OK
2025-09-24 16:58:49 [DiscoveryClient-CacheRefreshExecutor-%d] DEBUG o.s.web.client.RestTemplate - Reading to [org.springframework.cloud.netflix.eureka.http.EurekaApplications]
2025-09-24 16:59:19 [DiscoveryClient-HeartbeatExecutor-%d] DEBUG o.s.web.client.RestTemplate - HTTP PUT http://localhost:8761/eureka/apps/BOOKING-SERVICE/GT0126:booking-service:9004?status=UP&lastDirtyTimestamp=1758708645140
2025-09-24 16:59:19 [DiscoveryClient-HeartbeatExecutor-%d] DEBUG o.s.web.client.RestTemplate - Accept=[application/json, application/*+json]
2025-09-24 16:59:19 [DiscoveryClient-HeartbeatExecutor-%d] DEBUG o.s.web.client.RestTemplate - Response 200 OK
2025-09-24 16:59:19 [DiscoveryClient-CacheRefreshExecutor-%d] DEBUG o.s.web.client.RestTemplate - HTTP GET http://localhost:8761/eureka/apps/delta
2025-09-24 16:59:19 [DiscoveryClient-CacheRefreshExecutor-%d] DEBUG o.s.web.client.RestTemplate - Accept=[application/json, application/*+json]
2025-09-24 16:59:19 [DiscoveryClient-CacheRefreshExecutor-%d] DEBUG o.s.web.client.RestTemplate - Response 200 OK
2025-09-24 16:59:19 [DiscoveryClient-CacheRefreshExecutor-%d] DEBUG o.s.web.client.RestTemplate - Reading to [org.springframework.cloud.netflix.eureka.http.EurekaApplications]
2025-09-24 16:59:49 [DiscoveryClient-HeartbeatExecutor-%d] DEBUG o.s.web.client.RestTemplate - HTTP PUT http://localhost:8761/eureka/apps/BOOKING-SERVICE/GT0126:booking-service:9004?status=UP&lastDirtyTimestamp=1758708645140
2025-09-24 16:59:49 [DiscoveryClient-HeartbeatExecutor-%d] DEBUG o.s.web.client.RestTemplate - Accept=[application/json, application/*+json]
2025-09-24 16:59:49 [DiscoveryClient-HeartbeatExecutor-%d] DEBUG o.s.web.client.RestTemplate - Response 200 OK
2025-09-24 16:59:49 [DiscoveryClient-CacheRefreshExecutor-%d] DEBUG o.s.web.client.RestTemplate - HTTP GET http://localhost:8761/eureka/apps/delta
2025-09-24 16:59:49 [DiscoveryClient-CacheRefreshExecutor-%d] DEBUG o.s.web.client.RestTemplate - Accept=[application/json, application/*+json]
2025-09-24 16:59:49 [DiscoveryClient-CacheRefreshExecutor-%d] DEBUG o.s.web.client.RestTemplate - Response 200 OK
2025-09-24 16:59:49 [DiscoveryClient-CacheRefreshExecutor-%d] DEBUG o.s.web.client.RestTemplate - Reading to [org.springframework.cloud.netflix.eureka.http.EurekaApplications]
2025-09-24 17:00:06 [AsyncResolver-bootstrap-executor-%d] INFO  c.n.d.s.r.aws.ConfigClusterResolver - Resolving eureka endpoints via configuration
2025-09-24 17:00:19 [DiscoveryClient-HeartbeatExecutor-%d] DEBUG o.s.web.client.RestTemplate - HTTP PUT http://localhost:8761/eureka/apps/BOOKING-SERVICE/GT0126:booking-service:9004?status=UP&lastDirtyTimestamp=1758708645140
2025-09-24 17:00:19 [DiscoveryClient-HeartbeatExecutor-%d] DEBUG o.s.web.client.RestTemplate - Accept=[application/json, application/*+json]
2025-09-24 17:00:19 [DiscoveryClient-HeartbeatExecutor-%d] DEBUG o.s.web.client.RestTemplate - Response 200 OK
2025-09-24 17:00:19 [DiscoveryClient-CacheRefreshExecutor-%d] DEBUG o.s.web.client.RestTemplate - HTTP GET http://localhost:8761/eureka/apps/delta
2025-09-24 17:00:19 [DiscoveryClient-CacheRefreshExecutor-%d] DEBUG o.s.web.client.RestTemplate - Accept=[application/json, application/*+json]
2025-09-24 17:00:19 [DiscoveryClient-CacheRefreshExecutor-%d] DEBUG o.s.web.client.RestTemplate - Response 200 OK
2025-09-24 17:00:19 [DiscoveryClient-CacheRefreshExecutor-%d] DEBUG o.s.web.client.RestTemplate - Reading to [org.springframework.cloud.netflix.eureka.http.EurekaApplications]
2025-09-24 17:00:49 [DiscoveryClient-HeartbeatExecutor-%d] DEBUG o.s.web.client.RestTemplate - HTTP PUT http://localhost:8761/eureka/apps/BOOKING-SERVICE/GT0126:booking-service:9004?status=UP&lastDirtyTimestamp=1758708645140
2025-09-24 17:00:49 [DiscoveryClient-HeartbeatExecutor-%d] DEBUG o.s.web.client.RestTemplate - Accept=[application/json, application/*+json]
2025-09-24 17:00:49 [DiscoveryClient-HeartbeatExecutor-%d] DEBUG o.s.web.client.RestTemplate - Response 200 OK
2025-09-24 17:00:49 [DiscoveryClient-CacheRefreshExecutor-%d] DEBUG o.s.web.client.RestTemplate - HTTP GET http://localhost:8761/eureka/apps/delta
2025-09-24 17:00:49 [DiscoveryClient-CacheRefreshExecutor-%d] DEBUG o.s.web.client.RestTemplate - Accept=[application/json, application/*+json]
2025-09-24 17:00:50 [DiscoveryClient-CacheRefreshExecutor-%d] DEBUG o.s.web.client.RestTemplate - Response 200 OK
2025-09-24 17:00:50 [DiscoveryClient-CacheRefreshExecutor-%d] DEBUG o.s.web.client.RestTemplate - Reading to [org.springframework.cloud.netflix.eureka.http.EurekaApplications]
2025-09-24 17:01:19 [DiscoveryClient-HeartbeatExecutor-%d] DEBUG o.s.web.client.RestTemplate - HTTP PUT http://localhost:8761/eureka/apps/BOOKING-SERVICE/GT0126:booking-service:9004?status=UP&lastDirtyTimestamp=1758708645140
2025-09-24 17:01:19 [DiscoveryClient-HeartbeatExecutor-%d] DEBUG o.s.web.client.RestTemplate - Accept=[application/json, application/*+json]
2025-09-24 17:01:19 [DiscoveryClient-HeartbeatExecutor-%d] DEBUG o.s.web.client.RestTemplate - Response 200 OK
2025-09-24 17:01:20 [DiscoveryClient-CacheRefreshExecutor-%d] DEBUG o.s.web.client.RestTemplate - HTTP GET http://localhost:8761/eureka/apps/delta
2025-09-24 17:01:20 [DiscoveryClient-CacheRefreshExecutor-%d] DEBUG o.s.web.client.RestTemplate - Accept=[application/json, application/*+json]
2025-09-24 17:01:20 [DiscoveryClient-CacheRefreshExecutor-%d] DEBUG o.s.web.client.RestTemplate - Response 200 OK
2025-09-24 17:01:20 [DiscoveryClient-CacheRefreshExecutor-%d] DEBUG o.s.web.client.RestTemplate - Reading to [org.springframework.cloud.netflix.eureka.http.EurekaApplications]
2025-09-24 17:01:49 [DiscoveryClient-HeartbeatExecutor-%d] DEBUG o.s.web.client.RestTemplate - HTTP PUT http://localhost:8761/eureka/apps/BOOKING-SERVICE/GT0126:booking-service:9004?status=UP&lastDirtyTimestamp=1758708645140
2025-09-24 17:01:49 [DiscoveryClient-HeartbeatExecutor-%d] DEBUG o.s.web.client.RestTemplate - Accept=[application/json, application/*+json]
2025-09-24 17:01:50 [DiscoveryClient-HeartbeatExecutor-%d] DEBUG o.s.web.client.RestTemplate - Response 200 OK
2025-09-24 17:01:50 [DiscoveryClient-CacheRefreshExecutor-%d] DEBUG o.s.web.client.RestTemplate - HTTP GET http://localhost:8761/eureka/apps/delta
2025-09-24 17:01:50 [DiscoveryClient-CacheRefreshExecutor-%d] DEBUG o.s.web.client.RestTemplate - Accept=[application/json, application/*+json]
2025-09-24 17:01:50 [DiscoveryClient-CacheRefreshExecutor-%d] DEBUG o.s.web.client.RestTemplate - Response 200 OK
2025-09-24 17:01:50 [DiscoveryClient-CacheRefreshExecutor-%d] DEBUG o.s.web.client.RestTemplate - Reading to [org.springframework.cloud.netflix.eureka.http.EurekaApplications]
2025-09-24 17:02:20 [DiscoveryClient-HeartbeatExecutor-%d] DEBUG o.s.web.client.RestTemplate - HTTP PUT http://localhost:8761/eureka/apps/BOOKING-SERVICE/GT0126:booking-service:9004?status=UP&lastDirtyTimestamp=1758708645140
2025-09-24 17:02:20 [DiscoveryClient-HeartbeatExecutor-%d] DEBUG o.s.web.client.RestTemplate - Accept=[application/json, application/*+json]
2025-09-24 17:02:20 [DiscoveryClient-HeartbeatExecutor-%d] DEBUG o.s.web.client.RestTemplate - Response 200 OK
2025-09-24 17:02:20 [DiscoveryClient-CacheRefreshExecutor-%d] DEBUG o.s.web.client.RestTemplate - HTTP GET http://localhost:8761/eureka/apps/delta
2025-09-24 17:02:20 [DiscoveryClient-CacheRefreshExecutor-%d] DEBUG o.s.web.client.RestTemplate - Accept=[application/json, application/*+json]
2025-09-24 17:02:20 [DiscoveryClient-CacheRefreshExecutor-%d] DEBUG o.s.web.client.RestTemplate - Response 200 OK
2025-09-24 17:02:20 [DiscoveryClient-CacheRefreshExecutor-%d] DEBUG o.s.web.client.RestTemplate - Reading to [org.springframework.cloud.netflix.eureka.http.EurekaApplications]
2025-09-24 17:02:50 [DiscoveryClient-HeartbeatExecutor-%d] DEBUG o.s.web.client.RestTemplate - HTTP PUT http://localhost:8761/eureka/apps/BOOKING-SERVICE/GT0126:booking-service:9004?status=UP&lastDirtyTimestamp=1758708645140
2025-09-24 17:02:50 [DiscoveryClient-HeartbeatExecutor-%d] DEBUG o.s.web.client.RestTemplate - Accept=[application/json, application/*+json]
2025-09-24 17:02:50 [DiscoveryClient-HeartbeatExecutor-%d] DEBUG o.s.web.client.RestTemplate - Response 200 OK
2025-09-24 17:02:50 [DiscoveryClient-CacheRefreshExecutor-%d] DEBUG o.s.web.client.RestTemplate - HTTP GET http://localhost:8761/eureka/apps/delta
2025-09-24 17:02:50 [DiscoveryClient-CacheRefreshExecutor-%d] DEBUG o.s.web.client.RestTemplate - Accept=[application/json, application/*+json]
2025-09-24 17:02:50 [DiscoveryClient-CacheRefreshExecutor-%d] DEBUG o.s.web.client.RestTemplate - Response 200 OK
2025-09-24 17:02:50 [DiscoveryClient-CacheRefreshExecutor-%d] DEBUG o.s.web.client.RestTemplate - Reading to [org.springframework.cloud.netflix.eureka.http.EurekaApplications]
2025-09-24 17:03:20 [DiscoveryClient-HeartbeatExecutor-%d] DEBUG o.s.web.client.RestTemplate - HTTP PUT http://localhost:8761/eureka/apps/BOOKING-SERVICE/GT0126:booking-service:9004?status=UP&lastDirtyTimestamp=1758708645140
2025-09-24 17:03:20 [DiscoveryClient-HeartbeatExecutor-%d] DEBUG o.s.web.client.RestTemplate - Accept=[application/json, application/*+json]
2025-09-24 17:03:20 [DiscoveryClient-HeartbeatExecutor-%d] DEBUG o.s.web.client.RestTemplate - Response 200 OK
2025-09-24 17:03:20 [DiscoveryClient-CacheRefreshExecutor-%d] DEBUG o.s.web.client.RestTemplate - HTTP GET http://localhost:8761/eureka/apps/delta
2025-09-24 17:03:20 [DiscoveryClient-CacheRefreshExecutor-%d] DEBUG o.s.web.client.RestTemplate - Accept=[application/json, application/*+json]
2025-09-24 17:03:20 [DiscoveryClient-CacheRefreshExecutor-%d] DEBUG o.s.web.client.RestTemplate - Response 200 OK
2025-09-24 17:03:20 [DiscoveryClient-CacheRefreshExecutor-%d] DEBUG o.s.web.client.RestTemplate - Reading to [org.springframework.cloud.netflix.eureka.http.EurekaApplications]
2025-09-24 17:03:50 [DiscoveryClient-HeartbeatExecutor-%d] DEBUG o.s.web.client.RestTemplate - HTTP PUT http://localhost:8761/eureka/apps/BOOKING-SERVICE/GT0126:booking-service:9004?status=UP&lastDirtyTimestamp=1758708645140
2025-09-24 17:03:50 [DiscoveryClient-HeartbeatExecutor-%d] DEBUG o.s.web.client.RestTemplate - Accept=[application/json, application/*+json]
2025-09-24 17:03:50 [DiscoveryClient-HeartbeatExecutor-%d] DEBUG o.s.web.client.RestTemplate - Response 200 OK
2025-09-24 17:03:50 [DiscoveryClient-CacheRefreshExecutor-%d] DEBUG o.s.web.client.RestTemplate - HTTP GET http://localhost:8761/eureka/apps/delta
2025-09-24 17:03:50 [DiscoveryClient-CacheRefreshExecutor-%d] DEBUG o.s.web.client.RestTemplate - Accept=[application/json, application/*+json]
2025-09-24 17:03:50 [DiscoveryClient-CacheRefreshExecutor-%d] DEBUG o.s.web.client.RestTemplate - Response 200 OK
2025-09-24 17:03:50 [DiscoveryClient-CacheRefreshExecutor-%d] DEBUG o.s.web.client.RestTemplate - Reading to [org.springframework.cloud.netflix.eureka.http.EurekaApplications]
2025-09-24 17:04:20 [DiscoveryClient-HeartbeatExecutor-%d] DEBUG o.s.web.client.RestTemplate - HTTP PUT http://localhost:8761/eureka/apps/BOOKING-SERVICE/GT0126:booking-service:9004?status=UP&lastDirtyTimestamp=1758708645140
2025-09-24 17:04:20 [DiscoveryClient-HeartbeatExecutor-%d] DEBUG o.s.web.client.RestTemplate - Accept=[application/json, application/*+json]
2025-09-24 17:04:20 [DiscoveryClient-HeartbeatExecutor-%d] DEBUG o.s.web.client.RestTemplate - Response 200 OK
2025-09-24 17:04:20 [DiscoveryClient-CacheRefreshExecutor-%d] DEBUG o.s.web.client.RestTemplate - HTTP GET http://localhost:8761/eureka/apps/delta
2025-09-24 17:04:20 [DiscoveryClient-CacheRefreshExecutor-%d] DEBUG o.s.web.client.RestTemplate - Accept=[application/json, application/*+json]
2025-09-24 17:04:20 [DiscoveryClient-CacheRefreshExecutor-%d] DEBUG o.s.web.client.RestTemplate - Response 200 OK
2025-09-24 17:04:20 [DiscoveryClient-CacheRefreshExecutor-%d] DEBUG o.s.web.client.RestTemplate - Reading to [org.springframework.cloud.netflix.eureka.http.EurekaApplications]
2025-09-24 17:04:50 [DiscoveryClient-HeartbeatExecutor-%d] DEBUG o.s.web.client.RestTemplate - HTTP PUT http://localhost:8761/eureka/apps/BOOKING-SERVICE/GT0126:booking-service:9004?status=UP&lastDirtyTimestamp=1758708645140
2025-09-24 17:04:50 [DiscoveryClient-HeartbeatExecutor-%d] DEBUG o.s.web.client.RestTemplate - Accept=[application/json, application/*+json]
2025-09-24 17:04:50 [DiscoveryClient-HeartbeatExecutor-%d] DEBUG o.s.web.client.RestTemplate - Response 200 OK
2025-09-24 17:04:50 [DiscoveryClient-CacheRefreshExecutor-%d] DEBUG o.s.web.client.RestTemplate - HTTP GET http://localhost:8761/eureka/apps/delta
2025-09-24 17:04:50 [DiscoveryClient-CacheRefreshExecutor-%d] DEBUG o.s.web.client.RestTemplate - Accept=[application/json, application/*+json]
2025-09-24 17:04:50 [DiscoveryClient-CacheRefreshExecutor-%d] DEBUG o.s.web.client.RestTemplate - Response 200 OK
2025-09-24 17:04:50 [DiscoveryClient-CacheRefreshExecutor-%d] DEBUG o.s.web.client.RestTemplate - Reading to [org.springframework.cloud.netflix.eureka.http.EurekaApplications]
2025-09-24 17:05:06 [AsyncResolver-bootstrap-executor-%d] INFO  c.n.d.s.r.aws.ConfigClusterResolver - Resolving eureka endpoints via configuration
2025-09-24 17:05:20 [DiscoveryClient-HeartbeatExecutor-%d] DEBUG o.s.web.client.RestTemplate - HTTP PUT http://localhost:8761/eureka/apps/BOOKING-SERVICE/GT0126:booking-service:9004?status=UP&lastDirtyTimestamp=1758708645140
2025-09-24 17:05:20 [DiscoveryClient-HeartbeatExecutor-%d] DEBUG o.s.web.client.RestTemplate - Accept=[application/json, application/*+json]
2025-09-24 17:05:20 [DiscoveryClient-HeartbeatExecutor-%d] DEBUG o.s.web.client.RestTemplate - Response 200 OK
2025-09-24 17:05:20 [DiscoveryClient-CacheRefreshExecutor-%d] DEBUG o.s.web.client.RestTemplate - HTTP GET http://localhost:8761/eureka/apps/delta
2025-09-24 17:05:20 [DiscoveryClient-CacheRefreshExecutor-%d] DEBUG o.s.web.client.RestTemplate - Accept=[application/json, application/*+json]
2025-09-24 17:05:20 [DiscoveryClient-CacheRefreshExecutor-%d] DEBUG o.s.web.client.RestTemplate - Response 200 OK
2025-09-24 17:05:20 [DiscoveryClient-CacheRefreshExecutor-%d] DEBUG o.s.web.client.RestTemplate - Reading to [org.springframework.cloud.netflix.eureka.http.EurekaApplications]
2025-09-24 17:05:50 [DiscoveryClient-HeartbeatExecutor-%d] DEBUG o.s.web.client.RestTemplate - HTTP PUT http://localhost:8761/eureka/apps/BOOKING-SERVICE/GT0126:booking-service:9004?status=UP&lastDirtyTimestamp=1758708645140
2025-09-24 17:05:50 [DiscoveryClient-HeartbeatExecutor-%d] DEBUG o.s.web.client.RestTemplate - Accept=[application/json, application/*+json]
2025-09-24 17:05:50 [DiscoveryClient-HeartbeatExecutor-%d] DEBUG o.s.web.client.RestTemplate - Response 200 OK
2025-09-24 17:05:50 [DiscoveryClient-CacheRefreshExecutor-%d] DEBUG o.s.web.client.RestTemplate - HTTP GET http://localhost:8761/eureka/apps/delta
2025-09-24 17:05:50 [DiscoveryClient-CacheRefreshExecutor-%d] DEBUG o.s.web.client.RestTemplate - Accept=[application/json, application/*+json]
2025-09-24 17:05:50 [DiscoveryClient-CacheRefreshExecutor-%d] DEBUG o.s.web.client.RestTemplate - Response 200 OK
2025-09-24 17:05:50 [DiscoveryClient-CacheRefreshExecutor-%d] DEBUG o.s.web.client.RestTemplate - Reading to [org.springframework.cloud.netflix.eureka.http.EurekaApplications]
2025-09-24 17:06:20 [DiscoveryClient-HeartbeatExecutor-%d] DEBUG o.s.web.client.RestTemplate - HTTP PUT http://localhost:8761/eureka/apps/BOOKING-SERVICE/GT0126:booking-service:9004?status=UP&lastDirtyTimestamp=1758708645140
2025-09-24 17:06:20 [DiscoveryClient-HeartbeatExecutor-%d] DEBUG o.s.web.client.RestTemplate - Accept=[application/json, application/*+json]
2025-09-24 17:06:20 [DiscoveryClient-HeartbeatExecutor-%d] DEBUG o.s.web.client.RestTemplate - Response 200 OK
2025-09-24 17:06:20 [DiscoveryClient-CacheRefreshExecutor-%d] DEBUG o.s.web.client.RestTemplate - HTTP GET http://localhost:8761/eureka/apps/delta
2025-09-24 17:06:20 [DiscoveryClient-CacheRefreshExecutor-%d] DEBUG o.s.web.client.RestTemplate - Accept=[application/json, application/*+json]
2025-09-24 17:06:20 [DiscoveryClient-CacheRefreshExecutor-%d] DEBUG o.s.web.client.RestTemplate - Response 200 OK
2025-09-24 17:06:20 [DiscoveryClient-CacheRefreshExecutor-%d] DEBUG o.s.web.client.RestTemplate - Reading to [org.springframework.cloud.netflix.eureka.http.EurekaApplications]
2025-09-24 17:06:50 [DiscoveryClient-CacheRefreshExecutor-%d] DEBUG o.s.web.client.RestTemplate - HTTP GET http://localhost:8761/eureka/apps/delta
2025-09-24 17:06:50 [DiscoveryClient-HeartbeatExecutor-%d] DEBUG o.s.web.client.RestTemplate - HTTP PUT http://localhost:8761/eureka/apps/BOOKING-SERVICE/GT0126:booking-service:9004?status=UP&lastDirtyTimestamp=1758708645140
2025-09-24 17:06:50 [DiscoveryClient-HeartbeatExecutor-%d] DEBUG o.s.web.client.RestTemplate - Accept=[application/json, application/*+json]
2025-09-24 17:06:50 [DiscoveryClient-CacheRefreshExecutor-%d] DEBUG o.s.web.client.RestTemplate - Accept=[application/json, application/*+json]
2025-09-24 17:06:50 [DiscoveryClient-HeartbeatExecutor-%d] DEBUG o.s.web.client.RestTemplate - Response 200 OK
2025-09-24 17:06:50 [DiscoveryClient-CacheRefreshExecutor-%d] DEBUG o.s.web.client.RestTemplate - Response 200 OK
2025-09-24 17:06:50 [DiscoveryClient-CacheRefreshExecutor-%d] DEBUG o.s.web.client.RestTemplate - Reading to [org.springframework.cloud.netflix.eureka.http.EurekaApplications]
2025-09-24 17:07:20 [DiscoveryClient-HeartbeatExecutor-%d] DEBUG o.s.web.client.RestTemplate - HTTP PUT http://localhost:8761/eureka/apps/BOOKING-SERVICE/GT0126:booking-service:9004?status=UP&lastDirtyTimestamp=1758708645140
2025-09-24 17:07:20 [DiscoveryClient-HeartbeatExecutor-%d] DEBUG o.s.web.client.RestTemplate - Accept=[application/json, application/*+json]
2025-09-24 17:07:20 [DiscoveryClient-CacheRefreshExecutor-%d] DEBUG o.s.web.client.RestTemplate - HTTP GET http://localhost:8761/eureka/apps/delta
2025-09-24 17:07:20 [DiscoveryClient-CacheRefreshExecutor-%d] DEBUG o.s.web.client.RestTemplate - Accept=[application/json, application/*+json]
2025-09-24 17:07:20 [DiscoveryClient-HeartbeatExecutor-%d] DEBUG o.s.web.client.RestTemplate - Response 200 OK
2025-09-24 17:07:20 [DiscoveryClient-CacheRefreshExecutor-%d] DEBUG o.s.web.client.RestTemplate - Response 200 OK
2025-09-24 17:07:20 [DiscoveryClient-CacheRefreshExecutor-%d] DEBUG o.s.web.client.RestTemplate - Reading to [org.springframework.cloud.netflix.eureka.http.EurekaApplications]
2025-09-24 17:07:50 [DiscoveryClient-HeartbeatExecutor-%d] DEBUG o.s.web.client.RestTemplate - HTTP PUT http://localhost:8761/eureka/apps/BOOKING-SERVICE/GT0126:booking-service:9004?status=UP&lastDirtyTimestamp=1758708645140
2025-09-24 17:07:50 [DiscoveryClient-HeartbeatExecutor-%d] DEBUG o.s.web.client.RestTemplate - Accept=[application/json, application/*+json]
2025-09-24 17:07:50 [DiscoveryClient-HeartbeatExecutor-%d] DEBUG o.s.web.client.RestTemplate - Response 200 OK
2025-09-24 17:07:50 [DiscoveryClient-CacheRefreshExecutor-%d] DEBUG o.s.web.client.RestTemplate - HTTP GET http://localhost:8761/eureka/apps/delta
2025-09-24 17:07:50 [DiscoveryClient-CacheRefreshExecutor-%d] DEBUG o.s.web.client.RestTemplate - Accept=[application/json, application/*+json]
2025-09-24 17:07:50 [DiscoveryClient-CacheRefreshExecutor-%d] DEBUG o.s.web.client.RestTemplate - Response 200 OK
2025-09-24 17:07:50 [DiscoveryClient-CacheRefreshExecutor-%d] DEBUG o.s.web.client.RestTemplate - Reading to [org.springframework.cloud.netflix.eureka.http.EurekaApplications]
2025-09-24 17:08:20 [DiscoveryClient-HeartbeatExecutor-%d] DEBUG o.s.web.client.RestTemplate - HTTP PUT http://localhost:8761/eureka/apps/BOOKING-SERVICE/GT0126:booking-service:9004?status=UP&lastDirtyTimestamp=1758708645140
2025-09-24 17:08:20 [DiscoveryClient-HeartbeatExecutor-%d] DEBUG o.s.web.client.RestTemplate - Accept=[application/json, application/*+json]
2025-09-24 17:08:20 [DiscoveryClient-CacheRefreshExecutor-%d] DEBUG o.s.web.client.RestTemplate - HTTP GET http://localhost:8761/eureka/apps/delta
2025-09-24 17:08:20 [DiscoveryClient-CacheRefreshExecutor-%d] DEBUG o.s.web.client.RestTemplate - Accept=[application/json, application/*+json]
2025-09-24 17:08:20 [DiscoveryClient-HeartbeatExecutor-%d] DEBUG o.s.web.client.RestTemplate - Response 200 OK
2025-09-24 17:08:20 [DiscoveryClient-CacheRefreshExecutor-%d] DEBUG o.s.web.client.RestTemplate - Response 200 OK
2025-09-24 17:08:20 [DiscoveryClient-CacheRefreshExecutor-%d] DEBUG o.s.web.client.RestTemplate - Reading to [org.springframework.cloud.netflix.eureka.http.EurekaApplications]
2025-09-24 17:08:50 [DiscoveryClient-HeartbeatExecutor-%d] DEBUG o.s.web.client.RestTemplate - HTTP PUT http://localhost:8761/eureka/apps/BOOKING-SERVICE/GT0126:booking-service:9004?status=UP&lastDirtyTimestamp=1758708645140
2025-09-24 17:08:50 [DiscoveryClient-HeartbeatExecutor-%d] DEBUG o.s.web.client.RestTemplate - Accept=[application/json, application/*+json]
2025-09-24 17:08:50 [DiscoveryClient-CacheRefreshExecutor-%d] DEBUG o.s.web.client.RestTemplate - HTTP GET http://localhost:8761/eureka/apps/delta
2025-09-24 17:08:50 [DiscoveryClient-CacheRefreshExecutor-%d] DEBUG o.s.web.client.RestTemplate - Accept=[application/json, application/*+json]
2025-09-24 17:08:50 [DiscoveryClient-HeartbeatExecutor-%d] DEBUG o.s.web.client.RestTemplate - Response 200 OK
2025-09-24 17:08:50 [DiscoveryClient-CacheRefreshExecutor-%d] DEBUG o.s.web.client.RestTemplate - Response 200 OK
2025-09-24 17:08:50 [DiscoveryClient-CacheRefreshExecutor-%d] DEBUG o.s.web.client.RestTemplate - Reading to [org.springframework.cloud.netflix.eureka.http.EurekaApplications]
2025-09-24 17:09:20 [DiscoveryClient-HeartbeatExecutor-%d] DEBUG o.s.web.client.RestTemplate - HTTP PUT http://localhost:8761/eureka/apps/BOOKING-SERVICE/GT0126:booking-service:9004?status=UP&lastDirtyTimestamp=1758708645140
2025-09-24 17:09:20 [DiscoveryClient-HeartbeatExecutor-%d] DEBUG o.s.web.client.RestTemplate - Accept=[application/json, application/*+json]
2025-09-24 17:09:20 [DiscoveryClient-CacheRefreshExecutor-%d] DEBUG o.s.web.client.RestTemplate - HTTP GET http://localhost:8761/eureka/apps/delta
2025-09-24 17:09:20 [DiscoveryClient-CacheRefreshExecutor-%d] DEBUG o.s.web.client.RestTemplate - Accept=[application/json, application/*+json]
2025-09-24 17:09:20 [DiscoveryClient-HeartbeatExecutor-%d] DEBUG o.s.web.client.RestTemplate - Response 200 OK
2025-09-24 17:09:20 [DiscoveryClient-CacheRefreshExecutor-%d] DEBUG o.s.web.client.RestTemplate - Response 200 OK
2025-09-24 17:09:20 [DiscoveryClient-CacheRefreshExecutor-%d] DEBUG o.s.web.client.RestTemplate - Reading to [org.springframework.cloud.netflix.eureka.http.EurekaApplications]
2025-09-24 17:09:50 [DiscoveryClient-HeartbeatExecutor-%d] DEBUG o.s.web.client.RestTemplate - HTTP PUT http://localhost:8761/eureka/apps/BOOKING-SERVICE/GT0126:booking-service:9004?status=UP&lastDirtyTimestamp=1758708645140
2025-09-24 17:09:50 [DiscoveryClient-HeartbeatExecutor-%d] DEBUG o.s.web.client.RestTemplate - Accept=[application/json, application/*+json]
2025-09-24 17:09:50 [DiscoveryClient-CacheRefreshExecutor-%d] DEBUG o.s.web.client.RestTemplate - HTTP GET http://localhost:8761/eureka/apps/delta
2025-09-24 17:09:50 [DiscoveryClient-CacheRefreshExecutor-%d] DEBUG o.s.web.client.RestTemplate - Accept=[application/json, application/*+json]
2025-09-24 17:09:50 [DiscoveryClient-HeartbeatExecutor-%d] DEBUG o.s.web.client.RestTemplate - Response 200 OK
2025-09-24 17:09:50 [DiscoveryClient-CacheRefreshExecutor-%d] DEBUG o.s.web.client.RestTemplate - Response 200 OK
2025-09-24 17:09:50 [DiscoveryClient-CacheRefreshExecutor-%d] DEBUG o.s.web.client.RestTemplate - Reading to [org.springframework.cloud.netflix.eureka.http.EurekaApplications]
2025-09-24 17:10:06 [AsyncResolver-bootstrap-executor-%d] INFO  c.n.d.s.r.aws.ConfigClusterResolver - Resolving eureka endpoints via configuration
2025-09-24 17:10:20 [DiscoveryClient-HeartbeatExecutor-%d] DEBUG o.s.web.client.RestTemplate - HTTP PUT http://localhost:8761/eureka/apps/BOOKING-SERVICE/GT0126:booking-service:9004?status=UP&lastDirtyTimestamp=1758708645140
2025-09-24 17:10:20 [DiscoveryClient-HeartbeatExecutor-%d] DEBUG o.s.web.client.RestTemplate - Accept=[application/json, application/*+json]
2025-09-24 17:10:20 [DiscoveryClient-CacheRefreshExecutor-%d] DEBUG o.s.web.client.RestTemplate - HTTP GET http://localhost:8761/eureka/apps/delta
2025-09-24 17:10:20 [DiscoveryClient-CacheRefreshExecutor-%d] DEBUG o.s.web.client.RestTemplate - Accept=[application/json, application/*+json]
2025-09-24 17:10:20 [DiscoveryClient-HeartbeatExecutor-%d] DEBUG o.s.web.client.RestTemplate - Response 200 OK
2025-09-24 17:10:20 [DiscoveryClient-CacheRefreshExecutor-%d] DEBUG o.s.web.client.RestTemplate - Response 200 OK
2025-09-24 17:10:20 [DiscoveryClient-CacheRefreshExecutor-%d] DEBUG o.s.web.client.RestTemplate - Reading to [org.springframework.cloud.netflix.eureka.http.EurekaApplications]
2025-09-24 17:10:50 [DiscoveryClient-HeartbeatExecutor-%d] DEBUG o.s.web.client.RestTemplate - HTTP PUT http://localhost:8761/eureka/apps/BOOKING-SERVICE/GT0126:booking-service:9004?status=UP&lastDirtyTimestamp=1758708645140
2025-09-24 17:10:50 [DiscoveryClient-HeartbeatExecutor-%d] DEBUG o.s.web.client.RestTemplate - Accept=[application/json, application/*+json]
2025-09-24 17:10:50 [DiscoveryClient-CacheRefreshExecutor-%d] DEBUG o.s.web.client.RestTemplate - HTTP GET http://localhost:8761/eureka/apps/delta
2025-09-24 17:10:50 [DiscoveryClient-CacheRefreshExecutor-%d] DEBUG o.s.web.client.RestTemplate - Accept=[application/json, application/*+json]
2025-09-24 17:10:50 [DiscoveryClient-HeartbeatExecutor-%d] DEBUG o.s.web.client.RestTemplate - Response 200 OK
2025-09-24 17:10:50 [DiscoveryClient-CacheRefreshExecutor-%d] DEBUG o.s.web.client.RestTemplate - Response 200 OK
2025-09-24 17:10:50 [DiscoveryClient-CacheRefreshExecutor-%d] DEBUG o.s.web.client.RestTemplate - Reading to [org.springframework.cloud.netflix.eureka.http.EurekaApplications]
2025-09-24 17:11:20 [DiscoveryClient-HeartbeatExecutor-%d] DEBUG o.s.web.client.RestTemplate - HTTP PUT http://localhost:8761/eureka/apps/BOOKING-SERVICE/GT0126:booking-service:9004?status=UP&lastDirtyTimestamp=1758708645140
2025-09-24 17:11:20 [DiscoveryClient-HeartbeatExecutor-%d] DEBUG o.s.web.client.RestTemplate - Accept=[application/json, application/*+json]
2025-09-24 17:11:20 [DiscoveryClient-CacheRefreshExecutor-%d] DEBUG o.s.web.client.RestTemplate - HTTP GET http://localhost:8761/eureka/apps/delta
2025-09-24 17:11:20 [DiscoveryClient-CacheRefreshExecutor-%d] DEBUG o.s.web.client.RestTemplate - Accept=[application/json, application/*+json]
2025-09-24 17:11:20 [DiscoveryClient-HeartbeatExecutor-%d] DEBUG o.s.web.client.RestTemplate - Response 200 OK
2025-09-24 17:11:20 [DiscoveryClient-CacheRefreshExecutor-%d] DEBUG o.s.web.client.RestTemplate - Response 200 OK
2025-09-24 17:11:20 [DiscoveryClient-CacheRefreshExecutor-%d] DEBUG o.s.web.client.RestTemplate - Reading to [org.springframework.cloud.netflix.eureka.http.EurekaApplications]
2025-09-24 17:11:50 [DiscoveryClient-HeartbeatExecutor-%d] DEBUG o.s.web.client.RestTemplate - HTTP PUT http://localhost:8761/eureka/apps/BOOKING-SERVICE/GT0126:booking-service:9004?status=UP&lastDirtyTimestamp=1758708645140
2025-09-24 17:11:50 [DiscoveryClient-HeartbeatExecutor-%d] DEBUG o.s.web.client.RestTemplate - Accept=[application/json, application/*+json]
2025-09-24 17:11:50 [DiscoveryClient-CacheRefreshExecutor-%d] DEBUG o.s.web.client.RestTemplate - HTTP GET http://localhost:8761/eureka/apps/delta
2025-09-24 17:11:50 [DiscoveryClient-CacheRefreshExecutor-%d] DEBUG o.s.web.client.RestTemplate - Accept=[application/json, application/*+json]
2025-09-24 17:11:50 [DiscoveryClient-HeartbeatExecutor-%d] DEBUG o.s.web.client.RestTemplate - Response 200 OK
2025-09-24 17:11:50 [DiscoveryClient-CacheRefreshExecutor-%d] DEBUG o.s.web.client.RestTemplate - Response 200 OK
2025-09-24 17:11:50 [DiscoveryClient-CacheRefreshExecutor-%d] DEBUG o.s.web.client.RestTemplate - Reading to [org.springframework.cloud.netflix.eureka.http.EurekaApplications]
2025-09-24 17:12:20 [DiscoveryClient-HeartbeatExecutor-%d] DEBUG o.s.web.client.RestTemplate - HTTP PUT http://localhost:8761/eureka/apps/BOOKING-SERVICE/GT0126:booking-service:9004?status=UP&lastDirtyTimestamp=1758708645140
2025-09-24 17:12:20 [DiscoveryClient-HeartbeatExecutor-%d] DEBUG o.s.web.client.RestTemplate - Accept=[application/json, application/*+json]
2025-09-24 17:12:20 [DiscoveryClient-CacheRefreshExecutor-%d] DEBUG o.s.web.client.RestTemplate - HTTP GET http://localhost:8761/eureka/apps/delta
2025-09-24 17:12:20 [DiscoveryClient-CacheRefreshExecutor-%d] DEBUG o.s.web.client.RestTemplate - Accept=[application/json, application/*+json]
2025-09-24 17:12:20 [DiscoveryClient-HeartbeatExecutor-%d] DEBUG o.s.web.client.RestTemplate - Response 200 OK
2025-09-24 17:12:20 [DiscoveryClient-CacheRefreshExecutor-%d] DEBUG o.s.web.client.RestTemplate - Response 200 OK
2025-09-24 17:12:20 [DiscoveryClient-CacheRefreshExecutor-%d] DEBUG o.s.web.client.RestTemplate - Reading to [org.springframework.cloud.netflix.eureka.http.EurekaApplications]
2025-09-24 17:12:50 [DiscoveryClient-HeartbeatExecutor-%d] DEBUG o.s.web.client.RestTemplate - HTTP PUT http://localhost:8761/eureka/apps/BOOKING-SERVICE/GT0126:booking-service:9004?status=UP&lastDirtyTimestamp=1758708645140
2025-09-24 17:12:50 [DiscoveryClient-HeartbeatExecutor-%d] DEBUG o.s.web.client.RestTemplate - Accept=[application/json, application/*+json]
2025-09-24 17:12:50 [DiscoveryClient-CacheRefreshExecutor-%d] DEBUG o.s.web.client.RestTemplate - HTTP GET http://localhost:8761/eureka/apps/delta
2025-09-24 17:12:50 [DiscoveryClient-CacheRefreshExecutor-%d] DEBUG o.s.web.client.RestTemplate - Accept=[application/json, application/*+json]
2025-09-24 17:12:50 [DiscoveryClient-HeartbeatExecutor-%d] DEBUG o.s.web.client.RestTemplate - Response 200 OK
2025-09-24 17:12:50 [DiscoveryClient-CacheRefreshExecutor-%d] DEBUG o.s.web.client.RestTemplate - Response 200 OK
2025-09-24 17:12:50 [DiscoveryClient-CacheRefreshExecutor-%d] DEBUG o.s.web.client.RestTemplate - Reading to [org.springframework.cloud.netflix.eureka.http.EurekaApplications]
2025-09-24 17:13:20 [DiscoveryClient-HeartbeatExecutor-%d] DEBUG o.s.web.client.RestTemplate - HTTP PUT http://localhost:8761/eureka/apps/BOOKING-SERVICE/GT0126:booking-service:9004?status=UP&lastDirtyTimestamp=1758708645140
2025-09-24 17:13:20 [DiscoveryClient-HeartbeatExecutor-%d] DEBUG o.s.web.client.RestTemplate - Accept=[application/json, application/*+json]
2025-09-24 17:13:20 [DiscoveryClient-CacheRefreshExecutor-%d] DEBUG o.s.web.client.RestTemplate - HTTP GET http://localhost:8761/eureka/apps/delta
2025-09-24 17:13:20 [DiscoveryClient-CacheRefreshExecutor-%d] DEBUG o.s.web.client.RestTemplate - Accept=[application/json, application/*+json]
2025-09-24 17:13:20 [DiscoveryClient-HeartbeatExecutor-%d] DEBUG o.s.web.client.RestTemplate - Response 200 OK
2025-09-24 17:13:20 [DiscoveryClient-CacheRefreshExecutor-%d] DEBUG o.s.web.client.RestTemplate - Response 200 OK
2025-09-24 17:13:20 [DiscoveryClient-CacheRefreshExecutor-%d] DEBUG o.s.web.client.RestTemplate - Reading to [org.springframework.cloud.netflix.eureka.http.EurekaApplications]
2025-09-24 17:13:50 [DiscoveryClient-HeartbeatExecutor-%d] DEBUG o.s.web.client.RestTemplate - HTTP PUT http://localhost:8761/eureka/apps/BOOKING-SERVICE/GT0126:booking-service:9004?status=UP&lastDirtyTimestamp=1758708645140
2025-09-24 17:13:50 [DiscoveryClient-HeartbeatExecutor-%d] DEBUG o.s.web.client.RestTemplate - Accept=[application/json, application/*+json]
2025-09-24 17:13:50 [DiscoveryClient-CacheRefreshExecutor-%d] DEBUG o.s.web.client.RestTemplate - HTTP GET http://localhost:8761/eureka/apps/delta
2025-09-24 17:13:50 [DiscoveryClient-CacheRefreshExecutor-%d] DEBUG o.s.web.client.RestTemplate - Accept=[application/json, application/*+json]
2025-09-24 17:13:50 [DiscoveryClient-HeartbeatExecutor-%d] DEBUG o.s.web.client.RestTemplate - Response 200 OK
2025-09-24 17:13:50 [DiscoveryClient-CacheRefreshExecutor-%d] DEBUG o.s.web.client.RestTemplate - Response 200 OK
2025-09-24 17:13:50 [DiscoveryClient-CacheRefreshExecutor-%d] DEBUG o.s.web.client.RestTemplate - Reading to [org.springframework.cloud.netflix.eureka.http.EurekaApplications]
2025-09-24 17:14:20 [DiscoveryClient-HeartbeatExecutor-%d] DEBUG o.s.web.client.RestTemplate - HTTP PUT http://localhost:8761/eureka/apps/BOOKING-SERVICE/GT0126:booking-service:9004?status=UP&lastDirtyTimestamp=1758708645140
2025-09-24 17:14:20 [DiscoveryClient-HeartbeatExecutor-%d] DEBUG o.s.web.client.RestTemplate - Accept=[application/json, application/*+json]
2025-09-24 17:14:20 [DiscoveryClient-CacheRefreshExecutor-%d] DEBUG o.s.web.client.RestTemplate - HTTP GET http://localhost:8761/eureka/apps/delta
2025-09-24 17:14:20 [DiscoveryClient-CacheRefreshExecutor-%d] DEBUG o.s.web.client.RestTemplate - Accept=[application/json, application/*+json]
2025-09-24 17:14:20 [DiscoveryClient-HeartbeatExecutor-%d] DEBUG o.s.web.client.RestTemplate - Response 200 OK
2025-09-24 17:14:20 [DiscoveryClient-CacheRefreshExecutor-%d] DEBUG o.s.web.client.RestTemplate - Response 200 OK
2025-09-24 17:14:20 [DiscoveryClient-CacheRefreshExecutor-%d] DEBUG o.s.web.client.RestTemplate - Reading to [org.springframework.cloud.netflix.eureka.http.EurekaApplications]
2025-09-24 17:14:50 [DiscoveryClient-HeartbeatExecutor-%d] DEBUG o.s.web.client.RestTemplate - HTTP PUT http://localhost:8761/eureka/apps/BOOKING-SERVICE/GT0126:booking-service:9004?status=UP&lastDirtyTimestamp=1758708645140
2025-09-24 17:14:50 [DiscoveryClient-HeartbeatExecutor-%d] DEBUG o.s.web.client.RestTemplate - Accept=[application/json, application/*+json]
2025-09-24 17:14:50 [DiscoveryClient-CacheRefreshExecutor-%d] DEBUG o.s.web.client.RestTemplate - HTTP GET http://localhost:8761/eureka/apps/delta
2025-09-24 17:14:50 [DiscoveryClient-CacheRefreshExecutor-%d] DEBUG o.s.web.client.RestTemplate - Accept=[application/json, application/*+json]
2025-09-24 17:14:50 [DiscoveryClient-HeartbeatExecutor-%d] DEBUG o.s.web.client.RestTemplate - Response 200 OK
2025-09-24 17:14:50 [DiscoveryClient-CacheRefreshExecutor-%d] DEBUG o.s.web.client.RestTemplate - Response 200 OK
2025-09-24 17:14:50 [DiscoveryClient-CacheRefreshExecutor-%d] DEBUG o.s.web.client.RestTemplate - Reading to [org.springframework.cloud.netflix.eureka.http.EurekaApplications]
2025-09-24 17:15:06 [AsyncResolver-bootstrap-executor-%d] INFO  c.n.d.s.r.aws.ConfigClusterResolver - Resolving eureka endpoints via configuration
2025-09-24 17:15:20 [DiscoveryClient-HeartbeatExecutor-%d] DEBUG o.s.web.client.RestTemplate - HTTP PUT http://localhost:8761/eureka/apps/BOOKING-SERVICE/GT0126:booking-service:9004?status=UP&lastDirtyTimestamp=1758708645140
2025-09-24 17:15:20 [DiscoveryClient-HeartbeatExecutor-%d] DEBUG o.s.web.client.RestTemplate - Accept=[application/json, application/*+json]
2025-09-24 17:15:20 [DiscoveryClient-CacheRefreshExecutor-%d] DEBUG o.s.web.client.RestTemplate - HTTP GET http://localhost:8761/eureka/apps/delta
2025-09-24 17:15:20 [DiscoveryClient-CacheRefreshExecutor-%d] DEBUG o.s.web.client.RestTemplate - Accept=[application/json, application/*+json]
2025-09-24 17:15:20 [DiscoveryClient-HeartbeatExecutor-%d] DEBUG o.s.web.client.RestTemplate - Response 200 OK
2025-09-24 17:15:20 [DiscoveryClient-CacheRefreshExecutor-%d] DEBUG o.s.web.client.RestTemplate - Response 200 OK
2025-09-24 17:15:20 [DiscoveryClient-CacheRefreshExecutor-%d] DEBUG o.s.web.client.RestTemplate - Reading to [org.springframework.cloud.netflix.eureka.http.EurekaApplications]
2025-09-24 17:15:50 [DiscoveryClient-HeartbeatExecutor-%d] DEBUG o.s.web.client.RestTemplate - HTTP PUT http://localhost:8761/eureka/apps/BOOKING-SERVICE/GT0126:booking-service:9004?status=UP&lastDirtyTimestamp=1758708645140
2025-09-24 17:15:50 [DiscoveryClient-HeartbeatExecutor-%d] DEBUG o.s.web.client.RestTemplate - Accept=[application/json, application/*+json]
2025-09-24 17:15:50 [DiscoveryClient-CacheRefreshExecutor-%d] DEBUG o.s.web.client.RestTemplate - HTTP GET http://localhost:8761/eureka/apps/delta
2025-09-24 17:15:50 [DiscoveryClient-CacheRefreshExecutor-%d] DEBUG o.s.web.client.RestTemplate - Accept=[application/json, application/*+json]
2025-09-24 17:15:50 [DiscoveryClient-HeartbeatExecutor-%d] DEBUG o.s.web.client.RestTemplate - Response 200 OK
2025-09-24 17:15:50 [DiscoveryClient-CacheRefreshExecutor-%d] DEBUG o.s.web.client.RestTemplate - Response 200 OK
2025-09-24 17:15:50 [DiscoveryClient-CacheRefreshExecutor-%d] DEBUG o.s.web.client.RestTemplate - Reading to [org.springframework.cloud.netflix.eureka.http.EurekaApplications]
2025-09-24 17:16:20 [DiscoveryClient-HeartbeatExecutor-%d] DEBUG o.s.web.client.RestTemplate - HTTP PUT http://localhost:8761/eureka/apps/BOOKING-SERVICE/GT0126:booking-service:9004?status=UP&lastDirtyTimestamp=1758708645140
2025-09-24 17:16:20 [DiscoveryClient-HeartbeatExecutor-%d] DEBUG o.s.web.client.RestTemplate - Accept=[application/json, application/*+json]
2025-09-24 17:16:20 [DiscoveryClient-CacheRefreshExecutor-%d] DEBUG o.s.web.client.RestTemplate - HTTP GET http://localhost:8761/eureka/apps/delta
2025-09-24 17:16:20 [DiscoveryClient-CacheRefreshExecutor-%d] DEBUG o.s.web.client.RestTemplate - Accept=[application/json, application/*+json]
2025-09-24 17:16:20 [DiscoveryClient-HeartbeatExecutor-%d] DEBUG o.s.web.client.RestTemplate - Response 200 OK
2025-09-24 17:16:20 [DiscoveryClient-CacheRefreshExecutor-%d] DEBUG o.s.web.client.RestTemplate - Response 200 OK
2025-09-24 17:16:20 [DiscoveryClient-CacheRefreshExecutor-%d] DEBUG o.s.web.client.RestTemplate - Reading to [org.springframework.cloud.netflix.eureka.http.EurekaApplications]
2025-09-24 17:16:50 [DiscoveryClient-HeartbeatExecutor-%d] DEBUG o.s.web.client.RestTemplate - HTTP PUT http://localhost:8761/eureka/apps/BOOKING-SERVICE/GT0126:booking-service:9004?status=UP&lastDirtyTimestamp=1758708645140
2025-09-24 17:16:50 [DiscoveryClient-HeartbeatExecutor-%d] DEBUG o.s.web.client.RestTemplate - Accept=[application/json, application/*+json]
2025-09-24 17:16:50 [DiscoveryClient-CacheRefreshExecutor-%d] DEBUG o.s.web.client.RestTemplate - HTTP GET http://localhost:8761/eureka/apps/delta
2025-09-24 17:16:50 [DiscoveryClient-CacheRefreshExecutor-%d] DEBUG o.s.web.client.RestTemplate - Accept=[application/json, application/*+json]
2025-09-24 17:16:50 [DiscoveryClient-HeartbeatExecutor-%d] DEBUG o.s.web.client.RestTemplate - Response 200 OK
2025-09-24 17:16:50 [DiscoveryClient-CacheRefreshExecutor-%d] DEBUG o.s.web.client.RestTemplate - Response 200 OK
2025-09-24 17:16:50 [DiscoveryClient-CacheRefreshExecutor-%d] DEBUG o.s.web.client.RestTemplate - Reading to [org.springframework.cloud.netflix.eureka.http.EurekaApplications]
2025-09-24 17:17:20 [DiscoveryClient-HeartbeatExecutor-%d] DEBUG o.s.web.client.RestTemplate - HTTP PUT http://localhost:8761/eureka/apps/BOOKING-SERVICE/GT0126:booking-service:9004?status=UP&lastDirtyTimestamp=1758708645140
2025-09-24 17:17:20 [DiscoveryClient-HeartbeatExecutor-%d] DEBUG o.s.web.client.RestTemplate - Accept=[application/json, application/*+json]
2025-09-24 17:17:20 [DiscoveryClient-CacheRefreshExecutor-%d] DEBUG o.s.web.client.RestTemplate - HTTP GET http://localhost:8761/eureka/apps/delta
2025-09-24 17:17:20 [DiscoveryClient-CacheRefreshExecutor-%d] DEBUG o.s.web.client.RestTemplate - Accept=[application/json, application/*+json]
2025-09-24 17:17:20 [DiscoveryClient-HeartbeatExecutor-%d] DEBUG o.s.web.client.RestTemplate - Response 200 OK
2025-09-24 17:17:21 [DiscoveryClient-CacheRefreshExecutor-%d] DEBUG o.s.web.client.RestTemplate - Response 200 OK
2025-09-24 17:17:21 [DiscoveryClient-CacheRefreshExecutor-%d] DEBUG o.s.web.client.RestTemplate - Reading to [org.springframework.cloud.netflix.eureka.http.EurekaApplications]
2025-09-24 17:17:51 [DiscoveryClient-HeartbeatExecutor-%d] DEBUG o.s.web.client.RestTemplate - HTTP PUT http://localhost:8761/eureka/apps/BOOKING-SERVICE/GT0126:booking-service:9004?status=UP&lastDirtyTimestamp=1758708645140
2025-09-24 17:17:51 [DiscoveryClient-HeartbeatExecutor-%d] DEBUG o.s.web.client.RestTemplate - Accept=[application/json, application/*+json]
2025-09-24 17:17:51 [DiscoveryClient-CacheRefreshExecutor-%d] DEBUG o.s.web.client.RestTemplate - HTTP GET http://localhost:8761/eureka/apps/delta
2025-09-24 17:17:51 [DiscoveryClient-CacheRefreshExecutor-%d] DEBUG o.s.web.client.RestTemplate - Accept=[application/json, application/*+json]
2025-09-24 17:17:51 [DiscoveryClient-HeartbeatExecutor-%d] DEBUG o.s.web.client.RestTemplate - Response 200 OK
2025-09-24 17:17:51 [DiscoveryClient-CacheRefreshExecutor-%d] DEBUG o.s.web.client.RestTemplate - Response 200 OK
2025-09-24 17:17:51 [DiscoveryClient-CacheRefreshExecutor-%d] DEBUG o.s.web.client.RestTemplate - Reading to [org.springframework.cloud.netflix.eureka.http.EurekaApplications]
2025-09-24 17:18:21 [DiscoveryClient-HeartbeatExecutor-%d] DEBUG o.s.web.client.RestTemplate - HTTP PUT http://localhost:8761/eureka/apps/BOOKING-SERVICE/GT0126:booking-service:9004?status=UP&lastDirtyTimestamp=1758708645140
2025-09-24 17:18:21 [DiscoveryClient-HeartbeatExecutor-%d] DEBUG o.s.web.client.RestTemplate - Accept=[application/json, application/*+json]
2025-09-24 17:18:21 [DiscoveryClient-CacheRefreshExecutor-%d] DEBUG o.s.web.client.RestTemplate - HTTP GET http://localhost:8761/eureka/apps/delta
2025-09-24 17:18:21 [DiscoveryClient-CacheRefreshExecutor-%d] DEBUG o.s.web.client.RestTemplate - Accept=[application/json, application/*+json]
2025-09-24 17:18:21 [DiscoveryClient-HeartbeatExecutor-%d] DEBUG o.s.web.client.RestTemplate - Response 200 OK
2025-09-24 17:18:21 [DiscoveryClient-CacheRefreshExecutor-%d] DEBUG o.s.web.client.RestTemplate - Response 200 OK
2025-09-24 17:18:21 [DiscoveryClient-CacheRefreshExecutor-%d] DEBUG o.s.web.client.RestTemplate - Reading to [org.springframework.cloud.netflix.eureka.http.EurekaApplications]
2025-09-24 17:18:51 [DiscoveryClient-HeartbeatExecutor-%d] DEBUG o.s.web.client.RestTemplate - HTTP PUT http://localhost:8761/eureka/apps/BOOKING-SERVICE/GT0126:booking-service:9004?status=UP&lastDirtyTimestamp=1758708645140
2025-09-24 17:18:51 [DiscoveryClient-HeartbeatExecutor-%d] DEBUG o.s.web.client.RestTemplate - Accept=[application/json, application/*+json]
2025-09-24 17:18:51 [DiscoveryClient-CacheRefreshExecutor-%d] DEBUG o.s.web.client.RestTemplate - HTTP GET http://localhost:8761/eureka/apps/delta
2025-09-24 17:18:51 [DiscoveryClient-CacheRefreshExecutor-%d] DEBUG o.s.web.client.RestTemplate - Accept=[application/json, application/*+json]
2025-09-24 17:18:51 [DiscoveryClient-HeartbeatExecutor-%d] DEBUG o.s.web.client.RestTemplate - Response 200 OK
2025-09-24 17:18:51 [DiscoveryClient-CacheRefreshExecutor-%d] DEBUG o.s.web.client.RestTemplate - Response 200 OK
2025-09-24 17:18:51 [DiscoveryClient-CacheRefreshExecutor-%d] DEBUG o.s.web.client.RestTemplate - Reading to [org.springframework.cloud.netflix.eureka.http.EurekaApplications]
2025-09-24 17:19:21 [DiscoveryClient-HeartbeatExecutor-%d] DEBUG o.s.web.client.RestTemplate - HTTP PUT http://localhost:8761/eureka/apps/BOOKING-SERVICE/GT0126:booking-service:9004?status=UP&lastDirtyTimestamp=1758708645140
2025-09-24 17:19:21 [DiscoveryClient-HeartbeatExecutor-%d] DEBUG o.s.web.client.RestTemplate - Accept=[application/json, application/*+json]
2025-09-24 17:19:21 [DiscoveryClient-CacheRefreshExecutor-%d] DEBUG o.s.web.client.RestTemplate - HTTP GET http://localhost:8761/eureka/apps/delta
2025-09-24 17:19:21 [DiscoveryClient-CacheRefreshExecutor-%d] DEBUG o.s.web.client.RestTemplate - Accept=[application/json, application/*+json]
2025-09-24 17:19:21 [DiscoveryClient-HeartbeatExecutor-%d] DEBUG o.s.web.client.RestTemplate - Response 200 OK
2025-09-24 17:19:21 [DiscoveryClient-CacheRefreshExecutor-%d] DEBUG o.s.web.client.RestTemplate - Response 200 OK
2025-09-24 17:19:21 [DiscoveryClient-CacheRefreshExecutor-%d] DEBUG o.s.web.client.RestTemplate - Reading to [org.springframework.cloud.netflix.eureka.http.EurekaApplications]
2025-09-24 17:19:51 [DiscoveryClient-HeartbeatExecutor-%d] DEBUG o.s.web.client.RestTemplate - HTTP PUT http://localhost:8761/eureka/apps/BOOKING-SERVICE/GT0126:booking-service:9004?status=UP&lastDirtyTimestamp=1758708645140
2025-09-24 17:19:51 [DiscoveryClient-HeartbeatExecutor-%d] DEBUG o.s.web.client.RestTemplate - Accept=[application/json, application/*+json]
2025-09-24 17:19:51 [DiscoveryClient-CacheRefreshExecutor-%d] DEBUG o.s.web.client.RestTemplate - HTTP GET http://localhost:8761/eureka/apps/delta
2025-09-24 17:19:51 [DiscoveryClient-CacheRefreshExecutor-%d] DEBUG o.s.web.client.RestTemplate - Accept=[application/json, application/*+json]
2025-09-24 17:19:51 [DiscoveryClient-HeartbeatExecutor-%d] DEBUG o.s.web.client.RestTemplate - Response 200 OK
2025-09-24 17:19:51 [DiscoveryClient-CacheRefreshExecutor-%d] DEBUG o.s.web.client.RestTemplate - Response 200 OK
2025-09-24 17:19:51 [DiscoveryClient-CacheRefreshExecutor-%d] DEBUG o.s.web.client.RestTemplate - Reading to [org.springframework.cloud.netflix.eureka.http.EurekaApplications]
2025-09-24 17:20:06 [AsyncResolver-bootstrap-executor-%d] INFO  c.n.d.s.r.aws.ConfigClusterResolver - Resolving eureka endpoints via configuration
2025-09-24 17:20:21 [DiscoveryClient-HeartbeatExecutor-%d] DEBUG o.s.web.client.RestTemplate - HTTP PUT http://localhost:8761/eureka/apps/BOOKING-SERVICE/GT0126:booking-service:9004?status=UP&lastDirtyTimestamp=1758708645140
2025-09-24 17:20:21 [DiscoveryClient-HeartbeatExecutor-%d] DEBUG o.s.web.client.RestTemplate - Accept=[application/json, application/*+json]
2025-09-24 17:20:21 [DiscoveryClient-CacheRefreshExecutor-%d] DEBUG o.s.web.client.RestTemplate - HTTP GET http://localhost:8761/eureka/apps/delta
2025-09-24 17:20:21 [DiscoveryClient-CacheRefreshExecutor-%d] DEBUG o.s.web.client.RestTemplate - Accept=[application/json, application/*+json]
2025-09-24 17:20:21 [DiscoveryClient-HeartbeatExecutor-%d] DEBUG o.s.web.client.RestTemplate - Response 200 OK
2025-09-24 17:20:21 [DiscoveryClient-CacheRefreshExecutor-%d] DEBUG o.s.web.client.RestTemplate - Response 200 OK
2025-09-24 17:20:21 [DiscoveryClient-CacheRefreshExecutor-%d] DEBUG o.s.web.client.RestTemplate - Reading to [org.springframework.cloud.netflix.eureka.http.EurekaApplications]
2025-09-24 17:20:51 [DiscoveryClient-HeartbeatExecutor-%d] DEBUG o.s.web.client.RestTemplate - HTTP PUT http://localhost:8761/eureka/apps/BOOKING-SERVICE/GT0126:booking-service:9004?status=UP&lastDirtyTimestamp=1758708645140
2025-09-24 17:20:51 [DiscoveryClient-HeartbeatExecutor-%d] DEBUG o.s.web.client.RestTemplate - Accept=[application/json, application/*+json]
2025-09-24 17:20:51 [DiscoveryClient-CacheRefreshExecutor-%d] DEBUG o.s.web.client.RestTemplate - HTTP GET http://localhost:8761/eureka/apps/delta
2025-09-24 17:20:51 [DiscoveryClient-CacheRefreshExecutor-%d] DEBUG o.s.web.client.RestTemplate - Accept=[application/json, application/*+json]
2025-09-24 17:20:51 [DiscoveryClient-HeartbeatExecutor-%d] DEBUG o.s.web.client.RestTemplate - Response 200 OK
2025-09-24 17:20:51 [DiscoveryClient-CacheRefreshExecutor-%d] DEBUG o.s.web.client.RestTemplate - Response 200 OK
2025-09-24 17:20:51 [DiscoveryClient-CacheRefreshExecutor-%d] DEBUG o.s.web.client.RestTemplate - Reading to [org.springframework.cloud.netflix.eureka.http.EurekaApplications]
2025-09-24 17:21:21 [DiscoveryClient-HeartbeatExecutor-%d] DEBUG o.s.web.client.RestTemplate - HTTP PUT http://localhost:8761/eureka/apps/BOOKING-SERVICE/GT0126:booking-service:9004?status=UP&lastDirtyTimestamp=1758708645140
2025-09-24 17:21:21 [DiscoveryClient-HeartbeatExecutor-%d] DEBUG o.s.web.client.RestTemplate - Accept=[application/json, application/*+json]
2025-09-24 17:21:21 [DiscoveryClient-CacheRefreshExecutor-%d] DEBUG o.s.web.client.RestTemplate - HTTP GET http://localhost:8761/eureka/apps/delta
2025-09-24 17:21:21 [DiscoveryClient-CacheRefreshExecutor-%d] DEBUG o.s.web.client.RestTemplate - Accept=[application/json, application/*+json]
2025-09-24 17:21:21 [DiscoveryClient-HeartbeatExecutor-%d] DEBUG o.s.web.client.RestTemplate - Response 200 OK
2025-09-24 17:21:21 [DiscoveryClient-CacheRefreshExecutor-%d] DEBUG o.s.web.client.RestTemplate - Response 200 OK
2025-09-24 17:21:21 [DiscoveryClient-CacheRefreshExecutor-%d] DEBUG o.s.web.client.RestTemplate - Reading to [org.springframework.cloud.netflix.eureka.http.EurekaApplications]
2025-09-24 17:21:51 [DiscoveryClient-HeartbeatExecutor-%d] DEBUG o.s.web.client.RestTemplate - HTTP PUT http://localhost:8761/eureka/apps/BOOKING-SERVICE/GT0126:booking-service:9004?status=UP&lastDirtyTimestamp=1758708645140
2025-09-24 17:21:51 [DiscoveryClient-HeartbeatExecutor-%d] DEBUG o.s.web.client.RestTemplate - Accept=[application/json, application/*+json]
2025-09-24 17:21:51 [DiscoveryClient-CacheRefreshExecutor-%d] DEBUG o.s.web.client.RestTemplate - HTTP GET http://localhost:8761/eureka/apps/delta
2025-09-24 17:21:51 [DiscoveryClient-CacheRefreshExecutor-%d] DEBUG o.s.web.client.RestTemplate - Accept=[application/json, application/*+json]
2025-09-24 17:21:51 [DiscoveryClient-HeartbeatExecutor-%d] DEBUG o.s.web.client.RestTemplate - Response 200 OK
2025-09-24 17:21:51 [DiscoveryClient-CacheRefreshExecutor-%d] DEBUG o.s.web.client.RestTemplate - Response 200 OK
2025-09-24 17:21:51 [DiscoveryClient-CacheRefreshExecutor-%d] DEBUG o.s.web.client.RestTemplate - Reading to [org.springframework.cloud.netflix.eureka.http.EurekaApplications]
2025-09-24 17:22:21 [DiscoveryClient-HeartbeatExecutor-%d] DEBUG o.s.web.client.RestTemplate - HTTP PUT http://localhost:8761/eureka/apps/BOOKING-SERVICE/GT0126:booking-service:9004?status=UP&lastDirtyTimestamp=1758708645140
2025-09-24 17:22:21 [DiscoveryClient-HeartbeatExecutor-%d] DEBUG o.s.web.client.RestTemplate - Accept=[application/json, application/*+json]
2025-09-24 17:22:21 [DiscoveryClient-CacheRefreshExecutor-%d] DEBUG o.s.web.client.RestTemplate - HTTP GET http://localhost:8761/eureka/apps/delta
2025-09-24 17:22:21 [DiscoveryClient-CacheRefreshExecutor-%d] DEBUG o.s.web.client.RestTemplate - Accept=[application/json, application/*+json]
2025-09-24 17:22:21 [DiscoveryClient-HeartbeatExecutor-%d] DEBUG o.s.web.client.RestTemplate - Response 200 OK
2025-09-24 17:22:21 [DiscoveryClient-CacheRefreshExecutor-%d] DEBUG o.s.web.client.RestTemplate - Response 200 OK
2025-09-24 17:22:21 [DiscoveryClient-CacheRefreshExecutor-%d] DEBUG o.s.web.client.RestTemplate - Reading to [org.springframework.cloud.netflix.eureka.http.EurekaApplications]
2025-09-24 17:22:51 [DiscoveryClient-HeartbeatExecutor-%d] DEBUG o.s.web.client.RestTemplate - HTTP PUT http://localhost:8761/eureka/apps/BOOKING-SERVICE/GT0126:booking-service:9004?status=UP&lastDirtyTimestamp=1758708645140
2025-09-24 17:22:51 [DiscoveryClient-HeartbeatExecutor-%d] DEBUG o.s.web.client.RestTemplate - Accept=[application/json, application/*+json]
2025-09-24 17:22:51 [DiscoveryClient-CacheRefreshExecutor-%d] DEBUG o.s.web.client.RestTemplate - HTTP GET http://localhost:8761/eureka/apps/delta
2025-09-24 17:22:51 [DiscoveryClient-CacheRefreshExecutor-%d] DEBUG o.s.web.client.RestTemplate - Accept=[application/json, application/*+json]
2025-09-24 17:22:51 [DiscoveryClient-HeartbeatExecutor-%d] DEBUG o.s.web.client.RestTemplate - Response 200 OK
2025-09-24 17:22:51 [DiscoveryClient-CacheRefreshExecutor-%d] DEBUG o.s.web.client.RestTemplate - Response 200 OK
2025-09-24 17:22:51 [DiscoveryClient-CacheRefreshExecutor-%d] DEBUG o.s.web.client.RestTemplate - Reading to [org.springframework.cloud.netflix.eureka.http.EurekaApplications]
2025-09-24 17:23:21 [DiscoveryClient-CacheRefreshExecutor-%d] DEBUG o.s.web.client.RestTemplate - HTTP GET http://localhost:8761/eureka/apps/delta
2025-09-24 17:23:21 [DiscoveryClient-HeartbeatExecutor-%d] DEBUG o.s.web.client.RestTemplate - HTTP PUT http://localhost:8761/eureka/apps/BOOKING-SERVICE/GT0126:booking-service:9004?status=UP&lastDirtyTimestamp=1758708645140
2025-09-24 17:23:21 [DiscoveryClient-CacheRefreshExecutor-%d] DEBUG o.s.web.client.RestTemplate - Accept=[application/json, application/*+json]
2025-09-24 17:23:21 [DiscoveryClient-HeartbeatExecutor-%d] DEBUG o.s.web.client.RestTemplate - Accept=[application/json, application/*+json]
2025-09-24 17:23:21 [DiscoveryClient-HeartbeatExecutor-%d] DEBUG o.s.web.client.RestTemplate - Response 200 OK
2025-09-24 17:23:21 [DiscoveryClient-CacheRefreshExecutor-%d] DEBUG o.s.web.client.RestTemplate - Response 200 OK
2025-09-24 17:23:21 [DiscoveryClient-CacheRefreshExecutor-%d] DEBUG o.s.web.client.RestTemplate - Reading to [org.springframework.cloud.netflix.eureka.http.EurekaApplications]
2025-09-24 17:23:51 [DiscoveryClient-CacheRefreshExecutor-%d] DEBUG o.s.web.client.RestTemplate - HTTP GET http://localhost:8761/eureka/apps/delta
2025-09-24 17:23:51 [DiscoveryClient-HeartbeatExecutor-%d] DEBUG o.s.web.client.RestTemplate - HTTP PUT http://localhost:8761/eureka/apps/BOOKING-SERVICE/GT0126:booking-service:9004?status=UP&lastDirtyTimestamp=1758708645140
2025-09-24 17:23:51 [DiscoveryClient-CacheRefreshExecutor-%d] DEBUG o.s.web.client.RestTemplate - Accept=[application/json, application/*+json]
2025-09-24 17:23:51 [DiscoveryClient-HeartbeatExecutor-%d] DEBUG o.s.web.client.RestTemplate - Accept=[application/json, application/*+json]
2025-09-24 17:23:51 [DiscoveryClient-CacheRefreshExecutor-%d] DEBUG o.s.web.client.RestTemplate - Response 200 OK
2025-09-24 17:23:51 [DiscoveryClient-CacheRefreshExecutor-%d] DEBUG o.s.web.client.RestTemplate - Reading to [org.springframework.cloud.netflix.eureka.http.EurekaApplications]
2025-09-24 17:23:51 [DiscoveryClient-HeartbeatExecutor-%d] DEBUG o.s.web.client.RestTemplate - Response 200 OK
2025-09-24 17:24:21 [DiscoveryClient-CacheRefreshExecutor-%d] DEBUG o.s.web.client.RestTemplate - HTTP GET http://localhost:8761/eureka/apps/delta
2025-09-24 17:24:21 [DiscoveryClient-HeartbeatExecutor-%d] DEBUG o.s.web.client.RestTemplate - HTTP PUT http://localhost:8761/eureka/apps/BOOKING-SERVICE/GT0126:booking-service:9004?status=UP&lastDirtyTimestamp=1758708645140
2025-09-24 17:24:21 [DiscoveryClient-CacheRefreshExecutor-%d] DEBUG o.s.web.client.RestTemplate - Accept=[application/json, application/*+json]
2025-09-24 17:24:21 [DiscoveryClient-HeartbeatExecutor-%d] DEBUG o.s.web.client.RestTemplate - Accept=[application/json, application/*+json]
2025-09-24 17:24:21 [DiscoveryClient-HeartbeatExecutor-%d] DEBUG o.s.web.client.RestTemplate - Response 200 OK
2025-09-24 17:24:21 [DiscoveryClient-CacheRefreshExecutor-%d] DEBUG o.s.web.client.RestTemplate - Response 200 OK
2025-09-24 17:24:21 [DiscoveryClient-CacheRefreshExecutor-%d] DEBUG o.s.web.client.RestTemplate - Reading to [org.springframework.cloud.netflix.eureka.http.EurekaApplications]
2025-09-24 17:24:51 [DiscoveryClient-CacheRefreshExecutor-%d] DEBUG o.s.web.client.RestTemplate - HTTP GET http://localhost:8761/eureka/apps/delta
2025-09-24 17:24:51 [DiscoveryClient-HeartbeatExecutor-%d] DEBUG o.s.web.client.RestTemplate - HTTP PUT http://localhost:8761/eureka/apps/BOOKING-SERVICE/GT0126:booking-service:9004?status=UP&lastDirtyTimestamp=1758708645140
2025-09-24 17:24:51 [DiscoveryClient-HeartbeatExecutor-%d] DEBUG o.s.web.client.RestTemplate - Accept=[application/json, application/*+json]
2025-09-24 17:24:51 [DiscoveryClient-CacheRefreshExecutor-%d] DEBUG o.s.web.client.RestTemplate - Accept=[application/json, application/*+json]
2025-09-24 17:24:51 [DiscoveryClient-CacheRefreshExecutor-%d] DEBUG o.s.web.client.RestTemplate - Response 200 OK
2025-09-24 17:24:51 [DiscoveryClient-HeartbeatExecutor-%d] DEBUG o.s.web.client.RestTemplate - Response 200 OK
2025-09-24 17:24:51 [DiscoveryClient-CacheRefreshExecutor-%d] DEBUG o.s.web.client.RestTemplate - Reading to [org.springframework.cloud.netflix.eureka.http.EurekaApplications]
2025-09-24 17:25:06 [AsyncResolver-bootstrap-executor-%d] INFO  c.n.d.s.r.aws.ConfigClusterResolver - Resolving eureka endpoints via configuration
2025-09-24 17:25:21 [DiscoveryClient-CacheRefreshExecutor-%d] DEBUG o.s.web.client.RestTemplate - HTTP GET http://localhost:8761/eureka/apps/delta
2025-09-24 17:25:21 [DiscoveryClient-CacheRefreshExecutor-%d] DEBUG o.s.web.client.RestTemplate - Accept=[application/json, application/*+json]
2025-09-24 17:25:21 [DiscoveryClient-HeartbeatExecutor-%d] DEBUG o.s.web.client.RestTemplate - HTTP PUT http://localhost:8761/eureka/apps/BOOKING-SERVICE/GT0126:booking-service:9004?status=UP&lastDirtyTimestamp=1758708645140
2025-09-24 17:25:21 [DiscoveryClient-HeartbeatExecutor-%d] DEBUG o.s.web.client.RestTemplate - Accept=[application/json, application/*+json]
2025-09-24 17:25:21 [DiscoveryClient-CacheRefreshExecutor-%d] DEBUG o.s.web.client.RestTemplate - Response 200 OK
2025-09-24 17:25:21 [DiscoveryClient-CacheRefreshExecutor-%d] DEBUG o.s.web.client.RestTemplate - Reading to [org.springframework.cloud.netflix.eureka.http.EurekaApplications]
2025-09-24 17:25:21 [DiscoveryClient-HeartbeatExecutor-%d] DEBUG o.s.web.client.RestTemplate - Response 200 OK
2025-09-24 17:25:51 [DiscoveryClient-CacheRefreshExecutor-%d] DEBUG o.s.web.client.RestTemplate - HTTP GET http://localhost:8761/eureka/apps/delta
2025-09-24 17:25:51 [DiscoveryClient-CacheRefreshExecutor-%d] DEBUG o.s.web.client.RestTemplate - Accept=[application/json, application/*+json]
2025-09-24 17:25:51 [DiscoveryClient-HeartbeatExecutor-%d] DEBUG o.s.web.client.RestTemplate - HTTP PUT http://localhost:8761/eureka/apps/BOOKING-SERVICE/GT0126:booking-service:9004?status=UP&lastDirtyTimestamp=1758708645140
2025-09-24 17:25:51 [DiscoveryClient-HeartbeatExecutor-%d] DEBUG o.s.web.client.RestTemplate - Accept=[application/json, application/*+json]
2025-09-24 17:25:51 [DiscoveryClient-CacheRefreshExecutor-%d] DEBUG o.s.web.client.RestTemplate - Response 200 OK
2025-09-24 17:25:51 [DiscoveryClient-CacheRefreshExecutor-%d] DEBUG o.s.web.client.RestTemplate - Reading to [org.springframework.cloud.netflix.eureka.http.EurekaApplications]
2025-09-24 17:25:51 [DiscoveryClient-HeartbeatExecutor-%d] DEBUG o.s.web.client.RestTemplate - Response 200 OK
2025-09-24 17:26:21 [DiscoveryClient-CacheRefreshExecutor-%d] DEBUG o.s.web.client.RestTemplate - HTTP GET http://localhost:8761/eureka/apps/delta
2025-09-24 17:26:21 [DiscoveryClient-HeartbeatExecutor-%d] DEBUG o.s.web.client.RestTemplate - HTTP PUT http://localhost:8761/eureka/apps/BOOKING-SERVICE/GT0126:booking-service:9004?status=UP&lastDirtyTimestamp=1758708645140
2025-09-24 17:26:21 [DiscoveryClient-CacheRefreshExecutor-%d] DEBUG o.s.web.client.RestTemplate - Accept=[application/json, application/*+json]
2025-09-24 17:26:21 [DiscoveryClient-HeartbeatExecutor-%d] DEBUG o.s.web.client.RestTemplate - Accept=[application/json, application/*+json]
2025-09-24 17:26:21 [DiscoveryClient-CacheRefreshExecutor-%d] DEBUG o.s.web.client.RestTemplate - Response 200 OK
2025-09-24 17:26:21 [DiscoveryClient-CacheRefreshExecutor-%d] DEBUG o.s.web.client.RestTemplate - Reading to [org.springframework.cloud.netflix.eureka.http.EurekaApplications]
2025-09-24 17:26:21 [DiscoveryClient-HeartbeatExecutor-%d] DEBUG o.s.web.client.RestTemplate - Response 200 OK
2025-09-24 17:26:51 [DiscoveryClient-HeartbeatExecutor-%d] DEBUG o.s.web.client.RestTemplate - HTTP PUT http://localhost:8761/eureka/apps/BOOKING-SERVICE/GT0126:booking-service:9004?status=UP&lastDirtyTimestamp=1758708645140
2025-09-24 17:26:51 [DiscoveryClient-CacheRefreshExecutor-%d] DEBUG o.s.web.client.RestTemplate - HTTP GET http://localhost:8761/eureka/apps/delta
2025-09-24 17:26:51 [DiscoveryClient-HeartbeatExecutor-%d] DEBUG o.s.web.client.RestTemplate - Accept=[application/json, application/*+json]
2025-09-24 17:26:51 [DiscoveryClient-CacheRefreshExecutor-%d] DEBUG o.s.web.client.RestTemplate - Accept=[application/json, application/*+json]
2025-09-24 17:26:51 [DiscoveryClient-CacheRefreshExecutor-%d] DEBUG o.s.web.client.RestTemplate - Response 200 OK
2025-09-24 17:26:51 [DiscoveryClient-HeartbeatExecutor-%d] DEBUG o.s.web.client.RestTemplate - Response 200 OK
2025-09-24 17:26:51 [DiscoveryClient-CacheRefreshExecutor-%d] DEBUG o.s.web.client.RestTemplate - Reading to [org.springframework.cloud.netflix.eureka.http.EurekaApplications]
2025-09-24 17:27:21 [DiscoveryClient-HeartbeatExecutor-%d] DEBUG o.s.web.client.RestTemplate - HTTP PUT http://localhost:8761/eureka/apps/BOOKING-SERVICE/GT0126:booking-service:9004?status=UP&lastDirtyTimestamp=1758708645140
2025-09-24 17:27:21 [DiscoveryClient-HeartbeatExecutor-%d] DEBUG o.s.web.client.RestTemplate - Accept=[application/json, application/*+json]
2025-09-24 17:27:21 [DiscoveryClient-CacheRefreshExecutor-%d] DEBUG o.s.web.client.RestTemplate - HTTP GET http://localhost:8761/eureka/apps/delta
2025-09-24 17:27:21 [DiscoveryClient-CacheRefreshExecutor-%d] DEBUG o.s.web.client.RestTemplate - Accept=[application/json, application/*+json]
2025-09-24 17:27:21 [DiscoveryClient-HeartbeatExecutor-%d] DEBUG o.s.web.client.RestTemplate - Response 200 OK
2025-09-24 17:27:21 [DiscoveryClient-CacheRefreshExecutor-%d] DEBUG o.s.web.client.RestTemplate - Response 200 OK
2025-09-24 17:27:21 [DiscoveryClient-CacheRefreshExecutor-%d] DEBUG o.s.web.client.RestTemplate - Reading to [org.springframework.cloud.netflix.eureka.http.EurekaApplications]
2025-09-24 17:27:51 [DiscoveryClient-HeartbeatExecutor-%d] DEBUG o.s.web.client.RestTemplate - HTTP PUT http://localhost:8761/eureka/apps/BOOKING-SERVICE/GT0126:booking-service:9004?status=UP&lastDirtyTimestamp=1758708645140
2025-09-24 17:27:51 [DiscoveryClient-HeartbeatExecutor-%d] DEBUG o.s.web.client.RestTemplate - Accept=[application/json, application/*+json]
2025-09-24 17:27:51 [DiscoveryClient-CacheRefreshExecutor-%d] DEBUG o.s.web.client.RestTemplate - HTTP GET http://localhost:8761/eureka/apps/delta
2025-09-24 17:27:51 [DiscoveryClient-CacheRefreshExecutor-%d] DEBUG o.s.web.client.RestTemplate - Accept=[application/json, application/*+json]
2025-09-24 17:27:51 [DiscoveryClient-HeartbeatExecutor-%d] DEBUG o.s.web.client.RestTemplate - Response 200 OK
2025-09-24 17:27:51 [DiscoveryClient-CacheRefreshExecutor-%d] DEBUG o.s.web.client.RestTemplate - Response 200 OK
2025-09-24 17:27:51 [DiscoveryClient-CacheRefreshExecutor-%d] DEBUG o.s.web.client.RestTemplate - Reading to [org.springframework.cloud.netflix.eureka.http.EurekaApplications]
2025-09-24 17:28:21 [DiscoveryClient-HeartbeatExecutor-%d] DEBUG o.s.web.client.RestTemplate - HTTP PUT http://localhost:8761/eureka/apps/BOOKING-SERVICE/GT0126:booking-service:9004?status=UP&lastDirtyTimestamp=1758708645140
2025-09-24 17:28:21 [DiscoveryClient-HeartbeatExecutor-%d] DEBUG o.s.web.client.RestTemplate - Accept=[application/json, application/*+json]
2025-09-24 17:28:21 [DiscoveryClient-CacheRefreshExecutor-%d] DEBUG o.s.web.client.RestTemplate - HTTP GET http://localhost:8761/eureka/apps/delta
2025-09-24 17:28:21 [DiscoveryClient-CacheRefreshExecutor-%d] DEBUG o.s.web.client.RestTemplate - Accept=[application/json, application/*+json]
2025-09-24 17:28:21 [DiscoveryClient-HeartbeatExecutor-%d] DEBUG o.s.web.client.RestTemplate - Response 200 OK
2025-09-24 17:28:21 [DiscoveryClient-CacheRefreshExecutor-%d] DEBUG o.s.web.client.RestTemplate - Response 200 OK
2025-09-24 17:28:21 [DiscoveryClient-CacheRefreshExecutor-%d] DEBUG o.s.web.client.RestTemplate - Reading to [org.springframework.cloud.netflix.eureka.http.EurekaApplications]
2025-09-24 17:28:51 [DiscoveryClient-CacheRefreshExecutor-%d] DEBUG o.s.web.client.RestTemplate - HTTP GET http://localhost:8761/eureka/apps/delta
2025-09-24 17:28:51 [DiscoveryClient-CacheRefreshExecutor-%d] DEBUG o.s.web.client.RestTemplate - Accept=[application/json, application/*+json]
2025-09-24 17:28:51 [DiscoveryClient-CacheRefreshExecutor-%d] DEBUG o.s.web.client.RestTemplate - Response 200 OK
2025-09-24 17:28:51 [DiscoveryClient-CacheRefreshExecutor-%d] DEBUG o.s.web.client.RestTemplate - Reading to [org.springframework.cloud.netflix.eureka.http.EurekaApplications]
2025-09-24 17:28:51 [DiscoveryClient-HeartbeatExecutor-%d] DEBUG o.s.web.client.RestTemplate - HTTP PUT http://localhost:8761/eureka/apps/BOOKING-SERVICE/GT0126:booking-service:9004?status=UP&lastDirtyTimestamp=1758708645140
2025-09-24 17:28:51 [DiscoveryClient-HeartbeatExecutor-%d] DEBUG o.s.web.client.RestTemplate - Accept=[application/json, application/*+json]
2025-09-24 17:28:51 [DiscoveryClient-HeartbeatExecutor-%d] DEBUG o.s.web.client.RestTemplate - Response 200 OK
2025-09-24 17:29:21 [DiscoveryClient-CacheRefreshExecutor-%d] DEBUG o.s.web.client.RestTemplate - HTTP GET http://localhost:8761/eureka/apps/delta
2025-09-24 17:29:21 [DiscoveryClient-CacheRefreshExecutor-%d] DEBUG o.s.web.client.RestTemplate - Accept=[application/json, application/*+json]
2025-09-24 17:29:21 [DiscoveryClient-CacheRefreshExecutor-%d] DEBUG o.s.web.client.RestTemplate - Response 200 OK
2025-09-24 17:29:21 [DiscoveryClient-CacheRefreshExecutor-%d] DEBUG o.s.web.client.RestTemplate - Reading to [org.springframework.cloud.netflix.eureka.http.EurekaApplications]
2025-09-24 17:29:21 [DiscoveryClient-HeartbeatExecutor-%d] DEBUG o.s.web.client.RestTemplate - HTTP PUT http://localhost:8761/eureka/apps/BOOKING-SERVICE/GT0126:booking-service:9004?status=UP&lastDirtyTimestamp=1758708645140
2025-09-24 17:29:21 [DiscoveryClient-HeartbeatExecutor-%d] DEBUG o.s.web.client.RestTemplate - Accept=[application/json, application/*+json]
2025-09-24 17:29:21 [DiscoveryClient-HeartbeatExecutor-%d] DEBUG o.s.web.client.RestTemplate - Response 200 OK
2025-09-24 17:29:51 [DiscoveryClient-CacheRefreshExecutor-%d] DEBUG o.s.web.client.RestTemplate - HTTP GET http://localhost:8761/eureka/apps/delta
2025-09-24 17:29:51 [DiscoveryClient-CacheRefreshExecutor-%d] DEBUG o.s.web.client.RestTemplate - Accept=[application/json, application/*+json]
2025-09-24 17:29:51 [DiscoveryClient-CacheRefreshExecutor-%d] DEBUG o.s.web.client.RestTemplate - Response 200 OK
2025-09-24 17:29:51 [DiscoveryClient-CacheRefreshExecutor-%d] DEBUG o.s.web.client.RestTemplate - Reading to [org.springframework.cloud.netflix.eureka.http.EurekaApplications]
2025-09-24 17:29:51 [DiscoveryClient-HeartbeatExecutor-%d] DEBUG o.s.web.client.RestTemplate - HTTP PUT http://localhost:8761/eureka/apps/BOOKING-SERVICE/GT0126:booking-service:9004?status=UP&lastDirtyTimestamp=1758708645140
2025-09-24 17:29:51 [DiscoveryClient-HeartbeatExecutor-%d] DEBUG o.s.web.client.RestTemplate - Accept=[application/json, application/*+json]
2025-09-24 17:29:51 [DiscoveryClient-HeartbeatExecutor-%d] DEBUG o.s.web.client.RestTemplate - Response 200 OK
2025-09-24 17:30:06 [AsyncResolver-bootstrap-executor-%d] INFO  c.n.d.s.r.aws.ConfigClusterResolver - Resolving eureka endpoints via configuration
2025-09-24 17:30:21 [DiscoveryClient-CacheRefreshExecutor-%d] DEBUG o.s.web.client.RestTemplate - HTTP GET http://localhost:8761/eureka/apps/delta
2025-09-24 17:30:21 [DiscoveryClient-CacheRefreshExecutor-%d] DEBUG o.s.web.client.RestTemplate - Accept=[application/json, application/*+json]
2025-09-24 17:30:21 [DiscoveryClient-CacheRefreshExecutor-%d] DEBUG o.s.web.client.RestTemplate - Response 200 OK
2025-09-24 17:30:21 [DiscoveryClient-CacheRefreshExecutor-%d] DEBUG o.s.web.client.RestTemplate - Reading to [org.springframework.cloud.netflix.eureka.http.EurekaApplications]
2025-09-24 17:30:21 [DiscoveryClient-HeartbeatExecutor-%d] DEBUG o.s.web.client.RestTemplate - HTTP PUT http://localhost:8761/eureka/apps/BOOKING-SERVICE/GT0126:booking-service:9004?status=UP&lastDirtyTimestamp=1758708645140
2025-09-24 17:30:21 [DiscoveryClient-HeartbeatExecutor-%d] DEBUG o.s.web.client.RestTemplate - Accept=[application/json, application/*+json]
2025-09-24 17:30:21 [DiscoveryClient-HeartbeatExecutor-%d] DEBUG o.s.web.client.RestTemplate - Response 200 OK
2025-09-24 17:30:51 [DiscoveryClient-CacheRefreshExecutor-%d] DEBUG o.s.web.client.RestTemplate - HTTP GET http://localhost:8761/eureka/apps/delta
2025-09-24 17:30:51 [DiscoveryClient-CacheRefreshExecutor-%d] DEBUG o.s.web.client.RestTemplate - Accept=[application/json, application/*+json]
2025-09-24 17:30:51 [DiscoveryClient-CacheRefreshExecutor-%d] DEBUG o.s.web.client.RestTemplate - Response 200 OK
2025-09-24 17:30:51 [DiscoveryClient-CacheRefreshExecutor-%d] DEBUG o.s.web.client.RestTemplate - Reading to [org.springframework.cloud.netflix.eureka.http.EurekaApplications]
2025-09-24 17:30:51 [DiscoveryClient-HeartbeatExecutor-%d] DEBUG o.s.web.client.RestTemplate - HTTP PUT http://localhost:8761/eureka/apps/BOOKING-SERVICE/GT0126:booking-service:9004?status=UP&lastDirtyTimestamp=1758708645140
2025-09-24 17:30:51 [DiscoveryClient-HeartbeatExecutor-%d] DEBUG o.s.web.client.RestTemplate - Accept=[application/json, application/*+json]
2025-09-24 17:30:51 [DiscoveryClient-HeartbeatExecutor-%d] DEBUG o.s.web.client.RestTemplate - Response 200 OK
2025-09-24 17:31:21 [DiscoveryClient-CacheRefreshExecutor-%d] DEBUG o.s.web.client.RestTemplate - HTTP GET http://localhost:8761/eureka/apps/delta
2025-09-24 17:31:21 [DiscoveryClient-CacheRefreshExecutor-%d] DEBUG o.s.web.client.RestTemplate - Accept=[application/json, application/*+json]
2025-09-24 17:31:21 [DiscoveryClient-CacheRefreshExecutor-%d] DEBUG o.s.web.client.RestTemplate - Response 200 OK
2025-09-24 17:31:21 [DiscoveryClient-CacheRefreshExecutor-%d] DEBUG o.s.web.client.RestTemplate - Reading to [org.springframework.cloud.netflix.eureka.http.EurekaApplications]
2025-09-24 17:31:21 [DiscoveryClient-HeartbeatExecutor-%d] DEBUG o.s.web.client.RestTemplate - HTTP PUT http://localhost:8761/eureka/apps/BOOKING-SERVICE/GT0126:booking-service:9004?status=UP&lastDirtyTimestamp=1758708645140
2025-09-24 17:31:21 [DiscoveryClient-HeartbeatExecutor-%d] DEBUG o.s.web.client.RestTemplate - Accept=[application/json, application/*+json]
2025-09-24 17:31:21 [DiscoveryClient-HeartbeatExecutor-%d] DEBUG o.s.web.client.RestTemplate - Response 200 OK
2025-09-24 17:31:51 [DiscoveryClient-CacheRefreshExecutor-%d] DEBUG o.s.web.client.RestTemplate - HTTP GET http://localhost:8761/eureka/apps/delta
2025-09-24 17:31:51 [DiscoveryClient-CacheRefreshExecutor-%d] DEBUG o.s.web.client.RestTemplate - Accept=[application/json, application/*+json]
2025-09-24 17:31:51 [DiscoveryClient-CacheRefreshExecutor-%d] DEBUG o.s.web.client.RestTemplate - Response 200 OK
2025-09-24 17:31:51 [DiscoveryClient-CacheRefreshExecutor-%d] DEBUG o.s.web.client.RestTemplate - Reading to [org.springframework.cloud.netflix.eureka.http.EurekaApplications]
2025-09-24 17:31:51 [DiscoveryClient-HeartbeatExecutor-%d] DEBUG o.s.web.client.RestTemplate - HTTP PUT http://localhost:8761/eureka/apps/BOOKING-SERVICE/GT0126:booking-service:9004?status=UP&lastDirtyTimestamp=1758708645140
2025-09-24 17:31:51 [DiscoveryClient-HeartbeatExecutor-%d] DEBUG o.s.web.client.RestTemplate - Accept=[application/json, application/*+json]
2025-09-24 17:31:52 [DiscoveryClient-HeartbeatExecutor-%d] DEBUG o.s.web.client.RestTemplate - Response 200 OK
2025-09-24 17:32:21 [DiscoveryClient-CacheRefreshExecutor-%d] DEBUG o.s.web.client.RestTemplate - HTTP GET http://localhost:8761/eureka/apps/delta
2025-09-24 17:32:21 [DiscoveryClient-CacheRefreshExecutor-%d] DEBUG o.s.web.client.RestTemplate - Accept=[application/json, application/*+json]
2025-09-24 17:32:21 [DiscoveryClient-CacheRefreshExecutor-%d] DEBUG o.s.web.client.RestTemplate - Response 200 OK
2025-09-24 17:32:21 [DiscoveryClient-CacheRefreshExecutor-%d] DEBUG o.s.web.client.RestTemplate - Reading to [org.springframework.cloud.netflix.eureka.http.EurekaApplications]
2025-09-24 17:32:22 [DiscoveryClient-HeartbeatExecutor-%d] DEBUG o.s.web.client.RestTemplate - HTTP PUT http://localhost:8761/eureka/apps/BOOKING-SERVICE/GT0126:booking-service:9004?status=UP&lastDirtyTimestamp=1758708645140
2025-09-24 17:32:22 [DiscoveryClient-HeartbeatExecutor-%d] DEBUG o.s.web.client.RestTemplate - Accept=[application/json, application/*+json]
2025-09-24 17:32:22 [DiscoveryClient-HeartbeatExecutor-%d] DEBUG o.s.web.client.RestTemplate - Response 200 OK
2025-09-24 17:32:51 [DiscoveryClient-CacheRefreshExecutor-%d] DEBUG o.s.web.client.RestTemplate - HTTP GET http://localhost:8761/eureka/apps/delta
2025-09-24 17:32:51 [DiscoveryClient-CacheRefreshExecutor-%d] DEBUG o.s.web.client.RestTemplate - Accept=[application/json, application/*+json]
2025-09-24 17:32:51 [DiscoveryClient-CacheRefreshExecutor-%d] DEBUG o.s.web.client.RestTemplate - Response 200 OK
2025-09-24 17:32:51 [DiscoveryClient-CacheRefreshExecutor-%d] DEBUG o.s.web.client.RestTemplate - Reading to [org.springframework.cloud.netflix.eureka.http.EurekaApplications]
2025-09-24 17:32:52 [DiscoveryClient-HeartbeatExecutor-%d] DEBUG o.s.web.client.RestTemplate - HTTP PUT http://localhost:8761/eureka/apps/BOOKING-SERVICE/GT0126:booking-service:9004?status=UP&lastDirtyTimestamp=1758708645140
2025-09-24 17:32:52 [DiscoveryClient-HeartbeatExecutor-%d] DEBUG o.s.web.client.RestTemplate - Accept=[application/json, application/*+json]
2025-09-24 17:32:52 [DiscoveryClient-HeartbeatExecutor-%d] DEBUG o.s.web.client.RestTemplate - Response 200 OK
2025-09-24 17:33:21 [DiscoveryClient-CacheRefreshExecutor-%d] DEBUG o.s.web.client.RestTemplate - HTTP GET http://localhost:8761/eureka/apps/delta
2025-09-24 17:33:21 [DiscoveryClient-CacheRefreshExecutor-%d] DEBUG o.s.web.client.RestTemplate - Accept=[application/json, application/*+json]
2025-09-24 17:33:21 [DiscoveryClient-CacheRefreshExecutor-%d] DEBUG o.s.web.client.RestTemplate - Response 200 OK
2025-09-24 17:33:21 [DiscoveryClient-CacheRefreshExecutor-%d] DEBUG o.s.web.client.RestTemplate - Reading to [org.springframework.cloud.netflix.eureka.http.EurekaApplications]
2025-09-24 17:33:22 [DiscoveryClient-HeartbeatExecutor-%d] DEBUG o.s.web.client.RestTemplate - HTTP PUT http://localhost:8761/eureka/apps/BOOKING-SERVICE/GT0126:booking-service:9004?status=UP&lastDirtyTimestamp=1758708645140
2025-09-24 17:33:22 [DiscoveryClient-HeartbeatExecutor-%d] DEBUG o.s.web.client.RestTemplate - Accept=[application/json, application/*+json]
2025-09-24 17:33:22 [DiscoveryClient-HeartbeatExecutor-%d] DEBUG o.s.web.client.RestTemplate - Response 200 OK
2025-09-24 17:33:51 [DiscoveryClient-CacheRefreshExecutor-%d] DEBUG o.s.web.client.RestTemplate - HTTP GET http://localhost:8761/eureka/apps/delta
2025-09-24 17:33:51 [DiscoveryClient-CacheRefreshExecutor-%d] DEBUG o.s.web.client.RestTemplate - Accept=[application/json, application/*+json]
2025-09-24 17:33:51 [DiscoveryClient-CacheRefreshExecutor-%d] DEBUG o.s.web.client.RestTemplate - Response 200 OK
2025-09-24 17:33:51 [DiscoveryClient-CacheRefreshExecutor-%d] DEBUG o.s.web.client.RestTemplate - Reading to [org.springframework.cloud.netflix.eureka.http.EurekaApplications]
2025-09-24 17:33:52 [DiscoveryClient-HeartbeatExecutor-%d] DEBUG o.s.web.client.RestTemplate - HTTP PUT http://localhost:8761/eureka/apps/BOOKING-SERVICE/GT0126:booking-service:9004?status=UP&lastDirtyTimestamp=1758708645140
2025-09-24 17:33:52 [DiscoveryClient-HeartbeatExecutor-%d] DEBUG o.s.web.client.RestTemplate - Accept=[application/json, application/*+json]
2025-09-24 17:33:52 [DiscoveryClient-HeartbeatExecutor-%d] DEBUG o.s.web.client.RestTemplate - Response 200 OK
2025-09-24 17:34:22 [DiscoveryClient-CacheRefreshExecutor-%d] DEBUG o.s.web.client.RestTemplate - HTTP GET http://localhost:8761/eureka/apps/delta
2025-09-24 17:34:22 [DiscoveryClient-CacheRefreshExecutor-%d] DEBUG o.s.web.client.RestTemplate - Accept=[application/json, application/*+json]
2025-09-24 17:34:22 [DiscoveryClient-CacheRefreshExecutor-%d] DEBUG o.s.web.client.RestTemplate - Response 200 OK
2025-09-24 17:34:22 [DiscoveryClient-CacheRefreshExecutor-%d] DEBUG o.s.web.client.RestTemplate - Reading to [org.springframework.cloud.netflix.eureka.http.EurekaApplications]
2025-09-24 17:34:22 [DiscoveryClient-HeartbeatExecutor-%d] DEBUG o.s.web.client.RestTemplate - HTTP PUT http://localhost:8761/eureka/apps/BOOKING-SERVICE/GT0126:booking-service:9004?status=UP&lastDirtyTimestamp=1758708645140
2025-09-24 17:34:22 [DiscoveryClient-HeartbeatExecutor-%d] DEBUG o.s.web.client.RestTemplate - Accept=[application/json, application/*+json]
2025-09-24 17:34:22 [DiscoveryClient-HeartbeatExecutor-%d] DEBUG o.s.web.client.RestTemplate - Response 200 OK
2025-09-24 17:34:52 [DiscoveryClient-CacheRefreshExecutor-%d] DEBUG o.s.web.client.RestTemplate - HTTP GET http://localhost:8761/eureka/apps/delta
2025-09-24 17:34:52 [DiscoveryClient-CacheRefreshExecutor-%d] DEBUG o.s.web.client.RestTemplate - Accept=[application/json, application/*+json]
2025-09-24 17:34:52 [DiscoveryClient-CacheRefreshExecutor-%d] DEBUG o.s.web.client.RestTemplate - Response 200 OK
2025-09-24 17:34:52 [DiscoveryClient-CacheRefreshExecutor-%d] DEBUG o.s.web.client.RestTemplate - Reading to [org.springframework.cloud.netflix.eureka.http.EurekaApplications]
2025-09-24 17:34:52 [DiscoveryClient-HeartbeatExecutor-%d] DEBUG o.s.web.client.RestTemplate - HTTP PUT http://localhost:8761/eureka/apps/BOOKING-SERVICE/GT0126:booking-service:9004?status=UP&lastDirtyTimestamp=1758708645140
2025-09-24 17:34:52 [DiscoveryClient-HeartbeatExecutor-%d] DEBUG o.s.web.client.RestTemplate - Accept=[application/json, application/*+json]
2025-09-24 17:34:52 [DiscoveryClient-HeartbeatExecutor-%d] DEBUG o.s.web.client.RestTemplate - Response 200 OK
2025-09-24 17:35:06 [AsyncResolver-bootstrap-executor-%d] INFO  c.n.d.s.r.aws.ConfigClusterResolver - Resolving eureka endpoints via configuration
2025-09-24 17:35:22 [DiscoveryClient-CacheRefreshExecutor-%d] DEBUG o.s.web.client.RestTemplate - HTTP GET http://localhost:8761/eureka/apps/delta
2025-09-24 17:35:22 [DiscoveryClient-CacheRefreshExecutor-%d] DEBUG o.s.web.client.RestTemplate - Accept=[application/json, application/*+json]
2025-09-24 17:35:22 [DiscoveryClient-CacheRefreshExecutor-%d] DEBUG o.s.web.client.RestTemplate - Response 200 OK
2025-09-24 17:35:22 [DiscoveryClient-CacheRefreshExecutor-%d] DEBUG o.s.web.client.RestTemplate - Reading to [org.springframework.cloud.netflix.eureka.http.EurekaApplications]
2025-09-24 17:35:22 [DiscoveryClient-HeartbeatExecutor-%d] DEBUG o.s.web.client.RestTemplate - HTTP PUT http://localhost:8761/eureka/apps/BOOKING-SERVICE/GT0126:booking-service:9004?status=UP&lastDirtyTimestamp=1758708645140
2025-09-24 17:35:22 [DiscoveryClient-HeartbeatExecutor-%d] DEBUG o.s.web.client.RestTemplate - Accept=[application/json, application/*+json]
2025-09-24 17:35:22 [DiscoveryClient-HeartbeatExecutor-%d] DEBUG o.s.web.client.RestTemplate - Response 200 OK
2025-09-24 17:35:52 [DiscoveryClient-CacheRefreshExecutor-%d] DEBUG o.s.web.client.RestTemplate - HTTP GET http://localhost:8761/eureka/apps/delta
2025-09-24 17:35:52 [DiscoveryClient-CacheRefreshExecutor-%d] DEBUG o.s.web.client.RestTemplate - Accept=[application/json, application/*+json]
2025-09-24 17:35:52 [DiscoveryClient-CacheRefreshExecutor-%d] DEBUG o.s.web.client.RestTemplate - Response 200 OK
2025-09-24 17:35:52 [DiscoveryClient-CacheRefreshExecutor-%d] DEBUG o.s.web.client.RestTemplate - Reading to [org.springframework.cloud.netflix.eureka.http.EurekaApplications]
2025-09-24 17:35:52 [DiscoveryClient-HeartbeatExecutor-%d] DEBUG o.s.web.client.RestTemplate - HTTP PUT http://localhost:8761/eureka/apps/BOOKING-SERVICE/GT0126:booking-service:9004?status=UP&lastDirtyTimestamp=1758708645140
2025-09-24 17:35:52 [DiscoveryClient-HeartbeatExecutor-%d] DEBUG o.s.web.client.RestTemplate - Accept=[application/json, application/*+json]
2025-09-24 17:35:52 [DiscoveryClient-HeartbeatExecutor-%d] DEBUG o.s.web.client.RestTemplate - Response 200 OK
2025-09-24 17:36:22 [DiscoveryClient-CacheRefreshExecutor-%d] DEBUG o.s.web.client.RestTemplate - HTTP GET http://localhost:8761/eureka/apps/delta
2025-09-24 17:36:22 [DiscoveryClient-CacheRefreshExecutor-%d] DEBUG o.s.web.client.RestTemplate - Accept=[application/json, application/*+json]
2025-09-24 17:36:22 [DiscoveryClient-CacheRefreshExecutor-%d] DEBUG o.s.web.client.RestTemplate - Response 200 OK
2025-09-24 17:36:22 [DiscoveryClient-CacheRefreshExecutor-%d] DEBUG o.s.web.client.RestTemplate - Reading to [org.springframework.cloud.netflix.eureka.http.EurekaApplications]
2025-09-24 17:36:22 [DiscoveryClient-HeartbeatExecutor-%d] DEBUG o.s.web.client.RestTemplate - HTTP PUT http://localhost:8761/eureka/apps/BOOKING-SERVICE/GT0126:booking-service:9004?status=UP&lastDirtyTimestamp=1758708645140
2025-09-24 17:36:22 [DiscoveryClient-HeartbeatExecutor-%d] DEBUG o.s.web.client.RestTemplate - Accept=[application/json, application/*+json]
2025-09-24 17:36:22 [DiscoveryClient-HeartbeatExecutor-%d] DEBUG o.s.web.client.RestTemplate - Response 200 OK
2025-09-24 17:36:52 [DiscoveryClient-CacheRefreshExecutor-%d] DEBUG o.s.web.client.RestTemplate - HTTP GET http://localhost:8761/eureka/apps/delta
2025-09-24 17:36:52 [DiscoveryClient-CacheRefreshExecutor-%d] DEBUG o.s.web.client.RestTemplate - Accept=[application/json, application/*+json]
2025-09-24 17:36:52 [DiscoveryClient-CacheRefreshExecutor-%d] DEBUG o.s.web.client.RestTemplate - Response 200 OK
2025-09-24 17:36:52 [DiscoveryClient-CacheRefreshExecutor-%d] DEBUG o.s.web.client.RestTemplate - Reading to [org.springframework.cloud.netflix.eureka.http.EurekaApplications]
2025-09-24 17:36:52 [DiscoveryClient-HeartbeatExecutor-%d] DEBUG o.s.web.client.RestTemplate - HTTP PUT http://localhost:8761/eureka/apps/BOOKING-SERVICE/GT0126:booking-service:9004?status=UP&lastDirtyTimestamp=1758708645140
2025-09-24 17:36:52 [DiscoveryClient-HeartbeatExecutor-%d] DEBUG o.s.web.client.RestTemplate - Accept=[application/json, application/*+json]
2025-09-24 17:36:52 [DiscoveryClient-HeartbeatExecutor-%d] DEBUG o.s.web.client.RestTemplate - Response 200 OK
2025-09-24 17:37:22 [DiscoveryClient-CacheRefreshExecutor-%d] DEBUG o.s.web.client.RestTemplate - HTTP GET http://localhost:8761/eureka/apps/delta
2025-09-24 17:37:22 [DiscoveryClient-CacheRefreshExecutor-%d] DEBUG o.s.web.client.RestTemplate - Accept=[application/json, application/*+json]
2025-09-24 17:37:22 [DiscoveryClient-CacheRefreshExecutor-%d] DEBUG o.s.web.client.RestTemplate - Response 200 OK
2025-09-24 17:37:22 [DiscoveryClient-CacheRefreshExecutor-%d] DEBUG o.s.web.client.RestTemplate - Reading to [org.springframework.cloud.netflix.eureka.http.EurekaApplications]
2025-09-24 17:37:22 [DiscoveryClient-HeartbeatExecutor-%d] DEBUG o.s.web.client.RestTemplate - HTTP PUT http://localhost:8761/eureka/apps/BOOKING-SERVICE/GT0126:booking-service:9004?status=UP&lastDirtyTimestamp=1758708645140
2025-09-24 17:37:22 [DiscoveryClient-HeartbeatExecutor-%d] DEBUG o.s.web.client.RestTemplate - Accept=[application/json, application/*+json]
2025-09-24 17:37:22 [DiscoveryClient-HeartbeatExecutor-%d] DEBUG o.s.web.client.RestTemplate - Response 200 OK
2025-09-24 17:37:52 [DiscoveryClient-CacheRefreshExecutor-%d] DEBUG o.s.web.client.RestTemplate - HTTP GET http://localhost:8761/eureka/apps/delta
2025-09-24 17:37:52 [DiscoveryClient-CacheRefreshExecutor-%d] DEBUG o.s.web.client.RestTemplate - Accept=[application/json, application/*+json]
2025-09-24 17:37:52 [DiscoveryClient-CacheRefreshExecutor-%d] DEBUG o.s.web.client.RestTemplate - Response 200 OK
2025-09-24 17:37:52 [DiscoveryClient-CacheRefreshExecutor-%d] DEBUG o.s.web.client.RestTemplate - Reading to [org.springframework.cloud.netflix.eureka.http.EurekaApplications]
2025-09-24 17:37:52 [DiscoveryClient-HeartbeatExecutor-%d] DEBUG o.s.web.client.RestTemplate - HTTP PUT http://localhost:8761/eureka/apps/BOOKING-SERVICE/GT0126:booking-service:9004?status=UP&lastDirtyTimestamp=1758708645140
2025-09-24 17:37:52 [DiscoveryClient-HeartbeatExecutor-%d] DEBUG o.s.web.client.RestTemplate - Accept=[application/json, application/*+json]
2025-09-24 17:37:52 [DiscoveryClient-HeartbeatExecutor-%d] DEBUG o.s.web.client.RestTemplate - Response 200 OK
2025-09-24 17:38:22 [DiscoveryClient-CacheRefreshExecutor-%d] DEBUG o.s.web.client.RestTemplate - HTTP GET http://localhost:8761/eureka/apps/delta
2025-09-24 17:38:22 [DiscoveryClient-CacheRefreshExecutor-%d] DEBUG o.s.web.client.RestTemplate - Accept=[application/json, application/*+json]
2025-09-24 17:38:22 [DiscoveryClient-HeartbeatExecutor-%d] DEBUG o.s.web.client.RestTemplate - HTTP PUT http://localhost:8761/eureka/apps/BOOKING-SERVICE/GT0126:booking-service:9004?status=UP&lastDirtyTimestamp=1758708645140
2025-09-24 17:38:22 [DiscoveryClient-HeartbeatExecutor-%d] DEBUG o.s.web.client.RestTemplate - Accept=[application/json, application/*+json]
2025-09-24 17:38:22 [DiscoveryClient-CacheRefreshExecutor-%d] DEBUG o.s.web.client.RestTemplate - Response 200 OK
2025-09-24 17:38:22 [DiscoveryClient-CacheRefreshExecutor-%d] DEBUG o.s.web.client.RestTemplate - Reading to [org.springframework.cloud.netflix.eureka.http.EurekaApplications]
2025-09-24 17:38:22 [DiscoveryClient-HeartbeatExecutor-%d] DEBUG o.s.web.client.RestTemplate - Response 200 OK
2025-09-24 17:38:52 [DiscoveryClient-CacheRefreshExecutor-%d] DEBUG o.s.web.client.RestTemplate - HTTP GET http://localhost:8761/eureka/apps/delta
2025-09-24 17:38:52 [DiscoveryClient-CacheRefreshExecutor-%d] DEBUG o.s.web.client.RestTemplate - Accept=[application/json, application/*+json]
2025-09-24 17:38:52 [DiscoveryClient-HeartbeatExecutor-%d] DEBUG o.s.web.client.RestTemplate - HTTP PUT http://localhost:8761/eureka/apps/BOOKING-SERVICE/GT0126:booking-service:9004?status=UP&lastDirtyTimestamp=1758708645140
2025-09-24 17:38:52 [DiscoveryClient-HeartbeatExecutor-%d] DEBUG o.s.web.client.RestTemplate - Accept=[application/json, application/*+json]
2025-09-24 17:38:52 [DiscoveryClient-CacheRefreshExecutor-%d] DEBUG o.s.web.client.RestTemplate - Response 200 OK
2025-09-24 17:38:52 [DiscoveryClient-CacheRefreshExecutor-%d] DEBUG o.s.web.client.RestTemplate - Reading to [org.springframework.cloud.netflix.eureka.http.EurekaApplications]
2025-09-24 17:38:52 [DiscoveryClient-HeartbeatExecutor-%d] DEBUG o.s.web.client.RestTemplate - Response 200 OK
2025-09-24 17:39:22 [DiscoveryClient-CacheRefreshExecutor-%d] DEBUG o.s.web.client.RestTemplate - HTTP GET http://localhost:8761/eureka/apps/delta
2025-09-24 17:39:22 [DiscoveryClient-CacheRefreshExecutor-%d] DEBUG o.s.web.client.RestTemplate - Accept=[application/json, application/*+json]
2025-09-24 17:39:22 [DiscoveryClient-HeartbeatExecutor-%d] DEBUG o.s.web.client.RestTemplate - HTTP PUT http://localhost:8761/eureka/apps/BOOKING-SERVICE/GT0126:booking-service:9004?status=UP&lastDirtyTimestamp=1758708645140
2025-09-24 17:39:22 [DiscoveryClient-HeartbeatExecutor-%d] DEBUG o.s.web.client.RestTemplate - Accept=[application/json, application/*+json]
2025-09-24 17:39:22 [DiscoveryClient-CacheRefreshExecutor-%d] DEBUG o.s.web.client.RestTemplate - Response 200 OK
2025-09-24 17:39:22 [DiscoveryClient-CacheRefreshExecutor-%d] DEBUG o.s.web.client.RestTemplate - Reading to [org.springframework.cloud.netflix.eureka.http.EurekaApplications]
2025-09-24 17:39:22 [DiscoveryClient-HeartbeatExecutor-%d] DEBUG o.s.web.client.RestTemplate - Response 200 OK
2025-09-24 17:39:52 [DiscoveryClient-CacheRefreshExecutor-%d] DEBUG o.s.web.client.RestTemplate - HTTP GET http://localhost:8761/eureka/apps/delta
2025-09-24 17:39:52 [DiscoveryClient-HeartbeatExecutor-%d] DEBUG o.s.web.client.RestTemplate - HTTP PUT http://localhost:8761/eureka/apps/BOOKING-SERVICE/GT0126:booking-service:9004?status=UP&lastDirtyTimestamp=1758708645140
2025-09-24 17:39:52 [DiscoveryClient-CacheRefreshExecutor-%d] DEBUG o.s.web.client.RestTemplate - Accept=[application/json, application/*+json]
2025-09-24 17:39:52 [DiscoveryClient-HeartbeatExecutor-%d] DEBUG o.s.web.client.RestTemplate - Accept=[application/json, application/*+json]
2025-09-24 17:39:52 [DiscoveryClient-CacheRefreshExecutor-%d] DEBUG o.s.web.client.RestTemplate - Response 200 OK
2025-09-24 17:39:52 [DiscoveryClient-HeartbeatExecutor-%d] DEBUG o.s.web.client.RestTemplate - Response 200 OK
2025-09-24 17:39:52 [DiscoveryClient-CacheRefreshExecutor-%d] DEBUG o.s.web.client.RestTemplate - Reading to [org.springframework.cloud.netflix.eureka.http.EurekaApplications]
2025-09-24 17:40:06 [AsyncResolver-bootstrap-executor-%d] INFO  c.n.d.s.r.aws.ConfigClusterResolver - Resolving eureka endpoints via configuration
2025-09-24 17:40:22 [DiscoveryClient-CacheRefreshExecutor-%d] DEBUG o.s.web.client.RestTemplate - HTTP GET http://localhost:8761/eureka/apps/delta
2025-09-24 17:40:22 [DiscoveryClient-HeartbeatExecutor-%d] DEBUG o.s.web.client.RestTemplate - HTTP PUT http://localhost:8761/eureka/apps/BOOKING-SERVICE/GT0126:booking-service:9004?status=UP&lastDirtyTimestamp=1758708645140
2025-09-24 17:40:22 [DiscoveryClient-HeartbeatExecutor-%d] DEBUG o.s.web.client.RestTemplate - Accept=[application/json, application/*+json]
2025-09-24 17:40:22 [DiscoveryClient-CacheRefreshExecutor-%d] DEBUG o.s.web.client.RestTemplate - Accept=[application/json, application/*+json]
2025-09-24 17:40:22 [DiscoveryClient-HeartbeatExecutor-%d] DEBUG o.s.web.client.RestTemplate - Response 200 OK
2025-09-24 17:40:22 [DiscoveryClient-CacheRefreshExecutor-%d] DEBUG o.s.web.client.RestTemplate - Response 200 OK
2025-09-24 17:40:22 [DiscoveryClient-CacheRefreshExecutor-%d] DEBUG o.s.web.client.RestTemplate - Reading to [org.springframework.cloud.netflix.eureka.http.EurekaApplications]
2025-09-24 17:40:52 [DiscoveryClient-HeartbeatExecutor-%d] DEBUG o.s.web.client.RestTemplate - HTTP PUT http://localhost:8761/eureka/apps/BOOKING-SERVICE/GT0126:booking-service:9004?status=UP&lastDirtyTimestamp=1758708645140
2025-09-24 17:40:52 [DiscoveryClient-CacheRefreshExecutor-%d] DEBUG o.s.web.client.RestTemplate - HTTP GET http://localhost:8761/eureka/apps/delta
2025-09-24 17:40:52 [DiscoveryClient-HeartbeatExecutor-%d] DEBUG o.s.web.client.RestTemplate - Accept=[application/json, application/*+json]
2025-09-24 17:40:52 [DiscoveryClient-CacheRefreshExecutor-%d] DEBUG o.s.web.client.RestTemplate - Accept=[application/json, application/*+json]
2025-09-24 17:40:52 [DiscoveryClient-HeartbeatExecutor-%d] DEBUG o.s.web.client.RestTemplate - Response 200 OK
2025-09-24 17:40:52 [DiscoveryClient-CacheRefreshExecutor-%d] DEBUG o.s.web.client.RestTemplate - Response 200 OK
2025-09-24 17:40:52 [DiscoveryClient-CacheRefreshExecutor-%d] DEBUG o.s.web.client.RestTemplate - Reading to [org.springframework.cloud.netflix.eureka.http.EurekaApplications]
2025-09-24 17:41:22 [DiscoveryClient-HeartbeatExecutor-%d] DEBUG o.s.web.client.RestTemplate - HTTP PUT http://localhost:8761/eureka/apps/BOOKING-SERVICE/GT0126:booking-service:9004?status=UP&lastDirtyTimestamp=1758708645140
2025-09-24 17:41:22 [DiscoveryClient-CacheRefreshExecutor-%d] DEBUG o.s.web.client.RestTemplate - HTTP GET http://localhost:8761/eureka/apps/delta
2025-09-24 17:41:22 [DiscoveryClient-CacheRefreshExecutor-%d] DEBUG o.s.web.client.RestTemplate - Accept=[application/json, application/*+json]
2025-09-24 17:41:22 [DiscoveryClient-HeartbeatExecutor-%d] DEBUG o.s.web.client.RestTemplate - Accept=[application/json, application/*+json]
2025-09-24 17:41:22 [DiscoveryClient-HeartbeatExecutor-%d] DEBUG o.s.web.client.RestTemplate - Response 200 OK
2025-09-24 17:41:22 [DiscoveryClient-CacheRefreshExecutor-%d] DEBUG o.s.web.client.RestTemplate - Response 200 OK
2025-09-24 17:41:22 [DiscoveryClient-CacheRefreshExecutor-%d] DEBUG o.s.web.client.RestTemplate - Reading to [org.springframework.cloud.netflix.eureka.http.EurekaApplications]
2025-09-24 17:41:52 [DiscoveryClient-CacheRefreshExecutor-%d] DEBUG o.s.web.client.RestTemplate - HTTP GET http://localhost:8761/eureka/apps/delta
2025-09-24 17:41:52 [DiscoveryClient-CacheRefreshExecutor-%d] DEBUG o.s.web.client.RestTemplate - Accept=[application/json, application/*+json]
2025-09-24 17:41:52 [DiscoveryClient-CacheRefreshExecutor-%d] DEBUG o.s.web.client.RestTemplate - Response 200 OK
2025-09-24 17:41:52 [DiscoveryClient-CacheRefreshExecutor-%d] DEBUG o.s.web.client.RestTemplate - Reading to [org.springframework.cloud.netflix.eureka.http.EurekaApplications]
2025-09-24 17:41:52 [DiscoveryClient-HeartbeatExecutor-%d] DEBUG o.s.web.client.RestTemplate - HTTP PUT http://localhost:8761/eureka/apps/BOOKING-SERVICE/GT0126:booking-service:9004?status=UP&lastDirtyTimestamp=1758708645140
2025-09-24 17:41:52 [DiscoveryClient-HeartbeatExecutor-%d] DEBUG o.s.web.client.RestTemplate - Accept=[application/json, application/*+json]
2025-09-24 17:41:52 [DiscoveryClient-HeartbeatExecutor-%d] DEBUG o.s.web.client.RestTemplate - Response 200 OK
2025-09-24 17:42:22 [DiscoveryClient-CacheRefreshExecutor-%d] DEBUG o.s.web.client.RestTemplate - HTTP GET http://localhost:8761/eureka/apps/delta
2025-09-24 17:42:22 [DiscoveryClient-CacheRefreshExecutor-%d] DEBUG o.s.web.client.RestTemplate - Accept=[application/json, application/*+json]
2025-09-24 17:42:22 [DiscoveryClient-CacheRefreshExecutor-%d] DEBUG o.s.web.client.RestTemplate - Response 200 OK
2025-09-24 17:42:22 [DiscoveryClient-CacheRefreshExecutor-%d] DEBUG o.s.web.client.RestTemplate - Reading to [org.springframework.cloud.netflix.eureka.http.EurekaApplications]
2025-09-24 17:42:22 [DiscoveryClient-HeartbeatExecutor-%d] DEBUG o.s.web.client.RestTemplate - HTTP PUT http://localhost:8761/eureka/apps/BOOKING-SERVICE/GT0126:booking-service:9004?status=UP&lastDirtyTimestamp=1758708645140
2025-09-24 17:42:22 [DiscoveryClient-HeartbeatExecutor-%d] DEBUG o.s.web.client.RestTemplate - Accept=[application/json, application/*+json]
2025-09-24 17:42:22 [DiscoveryClient-HeartbeatExecutor-%d] DEBUG o.s.web.client.RestTemplate - Response 200 OK
2025-09-24 17:42:52 [DiscoveryClient-CacheRefreshExecutor-%d] DEBUG o.s.web.client.RestTemplate - HTTP GET http://localhost:8761/eureka/apps/delta
2025-09-24 17:42:52 [DiscoveryClient-CacheRefreshExecutor-%d] DEBUG o.s.web.client.RestTemplate - Accept=[application/json, application/*+json]
2025-09-24 17:42:52 [DiscoveryClient-CacheRefreshExecutor-%d] DEBUG o.s.web.client.RestTemplate - Response 200 OK
2025-09-24 17:42:52 [DiscoveryClient-CacheRefreshExecutor-%d] DEBUG o.s.web.client.RestTemplate - Reading to [org.springframework.cloud.netflix.eureka.http.EurekaApplications]
2025-09-24 17:42:52 [DiscoveryClient-HeartbeatExecutor-%d] DEBUG o.s.web.client.RestTemplate - HTTP PUT http://localhost:8761/eureka/apps/BOOKING-SERVICE/GT0126:booking-service:9004?status=UP&lastDirtyTimestamp=1758708645140
2025-09-24 17:42:52 [DiscoveryClient-HeartbeatExecutor-%d] DEBUG o.s.web.client.RestTemplate - Accept=[application/json, application/*+json]
2025-09-24 17:42:52 [DiscoveryClient-HeartbeatExecutor-%d] DEBUG o.s.web.client.RestTemplate - Response 200 OK
2025-09-24 17:43:22 [DiscoveryClient-CacheRefreshExecutor-%d] DEBUG o.s.web.client.RestTemplate - HTTP GET http://localhost:8761/eureka/apps/delta
2025-09-24 17:43:22 [DiscoveryClient-CacheRefreshExecutor-%d] DEBUG o.s.web.client.RestTemplate - Accept=[application/json, application/*+json]
2025-09-24 17:43:22 [DiscoveryClient-CacheRefreshExecutor-%d] DEBUG o.s.web.client.RestTemplate - Response 200 OK
2025-09-24 17:43:22 [DiscoveryClient-CacheRefreshExecutor-%d] DEBUG o.s.web.client.RestTemplate - Reading to [org.springframework.cloud.netflix.eureka.http.EurekaApplications]
2025-09-24 17:43:22 [DiscoveryClient-HeartbeatExecutor-%d] DEBUG o.s.web.client.RestTemplate - HTTP PUT http://localhost:8761/eureka/apps/BOOKING-SERVICE/GT0126:booking-service:9004?status=UP&lastDirtyTimestamp=1758708645140
2025-09-24 17:43:22 [DiscoveryClient-HeartbeatExecutor-%d] DEBUG o.s.web.client.RestTemplate - Accept=[application/json, application/*+json]
2025-09-24 17:43:22 [DiscoveryClient-HeartbeatExecutor-%d] DEBUG o.s.web.client.RestTemplate - Response 200 OK
2025-09-24 17:43:52 [DiscoveryClient-CacheRefreshExecutor-%d] DEBUG o.s.web.client.RestTemplate - HTTP GET http://localhost:8761/eureka/apps/delta
2025-09-24 17:43:52 [DiscoveryClient-CacheRefreshExecutor-%d] DEBUG o.s.web.client.RestTemplate - Accept=[application/json, application/*+json]
2025-09-24 17:43:52 [DiscoveryClient-CacheRefreshExecutor-%d] DEBUG o.s.web.client.RestTemplate - Response 200 OK
2025-09-24 17:43:52 [DiscoveryClient-CacheRefreshExecutor-%d] DEBUG o.s.web.client.RestTemplate - Reading to [org.springframework.cloud.netflix.eureka.http.EurekaApplications]
2025-09-24 17:43:52 [DiscoveryClient-HeartbeatExecutor-%d] DEBUG o.s.web.client.RestTemplate - HTTP PUT http://localhost:8761/eureka/apps/BOOKING-SERVICE/GT0126:booking-service:9004?status=UP&lastDirtyTimestamp=1758708645140
2025-09-24 17:43:52 [DiscoveryClient-HeartbeatExecutor-%d] DEBUG o.s.web.client.RestTemplate - Accept=[application/json, application/*+json]
2025-09-24 17:43:52 [DiscoveryClient-HeartbeatExecutor-%d] DEBUG o.s.web.client.RestTemplate - Response 200 OK
2025-09-24 17:44:22 [DiscoveryClient-CacheRefreshExecutor-%d] DEBUG o.s.web.client.RestTemplate - HTTP GET http://localhost:8761/eureka/apps/delta
2025-09-24 17:44:22 [DiscoveryClient-CacheRefreshExecutor-%d] DEBUG o.s.web.client.RestTemplate - Accept=[application/json, application/*+json]
2025-09-24 17:44:22 [DiscoveryClient-CacheRefreshExecutor-%d] DEBUG o.s.web.client.RestTemplate - Response 200 OK
2025-09-24 17:44:22 [DiscoveryClient-CacheRefreshExecutor-%d] DEBUG o.s.web.client.RestTemplate - Reading to [org.springframework.cloud.netflix.eureka.http.EurekaApplications]
2025-09-24 17:44:22 [DiscoveryClient-HeartbeatExecutor-%d] DEBUG o.s.web.client.RestTemplate - HTTP PUT http://localhost:8761/eureka/apps/BOOKING-SERVICE/GT0126:booking-service:9004?status=UP&lastDirtyTimestamp=1758708645140
2025-09-24 17:44:22 [DiscoveryClient-HeartbeatExecutor-%d] DEBUG o.s.web.client.RestTemplate - Accept=[application/json, application/*+json]
2025-09-24 17:44:22 [DiscoveryClient-HeartbeatExecutor-%d] DEBUG o.s.web.client.RestTemplate - Response 200 OK
2025-09-24 17:44:52 [DiscoveryClient-CacheRefreshExecutor-%d] DEBUG o.s.web.client.RestTemplate - HTTP GET http://localhost:8761/eureka/apps/delta
2025-09-24 17:44:52 [DiscoveryClient-CacheRefreshExecutor-%d] DEBUG o.s.web.client.RestTemplate - Accept=[application/json, application/*+json]
2025-09-24 17:44:52 [DiscoveryClient-CacheRefreshExecutor-%d] DEBUG o.s.web.client.RestTemplate - Response 200 OK
2025-09-24 17:44:52 [DiscoveryClient-CacheRefreshExecutor-%d] DEBUG o.s.web.client.RestTemplate - Reading to [org.springframework.cloud.netflix.eureka.http.EurekaApplications]
2025-09-24 17:44:52 [DiscoveryClient-HeartbeatExecutor-%d] DEBUG o.s.web.client.RestTemplate - HTTP PUT http://localhost:8761/eureka/apps/BOOKING-SERVICE/GT0126:booking-service:9004?status=UP&lastDirtyTimestamp=1758708645140
2025-09-24 17:44:52 [DiscoveryClient-HeartbeatExecutor-%d] DEBUG o.s.web.client.RestTemplate - Accept=[application/json, application/*+json]
2025-09-24 17:44:52 [DiscoveryClient-HeartbeatExecutor-%d] DEBUG o.s.web.client.RestTemplate - Response 200 OK
2025-09-24 17:45:06 [AsyncResolver-bootstrap-executor-%d] INFO  c.n.d.s.r.aws.ConfigClusterResolver - Resolving eureka endpoints via configuration
2025-09-24 17:45:22 [DiscoveryClient-CacheRefreshExecutor-%d] DEBUG o.s.web.client.RestTemplate - HTTP GET http://localhost:8761/eureka/apps/delta
2025-09-24 17:45:22 [DiscoveryClient-CacheRefreshExecutor-%d] DEBUG o.s.web.client.RestTemplate - Accept=[application/json, application/*+json]
2025-09-24 17:45:22 [DiscoveryClient-CacheRefreshExecutor-%d] DEBUG o.s.web.client.RestTemplate - Response 200 OK
2025-09-24 17:45:22 [DiscoveryClient-CacheRefreshExecutor-%d] DEBUG o.s.web.client.RestTemplate - Reading to [org.springframework.cloud.netflix.eureka.http.EurekaApplications]
2025-09-24 17:45:22 [DiscoveryClient-HeartbeatExecutor-%d] DEBUG o.s.web.client.RestTemplate - HTTP PUT http://localhost:8761/eureka/apps/BOOKING-SERVICE/GT0126:booking-service:9004?status=UP&lastDirtyTimestamp=1758708645140
2025-09-24 17:45:22 [DiscoveryClient-HeartbeatExecutor-%d] DEBUG o.s.web.client.RestTemplate - Accept=[application/json, application/*+json]
2025-09-24 17:45:22 [DiscoveryClient-HeartbeatExecutor-%d] DEBUG o.s.web.client.RestTemplate - Response 200 OK
2025-09-24 17:45:52 [DiscoveryClient-CacheRefreshExecutor-%d] DEBUG o.s.web.client.RestTemplate - HTTP GET http://localhost:8761/eureka/apps/delta
2025-09-24 17:45:52 [DiscoveryClient-CacheRefreshExecutor-%d] DEBUG o.s.web.client.RestTemplate - Accept=[application/json, application/*+json]
2025-09-24 17:45:52 [DiscoveryClient-CacheRefreshExecutor-%d] DEBUG o.s.web.client.RestTemplate - Response 200 OK
2025-09-24 17:45:52 [DiscoveryClient-CacheRefreshExecutor-%d] DEBUG o.s.web.client.RestTemplate - Reading to [org.springframework.cloud.netflix.eureka.http.EurekaApplications]
2025-09-24 17:45:52 [DiscoveryClient-HeartbeatExecutor-%d] DEBUG o.s.web.client.RestTemplate - HTTP PUT http://localhost:8761/eureka/apps/BOOKING-SERVICE/GT0126:booking-service:9004?status=UP&lastDirtyTimestamp=1758708645140
2025-09-24 17:45:52 [DiscoveryClient-HeartbeatExecutor-%d] DEBUG o.s.web.client.RestTemplate - Accept=[application/json, application/*+json]
2025-09-24 17:45:52 [DiscoveryClient-HeartbeatExecutor-%d] DEBUG o.s.web.client.RestTemplate - Response 200 OK
2025-09-24 17:46:22 [DiscoveryClient-CacheRefreshExecutor-%d] DEBUG o.s.web.client.RestTemplate - HTTP GET http://localhost:8761/eureka/apps/delta
2025-09-24 17:46:22 [DiscoveryClient-CacheRefreshExecutor-%d] DEBUG o.s.web.client.RestTemplate - Accept=[application/json, application/*+json]
2025-09-24 17:46:22 [DiscoveryClient-HeartbeatExecutor-%d] DEBUG o.s.web.client.RestTemplate - HTTP PUT http://localhost:8761/eureka/apps/BOOKING-SERVICE/GT0126:booking-service:9004?status=UP&lastDirtyTimestamp=1758708645140
2025-09-24 17:46:22 [DiscoveryClient-HeartbeatExecutor-%d] DEBUG o.s.web.client.RestTemplate - Accept=[application/json, application/*+json]
2025-09-24 17:46:22 [DiscoveryClient-CacheRefreshExecutor-%d] DEBUG o.s.web.client.RestTemplate - Response 200 OK
2025-09-24 17:46:22 [DiscoveryClient-CacheRefreshExecutor-%d] DEBUG o.s.web.client.RestTemplate - Reading to [org.springframework.cloud.netflix.eureka.http.EurekaApplications]
2025-09-24 17:46:22 [DiscoveryClient-HeartbeatExecutor-%d] DEBUG o.s.web.client.RestTemplate - Response 200 OK
2025-09-24 17:46:52 [DiscoveryClient-CacheRefreshExecutor-%d] DEBUG o.s.web.client.RestTemplate - HTTP GET http://localhost:8761/eureka/apps/delta
2025-09-24 17:46:52 [DiscoveryClient-CacheRefreshExecutor-%d] DEBUG o.s.web.client.RestTemplate - Accept=[application/json, application/*+json]
2025-09-24 17:46:52 [DiscoveryClient-HeartbeatExecutor-%d] DEBUG o.s.web.client.RestTemplate - HTTP PUT http://localhost:8761/eureka/apps/BOOKING-SERVICE/GT0126:booking-service:9004?status=UP&lastDirtyTimestamp=1758708645140
2025-09-24 17:46:52 [DiscoveryClient-HeartbeatExecutor-%d] DEBUG o.s.web.client.RestTemplate - Accept=[application/json, application/*+json]
2025-09-24 17:46:52 [DiscoveryClient-CacheRefreshExecutor-%d] DEBUG o.s.web.client.RestTemplate - Response 200 OK
2025-09-24 17:46:52 [DiscoveryClient-CacheRefreshExecutor-%d] DEBUG o.s.web.client.RestTemplate - Reading to [org.springframework.cloud.netflix.eureka.http.EurekaApplications]
2025-09-24 17:46:52 [DiscoveryClient-HeartbeatExecutor-%d] DEBUG o.s.web.client.RestTemplate - Response 200 OK
2025-09-24 17:47:22 [DiscoveryClient-CacheRefreshExecutor-%d] DEBUG o.s.web.client.RestTemplate - HTTP GET http://localhost:8761/eureka/apps/delta
2025-09-24 17:47:22 [DiscoveryClient-CacheRefreshExecutor-%d] DEBUG o.s.web.client.RestTemplate - Accept=[application/json, application/*+json]
2025-09-24 17:47:22 [DiscoveryClient-HeartbeatExecutor-%d] DEBUG o.s.web.client.RestTemplate - HTTP PUT http://localhost:8761/eureka/apps/BOOKING-SERVICE/GT0126:booking-service:9004?status=UP&lastDirtyTimestamp=1758708645140
2025-09-24 17:47:22 [DiscoveryClient-HeartbeatExecutor-%d] DEBUG o.s.web.client.RestTemplate - Accept=[application/json, application/*+json]
2025-09-24 17:47:22 [DiscoveryClient-CacheRefreshExecutor-%d] DEBUG o.s.web.client.RestTemplate - Response 200 OK
2025-09-24 17:47:22 [DiscoveryClient-CacheRefreshExecutor-%d] DEBUG o.s.web.client.RestTemplate - Reading to [org.springframework.cloud.netflix.eureka.http.EurekaApplications]
2025-09-24 17:47:22 [DiscoveryClient-HeartbeatExecutor-%d] DEBUG o.s.web.client.RestTemplate - Response 200 OK
2025-09-24 17:47:52 [DiscoveryClient-CacheRefreshExecutor-%d] DEBUG o.s.web.client.RestTemplate - HTTP GET http://localhost:8761/eureka/apps/delta
2025-09-24 17:47:52 [DiscoveryClient-CacheRefreshExecutor-%d] DEBUG o.s.web.client.RestTemplate - Accept=[application/json, application/*+json]
2025-09-24 17:47:52 [DiscoveryClient-HeartbeatExecutor-%d] DEBUG o.s.web.client.RestTemplate - HTTP PUT http://localhost:8761/eureka/apps/BOOKING-SERVICE/GT0126:booking-service:9004?status=UP&lastDirtyTimestamp=1758708645140
2025-09-24 17:47:52 [DiscoveryClient-HeartbeatExecutor-%d] DEBUG o.s.web.client.RestTemplate - Accept=[application/json, application/*+json]
2025-09-24 17:47:52 [DiscoveryClient-CacheRefreshExecutor-%d] DEBUG o.s.web.client.RestTemplate - Response 200 OK
2025-09-24 17:47:52 [DiscoveryClient-CacheRefreshExecutor-%d] DEBUG o.s.web.client.RestTemplate - Reading to [org.springframework.cloud.netflix.eureka.http.EurekaApplications]
2025-09-24 17:47:52 [DiscoveryClient-HeartbeatExecutor-%d] DEBUG o.s.web.client.RestTemplate - Response 200 OK
2025-09-24 17:48:22 [DiscoveryClient-CacheRefreshExecutor-%d] DEBUG o.s.web.client.RestTemplate - HTTP GET http://localhost:8761/eureka/apps/delta
2025-09-24 17:48:22 [DiscoveryClient-CacheRefreshExecutor-%d] DEBUG o.s.web.client.RestTemplate - Accept=[application/json, application/*+json]
2025-09-24 17:48:22 [DiscoveryClient-HeartbeatExecutor-%d] DEBUG o.s.web.client.RestTemplate - HTTP PUT http://localhost:8761/eureka/apps/BOOKING-SERVICE/GT0126:booking-service:9004?status=UP&lastDirtyTimestamp=1758708645140
2025-09-24 17:48:22 [DiscoveryClient-CacheRefreshExecutor-%d] DEBUG o.s.web.client.RestTemplate - Response 200 OK
2025-09-24 17:48:22 [DiscoveryClient-CacheRefreshExecutor-%d] DEBUG o.s.web.client.RestTemplate - Reading to [org.springframework.cloud.netflix.eureka.http.EurekaApplications]
2025-09-24 17:48:22 [DiscoveryClient-HeartbeatExecutor-%d] DEBUG o.s.web.client.RestTemplate - Accept=[application/json, application/*+json]
2025-09-24 17:48:22 [DiscoveryClient-HeartbeatExecutor-%d] DEBUG o.s.web.client.RestTemplate - Response 200 OK
2025-09-24 17:48:52 [DiscoveryClient-CacheRefreshExecutor-%d] DEBUG o.s.web.client.RestTemplate - HTTP GET http://localhost:8761/eureka/apps/delta
2025-09-24 17:48:52 [DiscoveryClient-CacheRefreshExecutor-%d] DEBUG o.s.web.client.RestTemplate - Accept=[application/json, application/*+json]
2025-09-24 17:48:52 [DiscoveryClient-HeartbeatExecutor-%d] DEBUG o.s.web.client.RestTemplate - HTTP PUT http://localhost:8761/eureka/apps/BOOKING-SERVICE/GT0126:booking-service:9004?status=UP&lastDirtyTimestamp=1758708645140
2025-09-24 17:48:52 [DiscoveryClient-HeartbeatExecutor-%d] DEBUG o.s.web.client.RestTemplate - Accept=[application/json, application/*+json]
2025-09-24 17:48:52 [DiscoveryClient-CacheRefreshExecutor-%d] DEBUG o.s.web.client.RestTemplate - Response 200 OK
2025-09-24 17:48:52 [DiscoveryClient-CacheRefreshExecutor-%d] DEBUG o.s.web.client.RestTemplate - Reading to [org.springframework.cloud.netflix.eureka.http.EurekaApplications]
2025-09-24 17:48:53 [DiscoveryClient-HeartbeatExecutor-%d] DEBUG o.s.web.client.RestTemplate - Response 200 OK
2025-09-24 17:49:22 [DiscoveryClient-CacheRefreshExecutor-%d] DEBUG o.s.web.client.RestTemplate - HTTP GET http://localhost:8761/eureka/apps/delta
2025-09-24 17:49:22 [DiscoveryClient-CacheRefreshExecutor-%d] DEBUG o.s.web.client.RestTemplate - Accept=[application/json, application/*+json]
2025-09-24 17:49:23 [DiscoveryClient-HeartbeatExecutor-%d] DEBUG o.s.web.client.RestTemplate - HTTP PUT http://localhost:8761/eureka/apps/BOOKING-SERVICE/GT0126:booking-service:9004?status=UP&lastDirtyTimestamp=1758708645140
2025-09-24 17:49:23 [DiscoveryClient-HeartbeatExecutor-%d] DEBUG o.s.web.client.RestTemplate - Accept=[application/json, application/*+json]
2025-09-24 17:49:23 [DiscoveryClient-CacheRefreshExecutor-%d] DEBUG o.s.web.client.RestTemplate - Response 200 OK
2025-09-24 17:49:23 [DiscoveryClient-CacheRefreshExecutor-%d] DEBUG o.s.web.client.RestTemplate - Reading to [org.springframework.cloud.netflix.eureka.http.EurekaApplications]
2025-09-24 17:49:23 [DiscoveryClient-HeartbeatExecutor-%d] DEBUG o.s.web.client.RestTemplate - Response 200 OK
2025-09-24 17:49:53 [DiscoveryClient-CacheRefreshExecutor-%d] DEBUG o.s.web.client.RestTemplate - HTTP GET http://localhost:8761/eureka/apps/delta
2025-09-24 17:49:53 [DiscoveryClient-CacheRefreshExecutor-%d] DEBUG o.s.web.client.RestTemplate - Accept=[application/json, application/*+json]
2025-09-24 17:49:53 [DiscoveryClient-HeartbeatExecutor-%d] DEBUG o.s.web.client.RestTemplate - HTTP PUT http://localhost:8761/eureka/apps/BOOKING-SERVICE/GT0126:booking-service:9004?status=UP&lastDirtyTimestamp=1758708645140
2025-09-24 17:49:53 [DiscoveryClient-CacheRefreshExecutor-%d] DEBUG o.s.web.client.RestTemplate - Response 200 OK
2025-09-24 17:49:53 [DiscoveryClient-CacheRefreshExecutor-%d] DEBUG o.s.web.client.RestTemplate - Reading to [org.springframework.cloud.netflix.eureka.http.EurekaApplications]
2025-09-24 17:49:53 [DiscoveryClient-HeartbeatExecutor-%d] DEBUG o.s.web.client.RestTemplate - Accept=[application/json, application/*+json]
2025-09-24 17:49:53 [DiscoveryClient-HeartbeatExecutor-%d] DEBUG o.s.web.client.RestTemplate - Response 200 OK
2025-09-24 17:50:06 [AsyncResolver-bootstrap-executor-%d] INFO  c.n.d.s.r.aws.ConfigClusterResolver - Resolving eureka endpoints via configuration
2025-09-24 17:50:23 [DiscoveryClient-CacheRefreshExecutor-%d] DEBUG o.s.web.client.RestTemplate - HTTP GET http://localhost:8761/eureka/apps/delta
2025-09-24 17:50:23 [DiscoveryClient-CacheRefreshExecutor-%d] DEBUG o.s.web.client.RestTemplate - Accept=[application/json, application/*+json]
2025-09-24 17:50:23 [DiscoveryClient-HeartbeatExecutor-%d] DEBUG o.s.web.client.RestTemplate - HTTP PUT http://localhost:8761/eureka/apps/BOOKING-SERVICE/GT0126:booking-service:9004?status=UP&lastDirtyTimestamp=1758708645140
2025-09-24 17:50:23 [DiscoveryClient-HeartbeatExecutor-%d] DEBUG o.s.web.client.RestTemplate - Accept=[application/json, application/*+json]
2025-09-24 17:50:23 [DiscoveryClient-CacheRefreshExecutor-%d] DEBUG o.s.web.client.RestTemplate - Response 200 OK
2025-09-24 17:50:23 [DiscoveryClient-CacheRefreshExecutor-%d] DEBUG o.s.web.client.RestTemplate - Reading to [org.springframework.cloud.netflix.eureka.http.EurekaApplications]
2025-09-24 17:50:23 [DiscoveryClient-HeartbeatExecutor-%d] DEBUG o.s.web.client.RestTemplate - Response 200 OK
2025-09-24 17:50:53 [DiscoveryClient-CacheRefreshExecutor-%d] DEBUG o.s.web.client.RestTemplate - HTTP GET http://localhost:8761/eureka/apps/delta
2025-09-24 17:50:53 [DiscoveryClient-CacheRefreshExecutor-%d] DEBUG o.s.web.client.RestTemplate - Accept=[application/json, application/*+json]
2025-09-24 17:50:53 [DiscoveryClient-HeartbeatExecutor-%d] DEBUG o.s.web.client.RestTemplate - HTTP PUT http://localhost:8761/eureka/apps/BOOKING-SERVICE/GT0126:booking-service:9004?status=UP&lastDirtyTimestamp=1758708645140
2025-09-24 17:50:53 [DiscoveryClient-HeartbeatExecutor-%d] DEBUG o.s.web.client.RestTemplate - Accept=[application/json, application/*+json]
2025-09-24 17:50:53 [DiscoveryClient-CacheRefreshExecutor-%d] DEBUG o.s.web.client.RestTemplate - Response 200 OK
2025-09-24 17:50:53 [DiscoveryClient-CacheRefreshExecutor-%d] DEBUG o.s.web.client.RestTemplate - Reading to [org.springframework.cloud.netflix.eureka.http.EurekaApplications]
2025-09-24 17:50:53 [DiscoveryClient-HeartbeatExecutor-%d] DEBUG o.s.web.client.RestTemplate - Response 200 OK
2025-09-24 17:51:23 [DiscoveryClient-HeartbeatExecutor-%d] DEBUG o.s.web.client.RestTemplate - HTTP PUT http://localhost:8761/eureka/apps/BOOKING-SERVICE/GT0126:booking-service:9004?status=UP&lastDirtyTimestamp=1758708645140
2025-09-24 17:51:23 [DiscoveryClient-CacheRefreshExecutor-%d] DEBUG o.s.web.client.RestTemplate - HTTP GET http://localhost:8761/eureka/apps/delta
2025-09-24 17:51:23 [DiscoveryClient-CacheRefreshExecutor-%d] DEBUG o.s.web.client.RestTemplate - Accept=[application/json, application/*+json]
2025-09-24 17:51:23 [DiscoveryClient-HeartbeatExecutor-%d] DEBUG o.s.web.client.RestTemplate - Accept=[application/json, application/*+json]
2025-09-24 17:51:23 [DiscoveryClient-HeartbeatExecutor-%d] DEBUG o.s.web.client.RestTemplate - Response 200 OK
2025-09-24 17:51:23 [DiscoveryClient-CacheRefreshExecutor-%d] DEBUG o.s.web.client.RestTemplate - Response 200 OK
2025-09-24 17:51:23 [DiscoveryClient-CacheRefreshExecutor-%d] DEBUG o.s.web.client.RestTemplate - Reading to [org.springframework.cloud.netflix.eureka.http.EurekaApplications]
2025-09-24 17:51:53 [DiscoveryClient-CacheRefreshExecutor-%d] DEBUG o.s.web.client.RestTemplate - HTTP GET http://localhost:8761/eureka/apps/delta
2025-09-24 17:51:53 [DiscoveryClient-HeartbeatExecutor-%d] DEBUG o.s.web.client.RestTemplate - HTTP PUT http://localhost:8761/eureka/apps/BOOKING-SERVICE/GT0126:booking-service:9004?status=UP&lastDirtyTimestamp=1758708645140
2025-09-24 17:51:53 [DiscoveryClient-CacheRefreshExecutor-%d] DEBUG o.s.web.client.RestTemplate - Accept=[application/json, application/*+json]
2025-09-24 17:51:53 [DiscoveryClient-HeartbeatExecutor-%d] DEBUG o.s.web.client.RestTemplate - Accept=[application/json, application/*+json]
2025-09-24 17:51:53 [DiscoveryClient-CacheRefreshExecutor-%d] DEBUG o.s.web.client.RestTemplate - Response 200 OK
2025-09-24 17:51:53 [DiscoveryClient-CacheRefreshExecutor-%d] DEBUG o.s.web.client.RestTemplate - Reading to [org.springframework.cloud.netflix.eureka.http.EurekaApplications]
2025-09-24 17:51:53 [DiscoveryClient-HeartbeatExecutor-%d] DEBUG o.s.web.client.RestTemplate - Response 200 OK
2025-09-24 17:52:23 [DiscoveryClient-CacheRefreshExecutor-%d] DEBUG o.s.web.client.RestTemplate - HTTP GET http://localhost:8761/eureka/apps/delta
2025-09-24 17:52:23 [DiscoveryClient-CacheRefreshExecutor-%d] DEBUG o.s.web.client.RestTemplate - Accept=[application/json, application/*+json]
2025-09-24 17:52:23 [DiscoveryClient-HeartbeatExecutor-%d] DEBUG o.s.web.client.RestTemplate - HTTP PUT http://localhost:8761/eureka/apps/BOOKING-SERVICE/GT0126:booking-service:9004?status=UP&lastDirtyTimestamp=1758708645140
2025-09-24 17:52:23 [DiscoveryClient-HeartbeatExecutor-%d] DEBUG o.s.web.client.RestTemplate - Accept=[application/json, application/*+json]
2025-09-24 17:52:23 [DiscoveryClient-HeartbeatExecutor-%d] DEBUG o.s.web.client.RestTemplate - Response 200 OK
2025-09-24 17:52:23 [DiscoveryClient-CacheRefreshExecutor-%d] DEBUG o.s.web.client.RestTemplate - Response 200 OK
2025-09-24 17:52:23 [DiscoveryClient-CacheRefreshExecutor-%d] DEBUG o.s.web.client.RestTemplate - Reading to [org.springframework.cloud.netflix.eureka.http.EurekaApplications]
2025-09-24 17:52:53 [DiscoveryClient-CacheRefreshExecutor-%d] DEBUG o.s.web.client.RestTemplate - HTTP GET http://localhost:8761/eureka/apps/delta
2025-09-24 17:52:53 [DiscoveryClient-HeartbeatExecutor-%d] DEBUG o.s.web.client.RestTemplate - HTTP PUT http://localhost:8761/eureka/apps/BOOKING-SERVICE/GT0126:booking-service:9004?status=UP&lastDirtyTimestamp=1758708645140
2025-09-24 17:52:53 [DiscoveryClient-HeartbeatExecutor-%d] DEBUG o.s.web.client.RestTemplate - Accept=[application/json, application/*+json]
2025-09-24 17:52:53 [DiscoveryClient-CacheRefreshExecutor-%d] DEBUG o.s.web.client.RestTemplate - Accept=[application/json, application/*+json]
2025-09-24 17:52:53 [DiscoveryClient-HeartbeatExecutor-%d] DEBUG o.s.web.client.RestTemplate - Response 200 OK
2025-09-24 17:52:53 [DiscoveryClient-CacheRefreshExecutor-%d] DEBUG o.s.web.client.RestTemplate - Response 200 OK
2025-09-24 17:52:53 [DiscoveryClient-CacheRefreshExecutor-%d] DEBUG o.s.web.client.RestTemplate - Reading to [org.springframework.cloud.netflix.eureka.http.EurekaApplications]
2025-09-24 17:53:23 [DiscoveryClient-CacheRefreshExecutor-%d] DEBUG o.s.web.client.RestTemplate - HTTP GET http://localhost:8761/eureka/apps/delta
2025-09-24 17:53:23 [DiscoveryClient-HeartbeatExecutor-%d] DEBUG o.s.web.client.RestTemplate - HTTP PUT http://localhost:8761/eureka/apps/BOOKING-SERVICE/GT0126:booking-service:9004?status=UP&lastDirtyTimestamp=1758708645140
2025-09-24 17:53:23 [DiscoveryClient-CacheRefreshExecutor-%d] DEBUG o.s.web.client.RestTemplate - Accept=[application/json, application/*+json]
2025-09-24 17:53:23 [DiscoveryClient-HeartbeatExecutor-%d] DEBUG o.s.web.client.RestTemplate - Accept=[application/json, application/*+json]
2025-09-24 17:53:23 [DiscoveryClient-HeartbeatExecutor-%d] DEBUG o.s.web.client.RestTemplate - Response 200 OK
2025-09-24 17:53:23 [DiscoveryClient-CacheRefreshExecutor-%d] DEBUG o.s.web.client.RestTemplate - Response 200 OK
2025-09-24 17:53:23 [DiscoveryClient-CacheRefreshExecutor-%d] DEBUG o.s.web.client.RestTemplate - Reading to [org.springframework.cloud.netflix.eureka.http.EurekaApplications]
2025-09-24 17:53:53 [DiscoveryClient-CacheRefreshExecutor-%d] DEBUG o.s.web.client.RestTemplate - HTTP GET http://localhost:8761/eureka/apps/delta
2025-09-24 17:53:53 [DiscoveryClient-CacheRefreshExecutor-%d] DEBUG o.s.web.client.RestTemplate - Accept=[application/json, application/*+json]
2025-09-24 17:53:53 [DiscoveryClient-HeartbeatExecutor-%d] DEBUG o.s.web.client.RestTemplate - HTTP PUT http://localhost:8761/eureka/apps/BOOKING-SERVICE/GT0126:booking-service:9004?status=UP&lastDirtyTimestamp=1758708645140
2025-09-24 17:53:53 [DiscoveryClient-HeartbeatExecutor-%d] DEBUG o.s.web.client.RestTemplate - Accept=[application/json, application/*+json]
2025-09-24 17:53:53 [DiscoveryClient-HeartbeatExecutor-%d] DEBUG o.s.web.client.RestTemplate - Response 200 OK
2025-09-24 17:53:53 [DiscoveryClient-CacheRefreshExecutor-%d] DEBUG o.s.web.client.RestTemplate - Response 200 OK
2025-09-24 17:53:53 [DiscoveryClient-CacheRefreshExecutor-%d] DEBUG o.s.web.client.RestTemplate - Reading to [org.springframework.cloud.netflix.eureka.http.EurekaApplications]
2025-09-24 17:54:23 [DiscoveryClient-HeartbeatExecutor-%d] DEBUG o.s.web.client.RestTemplate - HTTP PUT http://localhost:8761/eureka/apps/BOOKING-SERVICE/GT0126:booking-service:9004?status=UP&lastDirtyTimestamp=1758708645140
2025-09-24 17:54:23 [DiscoveryClient-HeartbeatExecutor-%d] DEBUG o.s.web.client.RestTemplate - Accept=[application/json, application/*+json]
2025-09-24 17:54:23 [DiscoveryClient-CacheRefreshExecutor-%d] DEBUG o.s.web.client.RestTemplate - HTTP GET http://localhost:8761/eureka/apps/delta
2025-09-24 17:54:23 [DiscoveryClient-CacheRefreshExecutor-%d] DEBUG o.s.web.client.RestTemplate - Accept=[application/json, application/*+json]
2025-09-24 17:54:23 [DiscoveryClient-HeartbeatExecutor-%d] DEBUG o.s.web.client.RestTemplate - Response 200 OK
2025-09-24 17:54:23 [DiscoveryClient-CacheRefreshExecutor-%d] DEBUG o.s.web.client.RestTemplate - Response 200 OK
2025-09-24 17:54:23 [DiscoveryClient-CacheRefreshExecutor-%d] DEBUG o.s.web.client.RestTemplate - Reading to [org.springframework.cloud.netflix.eureka.http.EurekaApplications]
2025-09-24 17:54:53 [DiscoveryClient-HeartbeatExecutor-%d] DEBUG o.s.web.client.RestTemplate - HTTP PUT http://localhost:8761/eureka/apps/BOOKING-SERVICE/GT0126:booking-service:9004?status=UP&lastDirtyTimestamp=1758708645140
2025-09-24 17:54:53 [DiscoveryClient-HeartbeatExecutor-%d] DEBUG o.s.web.client.RestTemplate - Accept=[application/json, application/*+json]
2025-09-24 17:54:53 [DiscoveryClient-HeartbeatExecutor-%d] DEBUG o.s.web.client.RestTemplate - Response 200 OK
2025-09-24 17:54:53 [DiscoveryClient-CacheRefreshExecutor-%d] DEBUG o.s.web.client.RestTemplate - HTTP GET http://localhost:8761/eureka/apps/delta
2025-09-24 17:54:53 [DiscoveryClient-CacheRefreshExecutor-%d] DEBUG o.s.web.client.RestTemplate - Accept=[application/json, application/*+json]
2025-09-24 17:54:53 [DiscoveryClient-CacheRefreshExecutor-%d] DEBUG o.s.web.client.RestTemplate - Response 200 OK
2025-09-24 17:54:53 [DiscoveryClient-CacheRefreshExecutor-%d] DEBUG o.s.web.client.RestTemplate - Reading to [org.springframework.cloud.netflix.eureka.http.EurekaApplications]
2025-09-24 17:55:06 [AsyncResolver-bootstrap-executor-%d] INFO  c.n.d.s.r.aws.ConfigClusterResolver - Resolving eureka endpoints via configuration
2025-09-24 17:55:23 [DiscoveryClient-HeartbeatExecutor-%d] DEBUG o.s.web.client.RestTemplate - HTTP PUT http://localhost:8761/eureka/apps/BOOKING-SERVICE/GT0126:booking-service:9004?status=UP&lastDirtyTimestamp=1758708645140
2025-09-24 17:55:23 [DiscoveryClient-HeartbeatExecutor-%d] DEBUG o.s.web.client.RestTemplate - Accept=[application/json, application/*+json]
2025-09-24 17:55:23 [DiscoveryClient-CacheRefreshExecutor-%d] DEBUG o.s.web.client.RestTemplate - HTTP GET http://localhost:8761/eureka/apps/delta
2025-09-24 17:55:23 [DiscoveryClient-CacheRefreshExecutor-%d] DEBUG o.s.web.client.RestTemplate - Accept=[application/json, application/*+json]
2025-09-24 17:55:23 [DiscoveryClient-HeartbeatExecutor-%d] DEBUG o.s.web.client.RestTemplate - Response 200 OK
2025-09-24 17:55:23 [DiscoveryClient-CacheRefreshExecutor-%d] DEBUG o.s.web.client.RestTemplate - Response 200 OK
2025-09-24 17:55:23 [DiscoveryClient-CacheRefreshExecutor-%d] DEBUG o.s.web.client.RestTemplate - Reading to [org.springframework.cloud.netflix.eureka.http.EurekaApplications]
2025-09-24 17:55:53 [DiscoveryClient-HeartbeatExecutor-%d] DEBUG o.s.web.client.RestTemplate - HTTP PUT http://localhost:8761/eureka/apps/BOOKING-SERVICE/GT0126:booking-service:9004?status=UP&lastDirtyTimestamp=1758708645140
2025-09-24 17:55:53 [DiscoveryClient-HeartbeatExecutor-%d] DEBUG o.s.web.client.RestTemplate - Accept=[application/json, application/*+json]
2025-09-24 17:55:53 [DiscoveryClient-CacheRefreshExecutor-%d] DEBUG o.s.web.client.RestTemplate - HTTP GET http://localhost:8761/eureka/apps/delta
2025-09-24 17:55:53 [DiscoveryClient-CacheRefreshExecutor-%d] DEBUG o.s.web.client.RestTemplate - Accept=[application/json, application/*+json]
2025-09-24 17:55:53 [DiscoveryClient-HeartbeatExecutor-%d] DEBUG o.s.web.client.RestTemplate - Response 200 OK
2025-09-24 17:55:53 [DiscoveryClient-CacheRefreshExecutor-%d] DEBUG o.s.web.client.RestTemplate - Response 200 OK
2025-09-24 17:55:53 [DiscoveryClient-CacheRefreshExecutor-%d] DEBUG o.s.web.client.RestTemplate - Reading to [org.springframework.cloud.netflix.eureka.http.EurekaApplications]
2025-09-24 17:56:23 [DiscoveryClient-CacheRefreshExecutor-%d] DEBUG o.s.web.client.RestTemplate - HTTP GET http://localhost:8761/eureka/apps/delta
2025-09-24 17:56:23 [DiscoveryClient-HeartbeatExecutor-%d] DEBUG o.s.web.client.RestTemplate - HTTP PUT http://localhost:8761/eureka/apps/BOOKING-SERVICE/GT0126:booking-service:9004?status=UP&lastDirtyTimestamp=1758708645140
2025-09-24 17:56:23 [DiscoveryClient-HeartbeatExecutor-%d] DEBUG o.s.web.client.RestTemplate - Accept=[application/json, application/*+json]
2025-09-24 17:56:23 [DiscoveryClient-CacheRefreshExecutor-%d] DEBUG o.s.web.client.RestTemplate - Accept=[application/json, application/*+json]
2025-09-24 17:56:23 [DiscoveryClient-HeartbeatExecutor-%d] DEBUG o.s.web.client.RestTemplate - Response 200 OK
2025-09-24 17:56:23 [DiscoveryClient-CacheRefreshExecutor-%d] DEBUG o.s.web.client.RestTemplate - Response 200 OK
2025-09-24 17:56:23 [DiscoveryClient-CacheRefreshExecutor-%d] DEBUG o.s.web.client.RestTemplate - Reading to [org.springframework.cloud.netflix.eureka.http.EurekaApplications]
2025-09-24 17:56:53 [DiscoveryClient-CacheRefreshExecutor-%d] DEBUG o.s.web.client.RestTemplate - HTTP GET http://localhost:8761/eureka/apps/delta
2025-09-24 17:56:53 [DiscoveryClient-CacheRefreshExecutor-%d] DEBUG o.s.web.client.RestTemplate - Accept=[application/json, application/*+json]
2025-09-24 17:56:53 [DiscoveryClient-CacheRefreshExecutor-%d] DEBUG o.s.web.client.RestTemplate - Response 200 OK
2025-09-24 17:56:53 [DiscoveryClient-CacheRefreshExecutor-%d] DEBUG o.s.web.client.RestTemplate - Reading to [org.springframework.cloud.netflix.eureka.http.EurekaApplications]
2025-09-24 17:56:53 [DiscoveryClient-HeartbeatExecutor-%d] DEBUG o.s.web.client.RestTemplate - HTTP PUT http://localhost:8761/eureka/apps/BOOKING-SERVICE/GT0126:booking-service:9004?status=UP&lastDirtyTimestamp=1758708645140
2025-09-24 17:56:53 [DiscoveryClient-HeartbeatExecutor-%d] DEBUG o.s.web.client.RestTemplate - Accept=[application/json, application/*+json]
2025-09-24 17:56:53 [DiscoveryClient-HeartbeatExecutor-%d] DEBUG o.s.web.client.RestTemplate - Response 200 OK
2025-09-24 17:57:23 [DiscoveryClient-CacheRefreshExecutor-%d] DEBUG o.s.web.client.RestTemplate - HTTP GET http://localhost:8761/eureka/apps/delta
2025-09-24 17:57:23 [DiscoveryClient-CacheRefreshExecutor-%d] DEBUG o.s.web.client.RestTemplate - Accept=[application/json, application/*+json]
2025-09-24 17:57:23 [DiscoveryClient-CacheRefreshExecutor-%d] DEBUG o.s.web.client.RestTemplate - Response 200 OK
2025-09-24 17:57:23 [DiscoveryClient-CacheRefreshExecutor-%d] DEBUG o.s.web.client.RestTemplate - Reading to [org.springframework.cloud.netflix.eureka.http.EurekaApplications]
2025-09-24 17:57:23 [DiscoveryClient-HeartbeatExecutor-%d] DEBUG o.s.web.client.RestTemplate - HTTP PUT http://localhost:8761/eureka/apps/BOOKING-SERVICE/GT0126:booking-service:9004?status=UP&lastDirtyTimestamp=1758708645140
2025-09-24 17:57:23 [DiscoveryClient-HeartbeatExecutor-%d] DEBUG o.s.web.client.RestTemplate - Accept=[application/json, application/*+json]
2025-09-24 17:57:23 [DiscoveryClient-HeartbeatExecutor-%d] DEBUG o.s.web.client.RestTemplate - Response 200 OK
2025-09-24 17:57:53 [DiscoveryClient-CacheRefreshExecutor-%d] DEBUG o.s.web.client.RestTemplate - HTTP GET http://localhost:8761/eureka/apps/delta
2025-09-24 17:57:53 [DiscoveryClient-CacheRefreshExecutor-%d] DEBUG o.s.web.client.RestTemplate - Accept=[application/json, application/*+json]
2025-09-24 17:57:53 [DiscoveryClient-CacheRefreshExecutor-%d] DEBUG o.s.web.client.RestTemplate - Response 200 OK
2025-09-24 17:57:53 [DiscoveryClient-CacheRefreshExecutor-%d] DEBUG o.s.web.client.RestTemplate - Reading to [org.springframework.cloud.netflix.eureka.http.EurekaApplications]
2025-09-24 17:57:53 [DiscoveryClient-HeartbeatExecutor-%d] DEBUG o.s.web.client.RestTemplate - HTTP PUT http://localhost:8761/eureka/apps/BOOKING-SERVICE/GT0126:booking-service:9004?status=UP&lastDirtyTimestamp=1758708645140
2025-09-24 17:57:53 [DiscoveryClient-HeartbeatExecutor-%d] DEBUG o.s.web.client.RestTemplate - Accept=[application/json, application/*+json]
2025-09-24 17:57:53 [DiscoveryClient-HeartbeatExecutor-%d] DEBUG o.s.web.client.RestTemplate - Response 200 OK
2025-09-24 17:58:23 [DiscoveryClient-CacheRefreshExecutor-%d] DEBUG o.s.web.client.RestTemplate - HTTP GET http://localhost:8761/eureka/apps/delta
2025-09-24 17:58:23 [DiscoveryClient-CacheRefreshExecutor-%d] DEBUG o.s.web.client.RestTemplate - Accept=[application/json, application/*+json]
2025-09-24 17:58:23 [DiscoveryClient-CacheRefreshExecutor-%d] DEBUG o.s.web.client.RestTemplate - Response 200 OK
2025-09-24 17:58:23 [DiscoveryClient-CacheRefreshExecutor-%d] DEBUG o.s.web.client.RestTemplate - Reading to [org.springframework.cloud.netflix.eureka.http.EurekaApplications]
2025-09-24 17:58:23 [DiscoveryClient-HeartbeatExecutor-%d] DEBUG o.s.web.client.RestTemplate - HTTP PUT http://localhost:8761/eureka/apps/BOOKING-SERVICE/GT0126:booking-service:9004?status=UP&lastDirtyTimestamp=1758708645140
2025-09-24 17:58:23 [DiscoveryClient-HeartbeatExecutor-%d] DEBUG o.s.web.client.RestTemplate - Accept=[application/json, application/*+json]
2025-09-24 17:58:23 [DiscoveryClient-HeartbeatExecutor-%d] DEBUG o.s.web.client.RestTemplate - Response 200 OK
2025-09-24 17:58:53 [DiscoveryClient-CacheRefreshExecutor-%d] DEBUG o.s.web.client.RestTemplate - HTTP GET http://localhost:8761/eureka/apps/delta
2025-09-24 17:58:53 [DiscoveryClient-CacheRefreshExecutor-%d] DEBUG o.s.web.client.RestTemplate - Accept=[application/json, application/*+json]
2025-09-24 17:58:53 [DiscoveryClient-CacheRefreshExecutor-%d] DEBUG o.s.web.client.RestTemplate - Response 200 OK
2025-09-24 17:58:53 [DiscoveryClient-CacheRefreshExecutor-%d] DEBUG o.s.web.client.RestTemplate - Reading to [org.springframework.cloud.netflix.eureka.http.EurekaApplications]
2025-09-24 17:58:53 [DiscoveryClient-HeartbeatExecutor-%d] DEBUG o.s.web.client.RestTemplate - HTTP PUT http://localhost:8761/eureka/apps/BOOKING-SERVICE/GT0126:booking-service:9004?status=UP&lastDirtyTimestamp=1758708645140
2025-09-24 17:58:53 [DiscoveryClient-HeartbeatExecutor-%d] DEBUG o.s.web.client.RestTemplate - Accept=[application/json, application/*+json]
2025-09-24 17:58:53 [DiscoveryClient-HeartbeatExecutor-%d] DEBUG o.s.web.client.RestTemplate - Response 200 OK
2025-09-24 17:59:23 [DiscoveryClient-CacheRefreshExecutor-%d] DEBUG o.s.web.client.RestTemplate - HTTP GET http://localhost:8761/eureka/apps/delta
2025-09-24 17:59:23 [DiscoveryClient-CacheRefreshExecutor-%d] DEBUG o.s.web.client.RestTemplate - Accept=[application/json, application/*+json]
2025-09-24 17:59:23 [DiscoveryClient-CacheRefreshExecutor-%d] DEBUG o.s.web.client.RestTemplate - Response 200 OK
2025-09-24 17:59:23 [DiscoveryClient-CacheRefreshExecutor-%d] DEBUG o.s.web.client.RestTemplate - Reading to [org.springframework.cloud.netflix.eureka.http.EurekaApplications]
2025-09-24 17:59:23 [DiscoveryClient-HeartbeatExecutor-%d] DEBUG o.s.web.client.RestTemplate - HTTP PUT http://localhost:8761/eureka/apps/BOOKING-SERVICE/GT0126:booking-service:9004?status=UP&lastDirtyTimestamp=1758708645140
2025-09-24 17:59:23 [DiscoveryClient-HeartbeatExecutor-%d] DEBUG o.s.web.client.RestTemplate - Accept=[application/json, application/*+json]
2025-09-24 17:59:23 [DiscoveryClient-HeartbeatExecutor-%d] DEBUG o.s.web.client.RestTemplate - Response 200 OK
2025-09-24 17:59:53 [DiscoveryClient-CacheRefreshExecutor-%d] DEBUG o.s.web.client.RestTemplate - HTTP GET http://localhost:8761/eureka/apps/delta
2025-09-24 17:59:53 [DiscoveryClient-CacheRefreshExecutor-%d] DEBUG o.s.web.client.RestTemplate - Accept=[application/json, application/*+json]
2025-09-24 17:59:53 [DiscoveryClient-CacheRefreshExecutor-%d] DEBUG o.s.web.client.RestTemplate - Response 200 OK
2025-09-24 17:59:53 [DiscoveryClient-CacheRefreshExecutor-%d] DEBUG o.s.web.client.RestTemplate - Reading to [org.springframework.cloud.netflix.eureka.http.EurekaApplications]
2025-09-24 17:59:53 [DiscoveryClient-HeartbeatExecutor-%d] DEBUG o.s.web.client.RestTemplate - HTTP PUT http://localhost:8761/eureka/apps/BOOKING-SERVICE/GT0126:booking-service:9004?status=UP&lastDirtyTimestamp=1758708645140
2025-09-24 17:59:53 [DiscoveryClient-HeartbeatExecutor-%d] DEBUG o.s.web.client.RestTemplate - Accept=[application/json, application/*+json]
2025-09-24 17:59:53 [DiscoveryClient-HeartbeatExecutor-%d] DEBUG o.s.web.client.RestTemplate - Response 200 OK
2025-09-24 18:00:06 [AsyncResolver-bootstrap-executor-%d] INFO  c.n.d.s.r.aws.ConfigClusterResolver - Resolving eureka endpoints via configuration
2025-09-24 18:00:23 [DiscoveryClient-CacheRefreshExecutor-%d] DEBUG o.s.web.client.RestTemplate - HTTP GET http://localhost:8761/eureka/apps/delta
2025-09-24 18:00:23 [DiscoveryClient-CacheRefreshExecutor-%d] DEBUG o.s.web.client.RestTemplate - Accept=[application/json, application/*+json]
2025-09-24 18:00:23 [DiscoveryClient-CacheRefreshExecutor-%d] DEBUG o.s.web.client.RestTemplate - Response 200 OK
2025-09-24 18:00:23 [DiscoveryClient-CacheRefreshExecutor-%d] DEBUG o.s.web.client.RestTemplate - Reading to [org.springframework.cloud.netflix.eureka.http.EurekaApplications]
2025-09-24 18:00:23 [DiscoveryClient-HeartbeatExecutor-%d] DEBUG o.s.web.client.RestTemplate - HTTP PUT http://localhost:8761/eureka/apps/BOOKING-SERVICE/GT0126:booking-service:9004?status=UP&lastDirtyTimestamp=1758708645140
2025-09-24 18:00:23 [DiscoveryClient-HeartbeatExecutor-%d] DEBUG o.s.web.client.RestTemplate - Accept=[application/json, application/*+json]
2025-09-24 18:00:23 [DiscoveryClient-HeartbeatExecutor-%d] DEBUG o.s.web.client.RestTemplate - Response 200 OK
2025-09-24 18:00:53 [DiscoveryClient-CacheRefreshExecutor-%d] DEBUG o.s.web.client.RestTemplate - HTTP GET http://localhost:8761/eureka/apps/delta
2025-09-24 18:00:53 [DiscoveryClient-CacheRefreshExecutor-%d] DEBUG o.s.web.client.RestTemplate - Accept=[application/json, application/*+json]
2025-09-24 18:00:53 [DiscoveryClient-CacheRefreshExecutor-%d] DEBUG o.s.web.client.RestTemplate - Response 200 OK
2025-09-24 18:00:53 [DiscoveryClient-CacheRefreshExecutor-%d] DEBUG o.s.web.client.RestTemplate - Reading to [org.springframework.cloud.netflix.eureka.http.EurekaApplications]
2025-09-24 18:00:53 [DiscoveryClient-HeartbeatExecutor-%d] DEBUG o.s.web.client.RestTemplate - HTTP PUT http://localhost:8761/eureka/apps/BOOKING-SERVICE/GT0126:booking-service:9004?status=UP&lastDirtyTimestamp=1758708645140
2025-09-24 18:00:53 [DiscoveryClient-HeartbeatExecutor-%d] DEBUG o.s.web.client.RestTemplate - Accept=[application/json, application/*+json]
2025-09-24 18:00:53 [DiscoveryClient-HeartbeatExecutor-%d] DEBUG o.s.web.client.RestTemplate - Response 200 OK
2025-09-24 18:01:23 [DiscoveryClient-CacheRefreshExecutor-%d] DEBUG o.s.web.client.RestTemplate - HTTP GET http://localhost:8761/eureka/apps/delta
2025-09-24 18:01:23 [DiscoveryClient-CacheRefreshExecutor-%d] DEBUG o.s.web.client.RestTemplate - Accept=[application/json, application/*+json]
2025-09-24 18:01:23 [DiscoveryClient-CacheRefreshExecutor-%d] DEBUG o.s.web.client.RestTemplate - Response 200 OK
2025-09-24 18:01:23 [DiscoveryClient-CacheRefreshExecutor-%d] DEBUG o.s.web.client.RestTemplate - Reading to [org.springframework.cloud.netflix.eureka.http.EurekaApplications]
2025-09-24 18:01:23 [DiscoveryClient-HeartbeatExecutor-%d] DEBUG o.s.web.client.RestTemplate - HTTP PUT http://localhost:8761/eureka/apps/BOOKING-SERVICE/GT0126:booking-service:9004?status=UP&lastDirtyTimestamp=1758708645140
2025-09-24 18:01:23 [DiscoveryClient-HeartbeatExecutor-%d] DEBUG o.s.web.client.RestTemplate - Accept=[application/json, application/*+json]
2025-09-24 18:01:23 [DiscoveryClient-HeartbeatExecutor-%d] DEBUG o.s.web.client.RestTemplate - Response 200 OK
2025-09-24 18:01:53 [DiscoveryClient-CacheRefreshExecutor-%d] DEBUG o.s.web.client.RestTemplate - HTTP GET http://localhost:8761/eureka/apps/delta
2025-09-24 18:01:53 [DiscoveryClient-CacheRefreshExecutor-%d] DEBUG o.s.web.client.RestTemplate - Accept=[application/json, application/*+json]
2025-09-24 18:01:53 [DiscoveryClient-CacheRefreshExecutor-%d] DEBUG o.s.web.client.RestTemplate - Response 200 OK
2025-09-24 18:01:53 [DiscoveryClient-CacheRefreshExecutor-%d] DEBUG o.s.web.client.RestTemplate - Reading to [org.springframework.cloud.netflix.eureka.http.EurekaApplications]
2025-09-24 18:01:53 [DiscoveryClient-HeartbeatExecutor-%d] DEBUG o.s.web.client.RestTemplate - HTTP PUT http://localhost:8761/eureka/apps/BOOKING-SERVICE/GT0126:booking-service:9004?status=UP&lastDirtyTimestamp=1758708645140
2025-09-24 18:01:53 [DiscoveryClient-HeartbeatExecutor-%d] DEBUG o.s.web.client.RestTemplate - Accept=[application/json, application/*+json]
2025-09-24 18:01:53 [DiscoveryClient-HeartbeatExecutor-%d] DEBUG o.s.web.client.RestTemplate - Response 200 OK
2025-09-24 18:02:23 [DiscoveryClient-CacheRefreshExecutor-%d] DEBUG o.s.web.client.RestTemplate - HTTP GET http://localhost:8761/eureka/apps/delta
2025-09-24 18:02:23 [DiscoveryClient-CacheRefreshExecutor-%d] DEBUG o.s.web.client.RestTemplate - Accept=[application/json, application/*+json]
2025-09-24 18:02:23 [DiscoveryClient-CacheRefreshExecutor-%d] DEBUG o.s.web.client.RestTemplate - Response 200 OK
2025-09-24 18:02:23 [DiscoveryClient-CacheRefreshExecutor-%d] DEBUG o.s.web.client.RestTemplate - Reading to [org.springframework.cloud.netflix.eureka.http.EurekaApplications]
2025-09-24 18:02:23 [DiscoveryClient-HeartbeatExecutor-%d] DEBUG o.s.web.client.RestTemplate - HTTP PUT http://localhost:8761/eureka/apps/BOOKING-SERVICE/GT0126:booking-service:9004?status=UP&lastDirtyTimestamp=1758708645140
2025-09-24 18:02:23 [DiscoveryClient-HeartbeatExecutor-%d] DEBUG o.s.web.client.RestTemplate - Accept=[application/json, application/*+json]
2025-09-24 18:02:23 [DiscoveryClient-HeartbeatExecutor-%d] DEBUG o.s.web.client.RestTemplate - Response 200 OK
2025-09-24 18:02:53 [DiscoveryClient-CacheRefreshExecutor-%d] DEBUG o.s.web.client.RestTemplate - HTTP GET http://localhost:8761/eureka/apps/delta
2025-09-24 18:02:53 [DiscoveryClient-CacheRefreshExecutor-%d] DEBUG o.s.web.client.RestTemplate - Accept=[application/json, application/*+json]
2025-09-24 18:02:53 [DiscoveryClient-CacheRefreshExecutor-%d] DEBUG o.s.web.client.RestTemplate - Response 200 OK
2025-09-24 18:02:53 [DiscoveryClient-CacheRefreshExecutor-%d] DEBUG o.s.web.client.RestTemplate - Reading to [org.springframework.cloud.netflix.eureka.http.EurekaApplications]
2025-09-24 18:02:53 [DiscoveryClient-HeartbeatExecutor-%d] DEBUG o.s.web.client.RestTemplate - HTTP PUT http://localhost:8761/eureka/apps/BOOKING-SERVICE/GT0126:booking-service:9004?status=UP&lastDirtyTimestamp=1758708645140
2025-09-24 18:02:53 [DiscoveryClient-HeartbeatExecutor-%d] DEBUG o.s.web.client.RestTemplate - Accept=[application/json, application/*+json]
2025-09-24 18:02:53 [DiscoveryClient-HeartbeatExecutor-%d] DEBUG o.s.web.client.RestTemplate - Response 200 OK
2025-09-24 18:03:23 [DiscoveryClient-CacheRefreshExecutor-%d] DEBUG o.s.web.client.RestTemplate - HTTP GET http://localhost:8761/eureka/apps/delta
2025-09-24 18:03:23 [DiscoveryClient-CacheRefreshExecutor-%d] DEBUG o.s.web.client.RestTemplate - Accept=[application/json, application/*+json]
2025-09-24 18:03:23 [DiscoveryClient-CacheRefreshExecutor-%d] DEBUG o.s.web.client.RestTemplate - Response 200 OK
2025-09-24 18:03:23 [DiscoveryClient-CacheRefreshExecutor-%d] DEBUG o.s.web.client.RestTemplate - Reading to [org.springframework.cloud.netflix.eureka.http.EurekaApplications]
2025-09-24 18:03:23 [DiscoveryClient-HeartbeatExecutor-%d] DEBUG o.s.web.client.RestTemplate - HTTP PUT http://localhost:8761/eureka/apps/BOOKING-SERVICE/GT0126:booking-service:9004?status=UP&lastDirtyTimestamp=1758708645140
2025-09-24 18:03:23 [DiscoveryClient-HeartbeatExecutor-%d] DEBUG o.s.web.client.RestTemplate - Accept=[application/json, application/*+json]
2025-09-24 18:03:24 [DiscoveryClient-HeartbeatExecutor-%d] DEBUG o.s.web.client.RestTemplate - Response 200 OK
2025-09-24 18:03:53 [DiscoveryClient-CacheRefreshExecutor-%d] DEBUG o.s.web.client.RestTemplate - HTTP GET http://localhost:8761/eureka/apps/delta
2025-09-24 18:03:53 [DiscoveryClient-CacheRefreshExecutor-%d] DEBUG o.s.web.client.RestTemplate - Accept=[application/json, application/*+json]
2025-09-24 18:03:53 [DiscoveryClient-CacheRefreshExecutor-%d] DEBUG o.s.web.client.RestTemplate - Response 200 OK
2025-09-24 18:03:53 [DiscoveryClient-CacheRefreshExecutor-%d] DEBUG o.s.web.client.RestTemplate - Reading to [org.springframework.cloud.netflix.eureka.http.EurekaApplications]
2025-09-24 18:03:54 [DiscoveryClient-HeartbeatExecutor-%d] DEBUG o.s.web.client.RestTemplate - HTTP PUT http://localhost:8761/eureka/apps/BOOKING-SERVICE/GT0126:booking-service:9004?status=UP&lastDirtyTimestamp=1758708645140
2025-09-24 18:03:54 [DiscoveryClient-HeartbeatExecutor-%d] DEBUG o.s.web.client.RestTemplate - Accept=[application/json, application/*+json]
2025-09-24 18:03:54 [DiscoveryClient-HeartbeatExecutor-%d] DEBUG o.s.web.client.RestTemplate - Response 200 OK
2025-09-24 18:04:23 [DiscoveryClient-CacheRefreshExecutor-%d] DEBUG o.s.web.client.RestTemplate - HTTP GET http://localhost:8761/eureka/apps/delta
2025-09-24 18:04:23 [DiscoveryClient-CacheRefreshExecutor-%d] DEBUG o.s.web.client.RestTemplate - Accept=[application/json, application/*+json]
2025-09-24 18:04:23 [DiscoveryClient-CacheRefreshExecutor-%d] DEBUG o.s.web.client.RestTemplate - Response 200 OK
2025-09-24 18:04:23 [DiscoveryClient-CacheRefreshExecutor-%d] DEBUG o.s.web.client.RestTemplate - Reading to [org.springframework.cloud.netflix.eureka.http.EurekaApplications]
2025-09-24 18:04:24 [DiscoveryClient-HeartbeatExecutor-%d] DEBUG o.s.web.client.RestTemplate - HTTP PUT http://localhost:8761/eureka/apps/BOOKING-SERVICE/GT0126:booking-service:9004?status=UP&lastDirtyTimestamp=1758708645140
2025-09-24 18:04:24 [DiscoveryClient-HeartbeatExecutor-%d] DEBUG o.s.web.client.RestTemplate - Accept=[application/json, application/*+json]
2025-09-24 18:04:24 [DiscoveryClient-HeartbeatExecutor-%d] DEBUG o.s.web.client.RestTemplate - Response 200 OK
2025-09-24 18:04:27 [SpringApplicationShutdownHook] INFO  o.s.c.n.e.s.EurekaServiceRegistry - Unregistering application BOOKING-SERVICE with eureka with status DOWN
2025-09-24 18:04:27 [SpringApplicationShutdownHook] INFO  c.netflix.discovery.DiscoveryClient - Saw local status change event StatusChangeEvent [timestamp=1758717267561, current=DOWN, previous=UP]
2025-09-24 18:04:27 [DiscoveryClient-InstanceInfoReplicator-%d] INFO  c.netflix.discovery.DiscoveryClient - DiscoveryClient_BOOKING-SERVICE/GT0126:booking-service:9004: registering service...
2025-09-24 18:04:27 [DiscoveryClient-InstanceInfoReplicator-%d] DEBUG o.s.web.client.RestTemplate - HTTP POST http://localhost:8761/eureka/apps/BOOKING-SERVICE
2025-09-24 18:04:27 [DiscoveryClient-InstanceInfoReplicator-%d] DEBUG o.s.web.client.RestTemplate - Accept=[application/json, application/*+json]
2025-09-24 18:04:27 [DiscoveryClient-InstanceInfoReplicator-%d] DEBUG o.s.web.client.RestTemplate - Writing [InstanceInfo [instanceId = GT0126:booking-service:9004, appName = BOOKING-SERVICE, hostName = GT0126, status = DOWN, ipAddr = 172.16.2.155, port = 9004, securePort = 443, dataCenterInfo = com.netflix.appinfo.MyDataCenterInfo@4f7848ad] as "application/json"
2025-09-24 18:04:27 [DiscoveryClient-InstanceInfoReplicator-%d] DEBUG o.s.web.client.RestTemplate - Response 204 NO_CONTENT
2025-09-24 18:04:27 [DiscoveryClient-InstanceInfoReplicator-%d] INFO  c.netflix.discovery.DiscoveryClient - DiscoveryClient_BOOKING-SERVICE/GT0126:booking-service:9004 - registration status: 204
2025-09-24 18:04:27 [SpringApplicationShutdownHook] INFO  o.s.b.w.e.tomcat.GracefulShutdown - Commencing graceful shutdown. Waiting for active requests to complete
2025-09-24 18:04:27 [tomcat-shutdown] INFO  o.s.b.w.e.tomcat.GracefulShutdown - Graceful shutdown complete
2025-09-24 18:04:27 [SpringApplicationShutdownHook] INFO  o.s.o.j.LocalContainerEntityManagerFactoryBean - Closing JPA EntityManagerFactory for persistence unit 'default'
2025-09-24 18:04:28 [SpringApplicationShutdownHook] INFO  com.zaxxer.hikari.HikariDataSource - HikariPool-1 - Shutdown initiated...
2025-09-24 18:04:28 [SpringApplicationShutdownHook] INFO  com.zaxxer.hikari.HikariDataSource - HikariPool-1 - Shutdown completed.
2025-09-24 18:04:28 [SpringApplicationShutdownHook] INFO  c.netflix.discovery.DiscoveryClient - Shutting down DiscoveryClient ...
2025-09-24 18:04:31 [SpringApplicationShutdownHook] INFO  c.netflix.discovery.DiscoveryClient - Unregistering ...
2025-09-24 18:04:31 [SpringApplicationShutdownHook] DEBUG o.s.web.client.RestTemplate - HTTP DELETE http://localhost:8761/eureka/apps/BOOKING-SERVICE/GT0126:booking-service:9004
2025-09-24 18:04:31 [SpringApplicationShutdownHook] DEBUG o.s.web.client.RestTemplate - Accept=[application/json, application/*+json]
2025-09-24 18:04:31 [SpringApplicationShutdownHook] DEBUG o.s.web.client.RestTemplate - Response 200 OK
2025-09-24 18:04:31 [SpringApplicationShutdownHook] INFO  c.netflix.discovery.DiscoveryClient - DiscoveryClient_BOOKING-SERVICE/GT0126:booking-service:9004 - deregister  status: 200
2025-09-24 18:04:31 [SpringApplicationShutdownHook] INFO  c.netflix.discovery.DiscoveryClient - Completed shut down of DiscoveryClient
2025-09-24 18:04:49 [main] INFO  c.h.b.BookingServiceApplication - Starting BookingServiceApplication using Java 21.0.3 with PID 29956 (C:\Users\srinivasboya\Downloads\HOTEL-MANAGEMENT\booking-service\target\classes started by srinivasboya in C:\Users\srinivasboya\Downloads\HOTEL-MANAGEMENT)
2025-09-24 18:04:49 [main] DEBUG c.h.b.BookingServiceApplication - Running with Spring Boot v3.5.3, Spring v6.2.8
2025-09-24 18:04:49 [main] INFO  c.h.b.BookingServiceApplication - The following 1 profile is active: "local"
2025-09-24 18:04:49 [main] INFO  o.s.c.c.c.ConfigServerConfigDataLoader - Fetching config from server at : http://localhost:8888
2025-09-24 18:04:49 [main] INFO  o.s.c.c.c.ConfigServerConfigDataLoader - Located environment: name=booking-service, profiles=[default], label=null, version=null, state=null
2025-09-24 18:04:49 [main] INFO  o.s.c.c.c.ConfigServerConfigDataLoader - Fetching config from server at : http://localhost:8888
2025-09-24 18:04:49 [main] INFO  o.s.c.c.c.ConfigServerConfigDataLoader - Located environment: name=booking-service, profiles=[local], label=null, version=null, state=null
2025-09-24 18:04:51 [main] INFO  o.s.d.r.c.RepositoryConfigurationDelegate - Bootstrapping Spring Data JPA repositories in DEFAULT mode.
2025-09-24 18:04:52 [main] INFO  o.s.d.r.c.RepositoryConfigurationDelegate - Finished Spring Data repository scanning in 259 ms. Found 1 JPA repository interface.
2025-09-24 18:04:52 [main] INFO  o.s.cloud.context.scope.GenericScope - BeanFactory id=3da4dd54-61d5-349a-b483-1ada8d982e7f
2025-09-24 18:04:53 [main] INFO  o.s.b.w.e.tomcat.TomcatWebServer - Tomcat initialized with port 9004 (http)
2025-09-24 18:04:53 [main] INFO  o.a.catalina.core.StandardService - Starting service [Tomcat]
2025-09-24 18:04:53 [main] INFO  o.a.catalina.core.StandardEngine - Starting Servlet engine: [Apache Tomcat/10.1.42]
2025-09-24 18:04:53 [main] INFO  o.a.c.c.C.[Tomcat].[localhost].[/] - Initializing Spring embedded WebApplicationContext
2025-09-24 18:04:53 [main] INFO  o.s.b.w.s.c.ServletWebServerApplicationContext - Root WebApplicationContext: initialization completed in 4456 ms
2025-09-24 18:04:54 [main] DEBUG o.s.w.f.ServerHttpObservationFilter - Filter 'webMvcObservationFilter' configured for use
2025-09-24 18:04:54 [main] DEBUG o.s.o.j.LocalContainerEntityManagerFactoryBean - Building JPA container EntityManagerFactory for persistence unit 'default'
2025-09-24 18:04:54 [main] INFO  o.h.jpa.internal.util.LogHelper - HHH000204: Processing PersistenceUnitInfo [name: default]
2025-09-24 18:04:55 [main] INFO  org.hibernate.Version - HHH000412: Hibernate ORM core version 6.6.18.Final
2025-09-24 18:04:55 [main] INFO  o.h.c.i.RegionFactoryInitiator - HHH000026: Second-level cache disabled
2025-09-24 18:04:55 [main] INFO  o.s.o.j.p.SpringPersistenceUnitInfo - No LoadTimeWeaver setup: ignoring JPA class transformer
2025-09-24 18:04:55 [main] INFO  com.zaxxer.hikari.HikariDataSource - HikariPool-1 - Starting...
2025-09-24 18:04:56 [main] INFO  com.zaxxer.hikari.pool.HikariPool - HikariPool-1 - Added connection org.postgresql.jdbc.PgConnection@19b3d3a4
2025-09-24 18:04:56 [main] INFO  com.zaxxer.hikari.HikariDataSource - HikariPool-1 - Start completed.
2025-09-24 18:04:56 [main] WARN  org.hibernate.orm.deprecation - HHH90000025: PostgreSQLDialect does not need to be specified explicitly using 'hibernate.dialect' (remove the property setting and it will be selected by default)
2025-09-24 18:04:56 [main] INFO  o.hibernate.orm.connections.pooling - HHH10001005: Database info:
	Database JDBC URL [Connecting through datasource 'HikariDataSource (HikariPool-1)']
	Database driver: undefined/unknown
	Database version: 16.2
	Autocommit mode: undefined/unknown
	Isolation level: undefined/unknown
	Minimum pool size: undefined/unknown
	Maximum pool size: undefined/unknown
2025-09-24 18:04:58 [main] INFO  o.h.e.t.j.p.i.JtaPlatformInitiator - HHH000489: No JTA platform available (set 'hibernate.transaction.jta.platform' to enable JTA platform integration)
2025-09-24 18:04:58 [main] INFO  o.hibernate.orm.connections.access - HHH10001501: Connection obtained from JdbcConnectionAccess [org.hibernate.engine.jdbc.env.internal.JdbcEnvironmentInitiator$ConnectionProviderJdbcConnectionAccess@265361a] for (non-JTA) DDL execution was not in auto-commit mode; the Connection 'local transaction' will be committed and the Connection will be set into auto-commit mode.
2025-09-24 18:04:58 [main] INFO  o.s.o.j.LocalContainerEntityManagerFactoryBean - Initialized JPA EntityManagerFactory for persistence unit 'default'
2025-09-24 18:04:58 [main] DEBUG o.s.d.j.r.c.JpaMetamodelMappingContextFactoryBean - Initializing JpaMetamodelMappingContext…
2025-09-24 18:04:58 [main] DEBUG o.s.d.j.r.c.JpaMetamodelMappingContextFactoryBean - Finished initializing JpaMetamodelMappingContext
2025-09-24 18:04:59 [main] DEBUG o.s.d.j.repository.query.NamedQuery - Did not find named query Booking.findByHotelIdAndSpecialRequestsContaining.count
2025-09-24 18:04:59 [main] INFO  o.s.d.j.r.query.QueryEnhancerFactory - Hibernate is in classpath; If applicable, HQL parser will be used.
2025-09-24 18:05:00 [main] DEBUG o.s.d.j.repository.query.NamedQuery - Looking up named query 'Booking.findByHotelIdAndCheckOutDateBetween'
2025-09-24 18:05:00 [main] DEBUG o.s.d.j.repository.query.NamedQuery - Did not find named query Booking.findByHotelIdAndCheckOutDateBetween
2025-09-24 18:05:00 [main] DEBUG o.s.d.j.repository.query.NamedQuery - Looking up named query 'Booking.findByGuestNameContainingIgnoreCaseOrGuestEmailContainingIgnoreCase'
2025-09-24 18:05:00 [main] DEBUG o.s.d.j.repository.query.NamedQuery - Did not find named query Booking.findByGuestNameContainingIgnoreCaseOrGuestEmailContainingIgnoreCase
2025-09-24 18:05:00 [main] DEBUG o.s.d.j.repository.query.NamedQuery - Looking up named query 'Booking.findByUserIdAndStatusOrderByCheckInDate'
2025-09-24 18:05:00 [main] DEBUG o.s.d.j.repository.query.NamedQuery - Did not find named query Booking.findByUserIdAndStatusOrderByCheckInDate
2025-09-24 18:05:00 [main] DEBUG o.s.d.j.repository.query.NamedQuery - Looking up named query 'Booking.findByHotelIdAndStatusOrderByCheckInDate'
2025-09-24 18:05:00 [main] DEBUG o.s.d.j.repository.query.NamedQuery - Did not find named query Booking.findByHotelIdAndStatusOrderByCheckInDate
2025-09-24 18:05:00 [main] DEBUG o.s.d.j.repository.query.NamedQuery - Looking up named query 'Booking.findByHotelIdAndStatusOrderByFinalAmount'
2025-09-24 18:05:00 [main] DEBUG o.s.d.j.repository.query.NamedQuery - Did not find named query Booking.findByHotelIdAndStatusOrderByFinalAmount
2025-09-24 18:05:00 [main] DEBUG o.s.d.j.repository.query.NamedQuery - Looking up named query 'Booking.findByUserIdAndStatusOrderByCreatedAt'
2025-09-24 18:05:00 [main] DEBUG o.s.d.j.repository.query.NamedQuery - Did not find named query Booking.findByUserIdAndStatusOrderByCreatedAt
2025-09-24 18:05:00 [main] DEBUG o.s.d.j.repository.query.NamedQuery - Looking up named query 'Booking.findByHotelIdAndStatusOrderByCreatedAt'
2025-09-24 18:05:00 [main] DEBUG o.s.d.j.repository.query.NamedQuery - Did not find named query Booking.findByHotelIdAndStatusOrderByCreatedAt
2025-09-24 18:05:00 [main] DEBUG o.s.d.j.repository.query.NamedQuery - Looking up named query 'Booking.findByUserIdAndStatusOrderByFinalAmount'
2025-09-24 18:05:00 [main] DEBUG o.s.d.j.repository.query.NamedQuery - Did not find named query Booking.findByUserIdAndStatusOrderByFinalAmount
2025-09-24 18:05:00 [main] DEBUG o.s.d.j.repository.query.NamedQuery - Looking up named query 'Booking.findByReminderSent'
2025-09-24 18:05:00 [main] DEBUG o.s.d.j.repository.query.NamedQuery - Did not find named query Booking.findByReminderSent
2025-09-24 18:05:00 [main] DEBUG o.s.d.j.repository.query.NamedQuery - Looking up named query 'Booking.findByUserId'
2025-09-24 18:05:00 [main] DEBUG o.s.d.j.repository.query.NamedQuery - Did not find named query Booking.findByUserId
2025-09-24 18:05:00 [main] DEBUG o.s.d.j.repository.query.NamedQuery - Looking up named query 'Booking.findByHotelId'
2025-09-24 18:05:00 [main] DEBUG o.s.d.j.repository.query.NamedQuery - Did not find named query Booking.findByHotelId
2025-09-24 18:05:00 [main] DEBUG o.s.d.j.repository.query.NamedQuery - Looking up named query 'Booking.countByUserId'
2025-09-24 18:05:00 [main] DEBUG o.s.d.j.repository.query.NamedQuery - Did not find named query Booking.countByUserId
2025-09-24 18:05:00 [main] DEBUG o.s.d.j.repository.query.NamedQuery - Looking up named query 'Booking.findByRoomId'
2025-09-24 18:05:00 [main] DEBUG o.s.d.j.repository.query.NamedQuery - Did not find named query Booking.findByRoomId
2025-09-24 18:05:00 [main] DEBUG o.s.d.j.repository.query.NamedQuery - Looking up named query 'Booking.countByRoomId'
2025-09-24 18:05:00 [main] DEBUG o.s.d.j.repository.query.NamedQuery - Did not find named query Booking.countByRoomId
2025-09-24 18:05:00 [main] DEBUG o.s.d.j.repository.query.NamedQuery - Looking up named query 'Booking.countByHotelId'
2025-09-24 18:05:00 [main] DEBUG o.s.d.j.repository.query.NamedQuery - Did not find named query Booking.countByHotelId
2025-09-24 18:05:00 [main] DEBUG o.s.d.j.repository.query.NamedQuery - Looking up named query 'Booking.countByStatus'
2025-09-24 18:05:00 [main] DEBUG o.s.d.j.repository.query.NamedQuery - Did not find named query Booking.countByStatus
2025-09-24 18:05:00 [main] DEBUG o.s.d.j.repository.query.NamedQuery - Looking up named query 'Booking.findByStatus'
2025-09-24 18:05:00 [main] DEBUG o.s.d.j.repository.query.NamedQuery - Did not find named query Booking.findByStatus
2025-09-24 18:05:00 [main] DEBUG o.s.d.j.repository.query.NamedQuery - Looking up named query 'Booking.findByGuestEmail'
2025-09-24 18:05:00 [main] DEBUG o.s.d.j.repository.query.NamedQuery - Did not find named query Booking.findByGuestEmail
2025-09-24 18:05:00 [main] DEBUG o.s.d.j.repository.query.NamedQuery - Looking up named query 'Booking.findByConfirmationSent'
2025-09-24 18:05:00 [main] DEBUG o.s.d.j.repository.query.NamedQuery - Did not find named query Booking.findByConfirmationSent
2025-09-24 18:05:00 [main] DEBUG o.s.d.j.repository.query.NamedQuery - Did not find named query Booking.findBookingsNeedingReminder.count
2025-09-24 18:05:00 [main] DEBUG o.s.d.j.repository.query.NamedQuery - Did not find named query Booking.findBySpecialRequestsContaining.count
2025-09-24 18:05:00 [main] DEBUG o.s.d.j.repository.query.NamedQuery - Did not find named query Booking.findBookingsByHotelAndDateRange.count
2025-09-24 18:05:01 [main] DEBUG o.s.d.j.repository.query.NamedQuery - Looking up named query 'Booking.findByHotelIdOrderByCreatedAt'
2025-09-24 18:05:01 [main] DEBUG o.s.d.j.repository.query.NamedQuery - Did not find named query Booking.findByHotelIdOrderByCreatedAt
2025-09-24 18:05:01 [main] DEBUG o.s.d.j.repository.query.NamedQuery - Did not find named query Booking.findByHotelIdAndUserIdAndRoomId.count
2025-09-24 18:05:01 [main] DEBUG o.s.d.j.repository.query.NamedQuery - Looking up named query 'Booking.findByUserIdOrderByCreatedAt'
2025-09-24 18:05:01 [main] DEBUG o.s.d.j.repository.query.NamedQuery - Did not find named query Booking.findByUserIdOrderByCreatedAt
2025-09-24 18:05:01 [main] DEBUG o.s.d.j.repository.query.NamedQuery - Did not find named query Booking.findBookingsNeedingConfirmation.count
2025-09-24 18:05:01 [main] DEBUG o.s.d.j.repository.query.NamedQuery - Looking up named query 'Booking.findByUserIdAndFinalAmountBetween'
2025-09-24 18:05:01 [main] DEBUG o.s.d.j.repository.query.NamedQuery - Did not find named query Booking.findByUserIdAndFinalAmountBetween
2025-09-24 18:05:01 [main] DEBUG o.s.d.j.repository.query.NamedQuery - Looking up named query 'Booking.findByHotelIdAndNumberOfGuests'
2025-09-24 18:05:01 [main] DEBUG o.s.d.j.repository.query.NamedQuery - Did not find named query Booking.findByHotelIdAndNumberOfGuests
2025-09-24 18:05:01 [main] DEBUG o.s.d.j.repository.query.NamedQuery - Looking up named query 'Booking.findByUserIdAndCheckInDateBetween'
2025-09-24 18:05:01 [main] DEBUG o.s.d.j.repository.query.NamedQuery - Did not find named query Booking.findByUserIdAndCheckInDateBetween
2025-09-24 18:05:01 [main] DEBUG o.s.d.j.repository.query.NamedQuery - Looking up named query 'Booking.findByHotelIdAndFinalAmountBetween'
2025-09-24 18:05:01 [main] DEBUG o.s.d.j.repository.query.NamedQuery - Did not find named query Booking.findByHotelIdAndFinalAmountBetween
2025-09-24 18:05:01 [main] DEBUG o.s.d.j.repository.query.NamedQuery - Looking up named query 'Booking.findByHotelIdAndCheckInDateBetween'
2025-09-24 18:05:01 [main] DEBUG o.s.d.j.repository.query.NamedQuery - Did not find named query Booking.findByHotelIdAndCheckInDateBetween
2025-09-24 18:05:01 [main] DEBUG o.s.d.j.repository.query.NamedQuery - Looking up named query 'Booking.findByUserIdOrderByCheckInDate'
2025-09-24 18:05:01 [main] DEBUG o.s.d.j.repository.query.NamedQuery - Did not find named query Booking.findByUserIdOrderByCheckInDate
2025-09-24 18:05:01 [main] DEBUG o.s.d.j.repository.query.NamedQuery - Looking up named query 'Booking.findByHotelIdAndReminderSent'
2025-09-24 18:05:01 [main] DEBUG o.s.d.j.repository.query.NamedQuery - Did not find named query Booking.findByHotelIdAndReminderSent
2025-09-24 18:05:01 [main] DEBUG o.s.d.j.repository.query.NamedQuery - Looking up named query 'Booking.countByHotelIdAndPaymentStatus'
2025-09-24 18:05:01 [main] DEBUG o.s.d.j.repository.query.NamedQuery - Did not find named query Booking.countByHotelIdAndPaymentStatus
2025-09-24 18:05:01 [main] DEBUG o.s.d.j.repository.query.NamedQuery - Looking up named query 'Booking.findByHotelIdAndConfirmationSent'
2025-09-24 18:05:01 [main] DEBUG o.s.d.j.repository.query.NamedQuery - Did not find named query Booking.findByHotelIdAndConfirmationSent
2025-09-24 18:05:01 [main] DEBUG o.s.d.j.repository.query.NamedQuery - Looking up named query 'Booking.countByUserIdAndPaymentStatus'
2025-09-24 18:05:01 [main] DEBUG o.s.d.j.repository.query.NamedQuery - Did not find named query Booking.countByUserIdAndPaymentStatus
2025-09-24 18:05:01 [main] DEBUG o.s.d.j.repository.query.NamedQuery - Looking up named query 'Booking.findByHotelIdOrderByCheckInDate'
2025-09-24 18:05:01 [main] DEBUG o.s.d.j.repository.query.NamedQuery - Did not find named query Booking.findByHotelIdOrderByCheckInDate
2025-09-24 18:05:01 [main] DEBUG o.s.d.j.repository.query.NamedQuery - Looking up named query 'Booking.findByUserIdOrderByFinalAmount'
2025-09-24 18:05:01 [main] DEBUG o.s.d.j.repository.query.NamedQuery - Did not find named query Booking.findByUserIdOrderByFinalAmount
2025-09-24 18:05:01 [main] DEBUG o.s.d.j.repository.query.NamedQuery - Looking up named query 'Booking.findByHotelIdOrderByFinalAmount'
2025-09-24 18:05:01 [main] DEBUG o.s.d.j.repository.query.NamedQuery - Did not find named query Booking.findByHotelIdOrderByFinalAmount
2025-09-24 18:05:01 [main] DEBUG o.s.d.j.repository.query.NamedQuery - Did not find named query Booking.sumFinalAmountByUserId.count
2025-09-24 18:05:02 [main] DEBUG o.s.d.j.repository.query.NamedQuery - Looking up named query 'Booking.countByHotelIdAndStatus'
2025-09-24 18:05:02 [main] DEBUG o.s.d.j.repository.query.NamedQuery - Did not find named query Booking.countByHotelIdAndStatus
2025-09-24 18:05:02 [main] DEBUG o.s.d.j.repository.query.NamedQuery - Did not find named query Booking.sumFinalAmountByHotelId.count
2025-09-24 18:05:02 [main] DEBUG o.s.d.j.repository.query.NamedQuery - Looking up named query 'Booking.findByHotelIdAndStatus'
2025-09-24 18:05:02 [main] DEBUG o.s.d.j.repository.query.NamedQuery - Did not find named query Booking.findByHotelIdAndStatus
2025-09-24 18:05:02 [main] DEBUG o.s.d.j.repository.query.NamedQuery - Looking up named query 'Booking.findByRoomIdAndStatus'
2025-09-24 18:05:02 [main] DEBUG o.s.d.j.repository.query.NamedQuery - Did not find named query Booking.findByRoomIdAndStatus
2025-09-24 18:05:02 [main] DEBUG o.s.d.j.repository.query.NamedQuery - Did not find named query Booking.findConflictingBookings.count
2025-09-24 18:05:02 [main] DEBUG o.s.d.j.repository.query.NamedQuery - Looking up named query 'Booking.findByBookingReference'
2025-09-24 18:05:02 [main] DEBUG o.s.d.j.repository.query.NamedQuery - Did not find named query Booking.findByBookingReference
2025-09-24 18:05:02 [main] DEBUG o.s.d.j.repository.query.NamedQuery - Looking up named query 'Booking.findByUserIdAndStatus'
2025-09-24 18:05:02 [main] DEBUG o.s.d.j.repository.query.NamedQuery - Did not find named query Booking.findByUserIdAndStatus
2025-09-24 18:05:02 [main] DEBUG o.s.d.j.repository.query.NamedQuery - Looking up named query 'Booking.countByUserIdAndStatus'
2025-09-24 18:05:02 [main] DEBUG o.s.d.j.repository.query.NamedQuery - Did not find named query Booking.countByUserIdAndStatus
2025-09-24 18:05:02 [main] DEBUG o.s.d.j.repository.query.NamedQuery - Looking up named query 'Booking.findByFinalAmountBetween'
2025-09-24 18:05:02 [main] DEBUG o.s.d.j.repository.query.NamedQuery - Did not find named query Booking.findByFinalAmountBetween
2025-09-24 18:05:02 [main] DEBUG o.s.d.j.repository.query.NamedQuery - Looking up named query 'Booking.findByCheckInDateBetween'
2025-09-24 18:05:02 [main] DEBUG o.s.d.j.repository.query.NamedQuery - Did not find named query Booking.findByCheckInDateBetween
2025-09-24 18:05:02 [main] DEBUG o.s.d.j.repository.query.NamedQuery - Looking up named query 'Booking.findByCheckOutDateBetween'
2025-09-24 18:05:02 [main] DEBUG o.s.d.j.repository.query.NamedQuery - Did not find named query Booking.findByCheckOutDateBetween
2025-09-24 18:05:02 [main] DEBUG o.s.d.j.repository.query.NamedQuery - Looking up named query 'Booking.countByPaymentStatus'
2025-09-24 18:05:02 [main] DEBUG o.s.d.j.repository.query.NamedQuery - Did not find named query Booking.countByPaymentStatus
2025-09-24 18:05:02 [main] DEBUG o.s.d.j.repository.query.NamedQuery - Looking up named query 'Booking.findByHotelIdAndGuestEmail'
2025-09-24 18:05:02 [main] DEBUG o.s.d.j.repository.query.NamedQuery - Did not find named query Booking.findByHotelIdAndGuestEmail
2025-09-24 18:05:02 [main] DEBUG o.s.d.j.repository.query.NamedQuery - Looking up named query 'Booking.findByNumberOfGuests'
2025-09-24 18:05:02 [main] DEBUG o.s.d.j.repository.query.NamedQuery - Did not find named query Booking.findByNumberOfGuests
2025-09-24 18:05:02 [main] DEBUG o.s.d.j.repository.query.NamedQuery - Looking up named query 'Booking.findByPaymentStatus'
2025-09-24 18:05:02 [main] DEBUG o.s.d.j.repository.query.NamedQuery - Did not find named query Booking.findByPaymentStatus
2025-09-24 18:05:02 [main] WARN  o.s.b.a.o.j.JpaBaseConfiguration$JpaWebConfiguration - spring.jpa.open-in-view is enabled by default. Therefore, database queries may be performed during view rendering. Explicitly configure spring.jpa.open-in-view to disable this warning
2025-09-24 18:05:02 [main] INFO  o.s.c.o.FeignClientFactoryBean - For 'notification-service' URL not provided. Will try picking an instance via load-balancing.
2025-09-24 18:05:03 [main] DEBUG o.s.w.s.m.m.a.RequestMappingHandlerMapping - 39 mappings in 'requestMappingHandlerMapping'
2025-09-24 18:05:03 [main] DEBUG o.s.w.s.h.SimpleUrlHandlerMapping - Patterns [/webjars/**, /**] in 'resourceHandlerMapping'
2025-09-24 18:05:03 [main] DEBUG o.s.w.s.m.m.a.RequestMappingHandlerAdapter - ControllerAdvice beans: 0 @ModelAttribute, 0 @InitBinder, 1 RequestBodyAdvice, 1 ResponseBodyAdvice
2025-09-24 18:05:03 [main] DEBUG o.s.w.s.m.m.a.ExceptionHandlerExceptionResolver - ControllerAdvice beans: 1 @ExceptionHandler, 1 ResponseBodyAdvice
2025-09-24 18:05:04 [main] INFO  o.s.c.n.e.c.DiscoveryClientOptionalArgsConfiguration - Eureka HTTP Client uses RestTemplate.
2025-09-24 18:05:04 [main] WARN  o.s.c.l.c.LoadBalancerCacheAutoConfiguration$LoadBalancerCaffeineWarnLogger - Spring Cloud LoadBalancer is currently working with the default cache. While this cache implementation is useful for development and tests, it's recommended to use Caffeine cache in production.You can switch to using Caffeine cache, by adding it and org.springframework.cache.caffeine.CaffeineCacheManager to the classpath.
2025-09-24 18:05:04 [main] INFO  o.s.b.a.e.web.EndpointLinksResolver - Exposing 17 endpoints beneath base path '/actuator'
2025-09-24 18:05:04 [main] INFO  o.s.c.n.eureka.InstanceInfoFactory - Setting initial instance status as: STARTING
2025-09-24 18:05:04 [main] INFO  c.netflix.discovery.DiscoveryClient - Initializing Eureka in region us-east-1
2025-09-24 18:05:04 [main] INFO  c.n.d.s.r.aws.ConfigClusterResolver - Resolving eureka endpoints via configuration
2025-09-24 18:05:04 [main] INFO  c.netflix.discovery.DiscoveryClient - Disable delta property : false
2025-09-24 18:05:04 [main] INFO  c.netflix.discovery.DiscoveryClient - Single vip registry refresh property : null
2025-09-24 18:05:04 [main] INFO  c.netflix.discovery.DiscoveryClient - Force full registry fetch : false
2025-09-24 18:05:04 [main] INFO  c.netflix.discovery.DiscoveryClient - Application is null : false
2025-09-24 18:05:04 [main] INFO  c.netflix.discovery.DiscoveryClient - Registered Applications size is zero : true
2025-09-24 18:05:04 [main] INFO  c.netflix.discovery.DiscoveryClient - Application version is -1: true
2025-09-24 18:05:04 [main] INFO  c.netflix.discovery.DiscoveryClient - Getting all instance registry info from the eureka server
2025-09-24 18:05:04 [main] DEBUG o.s.web.client.RestTemplate - HTTP GET http://localhost:8761/eureka/apps/
2025-09-24 18:05:04 [main] DEBUG o.s.web.client.RestTemplate - Accept=[application/json, application/*+json]
2025-09-24 18:05:05 [main] DEBUG o.s.web.client.RestTemplate - Response 200 OK
2025-09-24 18:05:05 [main] DEBUG o.s.web.client.RestTemplate - Reading to [org.springframework.cloud.netflix.eureka.http.EurekaApplications]
2025-09-24 18:05:05 [main] INFO  c.netflix.discovery.DiscoveryClient - The response status is 200
2025-09-24 18:05:05 [main] INFO  c.netflix.discovery.DiscoveryClient - Starting heartbeat executor: renew interval is: 30
2025-09-24 18:05:05 [main] INFO  c.n.discovery.InstanceInfoReplicator - InstanceInfoReplicator onDemand update allowed rate per min is 4
2025-09-24 18:05:05 [main] INFO  c.netflix.discovery.DiscoveryClient - Discovery Client initialized at timestamp 1758717305068 with initial instances count: 6
2025-09-24 18:05:05 [main] INFO  o.s.c.n.e.s.EurekaServiceRegistry - Registering application BOOKING-SERVICE with eureka with status UP
2025-09-24 18:05:05 [main] INFO  c.netflix.discovery.DiscoveryClient - Saw local status change event StatusChangeEvent [timestamp=1758717305075, current=UP, previous=STARTING]
2025-09-24 18:05:05 [DiscoveryClient-InstanceInfoReplicator-%d] INFO  c.netflix.discovery.DiscoveryClient - DiscoveryClient_BOOKING-SERVICE/GT0126:booking-service:9004: registering service...
2025-09-24 18:05:05 [DiscoveryClient-InstanceInfoReplicator-%d] DEBUG o.s.web.client.RestTemplate - HTTP POST http://localhost:8761/eureka/apps/BOOKING-SERVICE
2025-09-24 18:05:05 [DiscoveryClient-InstanceInfoReplicator-%d] DEBUG o.s.web.client.RestTemplate - Accept=[application/json, application/*+json]
2025-09-24 18:05:05 [DiscoveryClient-InstanceInfoReplicator-%d] DEBUG o.s.web.client.RestTemplate - Writing [InstanceInfo [instanceId = GT0126:booking-service:9004, appName = BOOKING-SERVICE, hostName = GT0126, status = UP, ipAddr = 172.16.2.155, port = 9004, securePort = 443, dataCenterInfo = com.netflix.appinfo.MyDataCenterInfo@3b729e06] as "application/json"
2025-09-24 18:05:05 [main] INFO  o.s.b.w.e.tomcat.TomcatWebServer - Tomcat started on port 9004 (http) with context path '/'
2025-09-24 18:05:05 [main] INFO  o.s.c.n.e.s.EurekaAutoServiceRegistration - Updating port to 9004
2025-09-24 18:05:05 [DiscoveryClient-InstanceInfoReplicator-%d] DEBUG o.s.web.client.RestTemplate - Response 204 NO_CONTENT
2025-09-24 18:05:05 [DiscoveryClient-InstanceInfoReplicator-%d] INFO  c.netflix.discovery.DiscoveryClient - DiscoveryClient_BOOKING-SERVICE/GT0126:booking-service:9004 - registration status: 204
2025-09-24 18:05:05 [main] INFO  c.h.b.BookingServiceApplication - Started BookingServiceApplication in 18.185 seconds (process running for 19.698)
2025-09-24 18:05:35 [DiscoveryClient-CacheRefreshExecutor-%d] DEBUG o.s.web.client.RestTemplate - HTTP GET http://localhost:8761/eureka/apps/delta
2025-09-24 18:05:35 [DiscoveryClient-HeartbeatExecutor-%d] DEBUG o.s.web.client.RestTemplate - HTTP PUT http://localhost:8761/eureka/apps/BOOKING-SERVICE/GT0126:booking-service:9004?status=UP&lastDirtyTimestamp=1758717305075
2025-09-24 18:05:35 [DiscoveryClient-CacheRefreshExecutor-%d] DEBUG o.s.web.client.RestTemplate - Accept=[application/json, application/*+json]
2025-09-24 18:05:35 [DiscoveryClient-HeartbeatExecutor-%d] DEBUG o.s.web.client.RestTemplate - Accept=[application/json, application/*+json]
2025-09-24 18:05:35 [DiscoveryClient-CacheRefreshExecutor-%d] DEBUG o.s.web.client.RestTemplate - Response 200 OK
2025-09-24 18:05:35 [DiscoveryClient-CacheRefreshExecutor-%d] DEBUG o.s.web.client.RestTemplate - Reading to [org.springframework.cloud.netflix.eureka.http.EurekaApplications]
2025-09-24 18:05:35 [DiscoveryClient-HeartbeatExecutor-%d] DEBUG o.s.web.client.RestTemplate - Response 200 OK
2025-09-24 18:06:05 [DiscoveryClient-CacheRefreshExecutor-%d] DEBUG o.s.web.client.RestTemplate - HTTP GET http://localhost:8761/eureka/apps/delta
2025-09-24 18:06:05 [DiscoveryClient-CacheRefreshExecutor-%d] DEBUG o.s.web.client.RestTemplate - Accept=[application/json, application/*+json]
2025-09-24 18:06:05 [DiscoveryClient-HeartbeatExecutor-%d] DEBUG o.s.web.client.RestTemplate - HTTP PUT http://localhost:8761/eureka/apps/BOOKING-SERVICE/GT0126:booking-service:9004?status=UP&lastDirtyTimestamp=1758717305075
2025-09-24 18:06:05 [DiscoveryClient-HeartbeatExecutor-%d] DEBUG o.s.web.client.RestTemplate - Accept=[application/json, application/*+json]
2025-09-24 18:06:05 [DiscoveryClient-CacheRefreshExecutor-%d] DEBUG o.s.web.client.RestTemplate - Response 200 OK
2025-09-24 18:06:05 [DiscoveryClient-CacheRefreshExecutor-%d] DEBUG o.s.web.client.RestTemplate - Reading to [org.springframework.cloud.netflix.eureka.http.EurekaApplications]
2025-09-24 18:06:05 [DiscoveryClient-HeartbeatExecutor-%d] DEBUG o.s.web.client.RestTemplate - Response 200 OK
2025-09-24 18:06:35 [DiscoveryClient-CacheRefreshExecutor-%d] DEBUG o.s.web.client.RestTemplate - HTTP GET http://localhost:8761/eureka/apps/delta
2025-09-24 18:06:35 [DiscoveryClient-HeartbeatExecutor-%d] DEBUG o.s.web.client.RestTemplate - HTTP PUT http://localhost:8761/eureka/apps/BOOKING-SERVICE/GT0126:booking-service:9004?status=UP&lastDirtyTimestamp=1758717305075
2025-09-24 18:06:35 [DiscoveryClient-HeartbeatExecutor-%d] DEBUG o.s.web.client.RestTemplate - Accept=[application/json, application/*+json]
2025-09-24 18:06:35 [DiscoveryClient-CacheRefreshExecutor-%d] DEBUG o.s.web.client.RestTemplate - Accept=[application/json, application/*+json]
2025-09-24 18:06:35 [DiscoveryClient-CacheRefreshExecutor-%d] DEBUG o.s.web.client.RestTemplate - Response 200 OK
2025-09-24 18:06:35 [DiscoveryClient-CacheRefreshExecutor-%d] DEBUG o.s.web.client.RestTemplate - Reading to [org.springframework.cloud.netflix.eureka.http.EurekaApplications]
2025-09-24 18:06:35 [DiscoveryClient-HeartbeatExecutor-%d] DEBUG o.s.web.client.RestTemplate - Response 200 OK
2025-09-24 18:07:05 [DiscoveryClient-CacheRefreshExecutor-%d] DEBUG o.s.web.client.RestTemplate - HTTP GET http://localhost:8761/eureka/apps/delta
2025-09-24 18:07:05 [DiscoveryClient-HeartbeatExecutor-%d] DEBUG o.s.web.client.RestTemplate - HTTP PUT http://localhost:8761/eureka/apps/BOOKING-SERVICE/GT0126:booking-service:9004?status=UP&lastDirtyTimestamp=1758717305075
2025-09-24 18:07:05 [DiscoveryClient-CacheRefreshExecutor-%d] DEBUG o.s.web.client.RestTemplate - Accept=[application/json, application/*+json]
2025-09-24 18:07:05 [DiscoveryClient-HeartbeatExecutor-%d] DEBUG o.s.web.client.RestTemplate - Accept=[application/json, application/*+json]
2025-09-24 18:07:05 [DiscoveryClient-CacheRefreshExecutor-%d] DEBUG o.s.web.client.RestTemplate - Response 200 OK
2025-09-24 18:07:05 [DiscoveryClient-CacheRefreshExecutor-%d] DEBUG o.s.web.client.RestTemplate - Reading to [org.springframework.cloud.netflix.eureka.http.EurekaApplications]
2025-09-24 18:07:05 [DiscoveryClient-HeartbeatExecutor-%d] DEBUG o.s.web.client.RestTemplate - Response 200 OK
2025-09-24 18:07:35 [DiscoveryClient-CacheRefreshExecutor-%d] DEBUG o.s.web.client.RestTemplate - HTTP GET http://localhost:8761/eureka/apps/delta
2025-09-24 18:07:35 [DiscoveryClient-HeartbeatExecutor-%d] DEBUG o.s.web.client.RestTemplate - HTTP PUT http://localhost:8761/eureka/apps/BOOKING-SERVICE/GT0126:booking-service:9004?status=UP&lastDirtyTimestamp=1758717305075
2025-09-24 18:07:35 [DiscoveryClient-CacheRefreshExecutor-%d] DEBUG o.s.web.client.RestTemplate - Accept=[application/json, application/*+json]
2025-09-24 18:07:35 [DiscoveryClient-HeartbeatExecutor-%d] DEBUG o.s.web.client.RestTemplate - Accept=[application/json, application/*+json]
2025-09-24 18:07:35 [DiscoveryClient-CacheRefreshExecutor-%d] DEBUG o.s.web.client.RestTemplate - Response 200 OK
2025-09-24 18:07:35 [DiscoveryClient-HeartbeatExecutor-%d] DEBUG o.s.web.client.RestTemplate - Response 200 OK
2025-09-24 18:07:35 [DiscoveryClient-CacheRefreshExecutor-%d] DEBUG o.s.web.client.RestTemplate - Reading to [org.springframework.cloud.netflix.eureka.http.EurekaApplications]
2025-09-24 18:08:05 [DiscoveryClient-HeartbeatExecutor-%d] DEBUG o.s.web.client.RestTemplate - HTTP PUT http://localhost:8761/eureka/apps/BOOKING-SERVICE/GT0126:booking-service:9004?status=UP&lastDirtyTimestamp=1758717305075
2025-09-24 18:08:05 [DiscoveryClient-CacheRefreshExecutor-%d] DEBUG o.s.web.client.RestTemplate - HTTP GET http://localhost:8761/eureka/apps/delta
2025-09-24 18:08:05 [DiscoveryClient-CacheRefreshExecutor-%d] DEBUG o.s.web.client.RestTemplate - Accept=[application/json, application/*+json]
2025-09-24 18:08:05 [DiscoveryClient-HeartbeatExecutor-%d] DEBUG o.s.web.client.RestTemplate - Accept=[application/json, application/*+json]
2025-09-24 18:08:05 [DiscoveryClient-CacheRefreshExecutor-%d] DEBUG o.s.web.client.RestTemplate - Response 200 OK
2025-09-24 18:08:05 [DiscoveryClient-CacheRefreshExecutor-%d] DEBUG o.s.web.client.RestTemplate - Reading to [org.springframework.cloud.netflix.eureka.http.EurekaApplications]
2025-09-24 18:08:05 [DiscoveryClient-HeartbeatExecutor-%d] DEBUG o.s.web.client.RestTemplate - Response 200 OK
2025-09-24 18:08:35 [DiscoveryClient-CacheRefreshExecutor-%d] DEBUG o.s.web.client.RestTemplate - HTTP GET http://localhost:8761/eureka/apps/delta
2025-09-24 18:08:35 [DiscoveryClient-HeartbeatExecutor-%d] DEBUG o.s.web.client.RestTemplate - HTTP PUT http://localhost:8761/eureka/apps/BOOKING-SERVICE/GT0126:booking-service:9004?status=UP&lastDirtyTimestamp=1758717305075
2025-09-24 18:08:35 [DiscoveryClient-CacheRefreshExecutor-%d] DEBUG o.s.web.client.RestTemplate - Accept=[application/json, application/*+json]
2025-09-24 18:08:35 [DiscoveryClient-HeartbeatExecutor-%d] DEBUG o.s.web.client.RestTemplate - Accept=[application/json, application/*+json]
2025-09-24 18:08:35 [DiscoveryClient-CacheRefreshExecutor-%d] DEBUG o.s.web.client.RestTemplate - Response 200 OK
2025-09-24 18:08:35 [DiscoveryClient-CacheRefreshExecutor-%d] DEBUG o.s.web.client.RestTemplate - Reading to [org.springframework.cloud.netflix.eureka.http.EurekaApplications]
2025-09-24 18:08:35 [DiscoveryClient-HeartbeatExecutor-%d] DEBUG o.s.web.client.RestTemplate - Response 200 OK
2025-09-24 18:09:05 [DiscoveryClient-CacheRefreshExecutor-%d] DEBUG o.s.web.client.RestTemplate - HTTP GET http://localhost:8761/eureka/apps/delta
2025-09-24 18:09:05 [DiscoveryClient-CacheRefreshExecutor-%d] DEBUG o.s.web.client.RestTemplate - Accept=[application/json, application/*+json]
2025-09-24 18:09:05 [DiscoveryClient-HeartbeatExecutor-%d] DEBUG o.s.web.client.RestTemplate - HTTP PUT http://localhost:8761/eureka/apps/BOOKING-SERVICE/GT0126:booking-service:9004?status=UP&lastDirtyTimestamp=1758717305075
2025-09-24 18:09:05 [DiscoveryClient-HeartbeatExecutor-%d] DEBUG o.s.web.client.RestTemplate - Accept=[application/json, application/*+json]
2025-09-24 18:09:05 [DiscoveryClient-CacheRefreshExecutor-%d] DEBUG o.s.web.client.RestTemplate - Response 200 OK
2025-09-24 18:09:05 [DiscoveryClient-CacheRefreshExecutor-%d] DEBUG o.s.web.client.RestTemplate - Reading to [org.springframework.cloud.netflix.eureka.http.EurekaApplications]
2025-09-24 18:09:05 [DiscoveryClient-HeartbeatExecutor-%d] DEBUG o.s.web.client.RestTemplate - Response 200 OK
2025-09-24 18:09:35 [DiscoveryClient-CacheRefreshExecutor-%d] DEBUG o.s.web.client.RestTemplate - HTTP GET http://localhost:8761/eureka/apps/delta
2025-09-24 18:09:35 [DiscoveryClient-CacheRefreshExecutor-%d] DEBUG o.s.web.client.RestTemplate - Accept=[application/json, application/*+json]
2025-09-24 18:09:35 [DiscoveryClient-HeartbeatExecutor-%d] DEBUG o.s.web.client.RestTemplate - HTTP PUT http://localhost:8761/eureka/apps/BOOKING-SERVICE/GT0126:booking-service:9004?status=UP&lastDirtyTimestamp=1758717305075
2025-09-24 18:09:35 [DiscoveryClient-HeartbeatExecutor-%d] DEBUG o.s.web.client.RestTemplate - Accept=[application/json, application/*+json]
2025-09-24 18:09:35 [DiscoveryClient-CacheRefreshExecutor-%d] DEBUG o.s.web.client.RestTemplate - Response 200 OK
2025-09-24 18:09:35 [DiscoveryClient-CacheRefreshExecutor-%d] DEBUG o.s.web.client.RestTemplate - Reading to [org.springframework.cloud.netflix.eureka.http.EurekaApplications]
2025-09-24 18:09:35 [DiscoveryClient-HeartbeatExecutor-%d] DEBUG o.s.web.client.RestTemplate - Response 200 OK
2025-09-24 18:10:04 [AsyncResolver-bootstrap-executor-%d] INFO  c.n.d.s.r.aws.ConfigClusterResolver - Resolving eureka endpoints via configuration
2025-09-24 18:10:05 [DiscoveryClient-CacheRefreshExecutor-%d] DEBUG o.s.web.client.RestTemplate - HTTP GET http://localhost:8761/eureka/apps/delta
2025-09-24 18:10:05 [DiscoveryClient-HeartbeatExecutor-%d] DEBUG o.s.web.client.RestTemplate - HTTP PUT http://localhost:8761/eureka/apps/BOOKING-SERVICE/GT0126:booking-service:9004?status=UP&lastDirtyTimestamp=1758717305075
2025-09-24 18:10:05 [DiscoveryClient-CacheRefreshExecutor-%d] DEBUG o.s.web.client.RestTemplate - Accept=[application/json, application/*+json]
2025-09-24 18:10:05 [DiscoveryClient-HeartbeatExecutor-%d] DEBUG o.s.web.client.RestTemplate - Accept=[application/json, application/*+json]
2025-09-24 18:10:05 [DiscoveryClient-HeartbeatExecutor-%d] DEBUG o.s.web.client.RestTemplate - Response 200 OK
2025-09-24 18:10:05 [DiscoveryClient-CacheRefreshExecutor-%d] DEBUG o.s.web.client.RestTemplate - Response 200 OK
2025-09-24 18:10:05 [DiscoveryClient-CacheRefreshExecutor-%d] DEBUG o.s.web.client.RestTemplate - Reading to [org.springframework.cloud.netflix.eureka.http.EurekaApplications]
2025-09-24 18:10:35 [DiscoveryClient-CacheRefreshExecutor-%d] DEBUG o.s.web.client.RestTemplate - HTTP GET http://localhost:8761/eureka/apps/delta
2025-09-24 18:10:35 [DiscoveryClient-HeartbeatExecutor-%d] DEBUG o.s.web.client.RestTemplate - HTTP PUT http://localhost:8761/eureka/apps/BOOKING-SERVICE/GT0126:booking-service:9004?status=UP&lastDirtyTimestamp=1758717305075
2025-09-24 18:10:35 [DiscoveryClient-CacheRefreshExecutor-%d] DEBUG o.s.web.client.RestTemplate - Accept=[application/json, application/*+json]
2025-09-24 18:10:35 [DiscoveryClient-HeartbeatExecutor-%d] DEBUG o.s.web.client.RestTemplate - Accept=[application/json, application/*+json]
2025-09-24 18:10:35 [DiscoveryClient-HeartbeatExecutor-%d] DEBUG o.s.web.client.RestTemplate - Response 200 OK
2025-09-24 18:10:35 [DiscoveryClient-CacheRefreshExecutor-%d] DEBUG o.s.web.client.RestTemplate - Response 200 OK
2025-09-24 18:10:35 [DiscoveryClient-CacheRefreshExecutor-%d] DEBUG o.s.web.client.RestTemplate - Reading to [org.springframework.cloud.netflix.eureka.http.EurekaApplications]
2025-09-24 18:11:05 [DiscoveryClient-CacheRefreshExecutor-%d] DEBUG o.s.web.client.RestTemplate - HTTP GET http://localhost:8761/eureka/apps/delta
2025-09-24 18:11:05 [DiscoveryClient-HeartbeatExecutor-%d] DEBUG o.s.web.client.RestTemplate - HTTP PUT http://localhost:8761/eureka/apps/BOOKING-SERVICE/GT0126:booking-service:9004?status=UP&lastDirtyTimestamp=1758717305075
2025-09-24 18:11:05 [DiscoveryClient-HeartbeatExecutor-%d] DEBUG o.s.web.client.RestTemplate - Accept=[application/json, application/*+json]
2025-09-24 18:11:05 [DiscoveryClient-CacheRefreshExecutor-%d] DEBUG o.s.web.client.RestTemplate - Accept=[application/json, application/*+json]
2025-09-24 18:11:05 [DiscoveryClient-CacheRefreshExecutor-%d] DEBUG o.s.web.client.RestTemplate - Response 200 OK
2025-09-24 18:11:05 [DiscoveryClient-HeartbeatExecutor-%d] DEBUG o.s.web.client.RestTemplate - Response 200 OK
2025-09-24 18:11:05 [DiscoveryClient-CacheRefreshExecutor-%d] DEBUG o.s.web.client.RestTemplate - Reading to [org.springframework.cloud.netflix.eureka.http.EurekaApplications]
2025-09-24 18:11:35 [DiscoveryClient-HeartbeatExecutor-%d] DEBUG o.s.web.client.RestTemplate - HTTP PUT http://localhost:8761/eureka/apps/BOOKING-SERVICE/GT0126:booking-service:9004?status=UP&lastDirtyTimestamp=1758717305075
2025-09-24 18:11:35 [DiscoveryClient-CacheRefreshExecutor-%d] DEBUG o.s.web.client.RestTemplate - HTTP GET http://localhost:8761/eureka/apps/delta
2025-09-24 18:11:35 [DiscoveryClient-CacheRefreshExecutor-%d] DEBUG o.s.web.client.RestTemplate - Accept=[application/json, application/*+json]
2025-09-24 18:11:35 [DiscoveryClient-HeartbeatExecutor-%d] DEBUG o.s.web.client.RestTemplate - Accept=[application/json, application/*+json]
2025-09-24 18:11:35 [DiscoveryClient-CacheRefreshExecutor-%d] DEBUG o.s.web.client.RestTemplate - Response 200 OK
2025-09-24 18:11:35 [DiscoveryClient-HeartbeatExecutor-%d] DEBUG o.s.web.client.RestTemplate - Response 200 OK
2025-09-24 18:11:35 [DiscoveryClient-CacheRefreshExecutor-%d] DEBUG o.s.web.client.RestTemplate - Reading to [org.springframework.cloud.netflix.eureka.http.EurekaApplications]
2025-09-24 18:12:05 [DiscoveryClient-CacheRefreshExecutor-%d] DEBUG o.s.web.client.RestTemplate - HTTP GET http://localhost:8761/eureka/apps/delta
2025-09-24 18:12:05 [DiscoveryClient-HeartbeatExecutor-%d] DEBUG o.s.web.client.RestTemplate - HTTP PUT http://localhost:8761/eureka/apps/BOOKING-SERVICE/GT0126:booking-service:9004?status=UP&lastDirtyTimestamp=1758717305075
2025-09-24 18:12:05 [DiscoveryClient-HeartbeatExecutor-%d] DEBUG o.s.web.client.RestTemplate - Accept=[application/json, application/*+json]
2025-09-24 18:12:05 [DiscoveryClient-CacheRefreshExecutor-%d] DEBUG o.s.web.client.RestTemplate - Accept=[application/json, application/*+json]
2025-09-24 18:12:05 [DiscoveryClient-HeartbeatExecutor-%d] DEBUG o.s.web.client.RestTemplate - Response 200 OK
2025-09-24 18:12:05 [DiscoveryClient-CacheRefreshExecutor-%d] DEBUG o.s.web.client.RestTemplate - Response 200 OK
2025-09-24 18:12:05 [DiscoveryClient-CacheRefreshExecutor-%d] DEBUG o.s.web.client.RestTemplate - Reading to [org.springframework.cloud.netflix.eureka.http.EurekaApplications]
2025-09-24 18:12:35 [DiscoveryClient-CacheRefreshExecutor-%d] DEBUG o.s.web.client.RestTemplate - HTTP GET http://localhost:8761/eureka/apps/delta
2025-09-24 18:12:35 [DiscoveryClient-CacheRefreshExecutor-%d] DEBUG o.s.web.client.RestTemplate - Accept=[application/json, application/*+json]
2025-09-24 18:12:35 [DiscoveryClient-HeartbeatExecutor-%d] DEBUG o.s.web.client.RestTemplate - HTTP PUT http://localhost:8761/eureka/apps/BOOKING-SERVICE/GT0126:booking-service:9004?status=UP&lastDirtyTimestamp=1758717305075
2025-09-24 18:12:35 [DiscoveryClient-HeartbeatExecutor-%d] DEBUG o.s.web.client.RestTemplate - Accept=[application/json, application/*+json]
2025-09-24 18:12:35 [DiscoveryClient-HeartbeatExecutor-%d] DEBUG o.s.web.client.RestTemplate - Response 200 OK
2025-09-24 18:12:35 [DiscoveryClient-CacheRefreshExecutor-%d] DEBUG o.s.web.client.RestTemplate - Response 200 OK
2025-09-24 18:12:35 [DiscoveryClient-CacheRefreshExecutor-%d] DEBUG o.s.web.client.RestTemplate - Reading to [org.springframework.cloud.netflix.eureka.http.EurekaApplications]
2025-09-24 18:13:05 [DiscoveryClient-CacheRefreshExecutor-%d] DEBUG o.s.web.client.RestTemplate - HTTP GET http://localhost:8761/eureka/apps/delta
2025-09-24 18:13:05 [DiscoveryClient-HeartbeatExecutor-%d] DEBUG o.s.web.client.RestTemplate - HTTP PUT http://localhost:8761/eureka/apps/BOOKING-SERVICE/GT0126:booking-service:9004?status=UP&lastDirtyTimestamp=1758717305075
2025-09-24 18:13:05 [DiscoveryClient-CacheRefreshExecutor-%d] DEBUG o.s.web.client.RestTemplate - Accept=[application/json, application/*+json]
2025-09-24 18:13:05 [DiscoveryClient-HeartbeatExecutor-%d] DEBUG o.s.web.client.RestTemplate - Accept=[application/json, application/*+json]
2025-09-24 18:13:05 [DiscoveryClient-HeartbeatExecutor-%d] DEBUG o.s.web.client.RestTemplate - Response 200 OK
2025-09-24 18:13:05 [DiscoveryClient-CacheRefreshExecutor-%d] DEBUG o.s.web.client.RestTemplate - Response 200 OK
2025-09-24 18:13:05 [DiscoveryClient-CacheRefreshExecutor-%d] DEBUG o.s.web.client.RestTemplate - Reading to [org.springframework.cloud.netflix.eureka.http.EurekaApplications]
2025-09-24 18:13:35 [DiscoveryClient-CacheRefreshExecutor-%d] DEBUG o.s.web.client.RestTemplate - HTTP GET http://localhost:8761/eureka/apps/delta
2025-09-24 18:13:35 [DiscoveryClient-CacheRefreshExecutor-%d] DEBUG o.s.web.client.RestTemplate - Accept=[application/json, application/*+json]
2025-09-24 18:13:35 [DiscoveryClient-HeartbeatExecutor-%d] DEBUG o.s.web.client.RestTemplate - HTTP PUT http://localhost:8761/eureka/apps/BOOKING-SERVICE/GT0126:booking-service:9004?status=UP&lastDirtyTimestamp=1758717305075
2025-09-24 18:13:35 [DiscoveryClient-HeartbeatExecutor-%d] DEBUG o.s.web.client.RestTemplate - Accept=[application/json, application/*+json]
2025-09-24 18:13:35 [DiscoveryClient-HeartbeatExecutor-%d] DEBUG o.s.web.client.RestTemplate - Response 200 OK
2025-09-24 18:13:35 [DiscoveryClient-CacheRefreshExecutor-%d] DEBUG o.s.web.client.RestTemplate - Response 200 OK
2025-09-24 18:13:35 [DiscoveryClient-CacheRefreshExecutor-%d] DEBUG o.s.web.client.RestTemplate - Reading to [org.springframework.cloud.netflix.eureka.http.EurekaApplications]
2025-09-24 18:14:05 [DiscoveryClient-HeartbeatExecutor-%d] DEBUG o.s.web.client.RestTemplate - HTTP PUT http://localhost:8761/eureka/apps/BOOKING-SERVICE/GT0126:booking-service:9004?status=UP&lastDirtyTimestamp=1758717305075
2025-09-24 18:14:05 [DiscoveryClient-CacheRefreshExecutor-%d] DEBUG o.s.web.client.RestTemplate - HTTP GET http://localhost:8761/eureka/apps/delta
2025-09-24 18:14:05 [DiscoveryClient-HeartbeatExecutor-%d] DEBUG o.s.web.client.RestTemplate - Accept=[application/json, application/*+json]
2025-09-24 18:14:05 [DiscoveryClient-CacheRefreshExecutor-%d] DEBUG o.s.web.client.RestTemplate - Accept=[application/json, application/*+json]
2025-09-24 18:14:05 [DiscoveryClient-CacheRefreshExecutor-%d] DEBUG o.s.web.client.RestTemplate - Response 200 OK
2025-09-24 18:14:05 [DiscoveryClient-HeartbeatExecutor-%d] DEBUG o.s.web.client.RestTemplate - Response 200 OK
2025-09-24 18:14:05 [DiscoveryClient-CacheRefreshExecutor-%d] DEBUG o.s.web.client.RestTemplate - Reading to [org.springframework.cloud.netflix.eureka.http.EurekaApplications]
2025-09-24 18:14:35 [DiscoveryClient-HeartbeatExecutor-%d] DEBUG o.s.web.client.RestTemplate - HTTP PUT http://localhost:8761/eureka/apps/BOOKING-SERVICE/GT0126:booking-service:9004?status=UP&lastDirtyTimestamp=1758717305075
2025-09-24 18:14:35 [DiscoveryClient-CacheRefreshExecutor-%d] DEBUG o.s.web.client.RestTemplate - HTTP GET http://localhost:8761/eureka/apps/delta
2025-09-24 18:14:35 [DiscoveryClient-HeartbeatExecutor-%d] DEBUG o.s.web.client.RestTemplate - Accept=[application/json, application/*+json]
2025-09-24 18:14:35 [DiscoveryClient-CacheRefreshExecutor-%d] DEBUG o.s.web.client.RestTemplate - Accept=[application/json, application/*+json]
2025-09-24 18:14:35 [DiscoveryClient-CacheRefreshExecutor-%d] DEBUG o.s.web.client.RestTemplate - Response 200 OK
2025-09-24 18:14:35 [DiscoveryClient-HeartbeatExecutor-%d] DEBUG o.s.web.client.RestTemplate - Response 200 OK
2025-09-24 18:14:35 [DiscoveryClient-CacheRefreshExecutor-%d] DEBUG o.s.web.client.RestTemplate - Reading to [org.springframework.cloud.netflix.eureka.http.EurekaApplications]
2025-09-24 18:15:04 [AsyncResolver-bootstrap-executor-%d] INFO  c.n.d.s.r.aws.ConfigClusterResolver - Resolving eureka endpoints via configuration
2025-09-24 18:15:05 [DiscoveryClient-HeartbeatExecutor-%d] DEBUG o.s.web.client.RestTemplate - HTTP PUT http://localhost:8761/eureka/apps/BOOKING-SERVICE/GT0126:booking-service:9004?status=UP&lastDirtyTimestamp=1758717305075
2025-09-24 18:15:05 [DiscoveryClient-HeartbeatExecutor-%d] DEBUG o.s.web.client.RestTemplate - Accept=[application/json, application/*+json]
2025-09-24 18:15:05 [DiscoveryClient-CacheRefreshExecutor-%d] DEBUG o.s.web.client.RestTemplate - HTTP GET http://localhost:8761/eureka/apps/delta
2025-09-24 18:15:05 [DiscoveryClient-CacheRefreshExecutor-%d] DEBUG o.s.web.client.RestTemplate - Accept=[application/json, application/*+json]
2025-09-24 18:15:05 [DiscoveryClient-HeartbeatExecutor-%d] DEBUG o.s.web.client.RestTemplate - Response 200 OK
2025-09-24 18:15:05 [DiscoveryClient-CacheRefreshExecutor-%d] DEBUG o.s.web.client.RestTemplate - Response 200 OK
2025-09-24 18:15:05 [DiscoveryClient-CacheRefreshExecutor-%d] DEBUG o.s.web.client.RestTemplate - Reading to [org.springframework.cloud.netflix.eureka.http.EurekaApplications]
2025-09-24 18:15:35 [DiscoveryClient-HeartbeatExecutor-%d] DEBUG o.s.web.client.RestTemplate - HTTP PUT http://localhost:8761/eureka/apps/BOOKING-SERVICE/GT0126:booking-service:9004?status=UP&lastDirtyTimestamp=1758717305075
2025-09-24 18:15:35 [DiscoveryClient-HeartbeatExecutor-%d] DEBUG o.s.web.client.RestTemplate - Accept=[application/json, application/*+json]
2025-09-24 18:15:35 [DiscoveryClient-CacheRefreshExecutor-%d] DEBUG o.s.web.client.RestTemplate - HTTP GET http://localhost:8761/eureka/apps/delta
2025-09-24 18:15:35 [DiscoveryClient-CacheRefreshExecutor-%d] DEBUG o.s.web.client.RestTemplate - Accept=[application/json, application/*+json]
2025-09-24 18:15:35 [DiscoveryClient-HeartbeatExecutor-%d] DEBUG o.s.web.client.RestTemplate - Response 200 OK
2025-09-24 18:15:35 [DiscoveryClient-CacheRefreshExecutor-%d] DEBUG o.s.web.client.RestTemplate - Response 200 OK
2025-09-24 18:15:35 [DiscoveryClient-CacheRefreshExecutor-%d] DEBUG o.s.web.client.RestTemplate - Reading to [org.springframework.cloud.netflix.eureka.http.EurekaApplications]
2025-09-24 18:16:05 [DiscoveryClient-HeartbeatExecutor-%d] DEBUG o.s.web.client.RestTemplate - HTTP PUT http://localhost:8761/eureka/apps/BOOKING-SERVICE/GT0126:booking-service:9004?status=UP&lastDirtyTimestamp=1758717305075
2025-09-24 18:16:05 [DiscoveryClient-HeartbeatExecutor-%d] DEBUG o.s.web.client.RestTemplate - Accept=[application/json, application/*+json]
2025-09-24 18:16:05 [DiscoveryClient-CacheRefreshExecutor-%d] DEBUG o.s.web.client.RestTemplate - HTTP GET http://localhost:8761/eureka/apps/delta
2025-09-24 18:16:05 [DiscoveryClient-CacheRefreshExecutor-%d] DEBUG o.s.web.client.RestTemplate - Accept=[application/json, application/*+json]
2025-09-24 18:16:05 [DiscoveryClient-HeartbeatExecutor-%d] DEBUG o.s.web.client.RestTemplate - Response 200 OK
2025-09-24 18:16:05 [DiscoveryClient-CacheRefreshExecutor-%d] DEBUG o.s.web.client.RestTemplate - Response 200 OK
2025-09-24 18:16:05 [DiscoveryClient-CacheRefreshExecutor-%d] DEBUG o.s.web.client.RestTemplate - Reading to [org.springframework.cloud.netflix.eureka.http.EurekaApplications]
2025-09-24 18:16:35 [DiscoveryClient-HeartbeatExecutor-%d] DEBUG o.s.web.client.RestTemplate - HTTP PUT http://localhost:8761/eureka/apps/BOOKING-SERVICE/GT0126:booking-service:9004?status=UP&lastDirtyTimestamp=1758717305075
2025-09-24 18:16:35 [DiscoveryClient-HeartbeatExecutor-%d] DEBUG o.s.web.client.RestTemplate - Accept=[application/json, application/*+json]
2025-09-24 18:16:35 [DiscoveryClient-HeartbeatExecutor-%d] DEBUG o.s.web.client.RestTemplate - Response 200 OK
2025-09-24 18:16:35 [DiscoveryClient-CacheRefreshExecutor-%d] DEBUG o.s.web.client.RestTemplate - HTTP GET http://localhost:8761/eureka/apps/delta
2025-09-24 18:16:35 [DiscoveryClient-CacheRefreshExecutor-%d] DEBUG o.s.web.client.RestTemplate - Accept=[application/json, application/*+json]
2025-09-24 18:16:35 [DiscoveryClient-CacheRefreshExecutor-%d] DEBUG o.s.web.client.RestTemplate - Response 200 OK
2025-09-24 18:16:35 [DiscoveryClient-CacheRefreshExecutor-%d] DEBUG o.s.web.client.RestTemplate - Reading to [org.springframework.cloud.netflix.eureka.http.EurekaApplications]
2025-09-24 18:17:05 [DiscoveryClient-HeartbeatExecutor-%d] DEBUG o.s.web.client.RestTemplate - HTTP PUT http://localhost:8761/eureka/apps/BOOKING-SERVICE/GT0126:booking-service:9004?status=UP&lastDirtyTimestamp=1758717305075
2025-09-24 18:17:05 [DiscoveryClient-HeartbeatExecutor-%d] DEBUG o.s.web.client.RestTemplate - Accept=[application/json, application/*+json]
2025-09-24 18:17:05 [DiscoveryClient-CacheRefreshExecutor-%d] DEBUG o.s.web.client.RestTemplate - HTTP GET http://localhost:8761/eureka/apps/delta
2025-09-24 18:17:05 [DiscoveryClient-CacheRefreshExecutor-%d] DEBUG o.s.web.client.RestTemplate - Accept=[application/json, application/*+json]
2025-09-24 18:17:05 [DiscoveryClient-HeartbeatExecutor-%d] DEBUG o.s.web.client.RestTemplate - Response 200 OK
2025-09-24 18:17:05 [DiscoveryClient-CacheRefreshExecutor-%d] DEBUG o.s.web.client.RestTemplate - Response 200 OK
2025-09-24 18:17:05 [DiscoveryClient-CacheRefreshExecutor-%d] DEBUG o.s.web.client.RestTemplate - Reading to [org.springframework.cloud.netflix.eureka.http.EurekaApplications]
2025-09-24 18:17:35 [DiscoveryClient-HeartbeatExecutor-%d] DEBUG o.s.web.client.RestTemplate - HTTP PUT http://localhost:8761/eureka/apps/BOOKING-SERVICE/GT0126:booking-service:9004?status=UP&lastDirtyTimestamp=1758717305075
2025-09-24 18:17:35 [DiscoveryClient-HeartbeatExecutor-%d] DEBUG o.s.web.client.RestTemplate - Accept=[application/json, application/*+json]
2025-09-24 18:17:35 [DiscoveryClient-CacheRefreshExecutor-%d] DEBUG o.s.web.client.RestTemplate - HTTP GET http://localhost:8761/eureka/apps/delta
2025-09-24 18:17:35 [DiscoveryClient-CacheRefreshExecutor-%d] DEBUG o.s.web.client.RestTemplate - Accept=[application/json, application/*+json]
2025-09-24 18:17:35 [DiscoveryClient-HeartbeatExecutor-%d] DEBUG o.s.web.client.RestTemplate - Response 200 OK
2025-09-24 18:17:35 [DiscoveryClient-CacheRefreshExecutor-%d] DEBUG o.s.web.client.RestTemplate - Response 200 OK
2025-09-24 18:17:35 [DiscoveryClient-CacheRefreshExecutor-%d] DEBUG o.s.web.client.RestTemplate - Reading to [org.springframework.cloud.netflix.eureka.http.EurekaApplications]
2025-09-24 18:18:05 [DiscoveryClient-HeartbeatExecutor-%d] DEBUG o.s.web.client.RestTemplate - HTTP PUT http://localhost:8761/eureka/apps/BOOKING-SERVICE/GT0126:booking-service:9004?status=UP&lastDirtyTimestamp=1758717305075
2025-09-24 18:18:05 [DiscoveryClient-HeartbeatExecutor-%d] DEBUG o.s.web.client.RestTemplate - Accept=[application/json, application/*+json]
2025-09-24 18:18:05 [DiscoveryClient-CacheRefreshExecutor-%d] DEBUG o.s.web.client.RestTemplate - HTTP GET http://localhost:8761/eureka/apps/delta
2025-09-24 18:18:05 [DiscoveryClient-CacheRefreshExecutor-%d] DEBUG o.s.web.client.RestTemplate - Accept=[application/json, application/*+json]
2025-09-24 18:18:05 [DiscoveryClient-HeartbeatExecutor-%d] DEBUG o.s.web.client.RestTemplate - Response 200 OK
2025-09-24 18:18:05 [DiscoveryClient-CacheRefreshExecutor-%d] DEBUG o.s.web.client.RestTemplate - Response 200 OK
2025-09-24 18:18:05 [DiscoveryClient-CacheRefreshExecutor-%d] DEBUG o.s.web.client.RestTemplate - Reading to [org.springframework.cloud.netflix.eureka.http.EurekaApplications]
2025-09-24 18:18:35 [DiscoveryClient-HeartbeatExecutor-%d] DEBUG o.s.web.client.RestTemplate - HTTP PUT http://localhost:8761/eureka/apps/BOOKING-SERVICE/GT0126:booking-service:9004?status=UP&lastDirtyTimestamp=1758717305075
2025-09-24 18:18:35 [DiscoveryClient-HeartbeatExecutor-%d] DEBUG o.s.web.client.RestTemplate - Accept=[application/json, application/*+json]
2025-09-24 18:18:35 [DiscoveryClient-CacheRefreshExecutor-%d] DEBUG o.s.web.client.RestTemplate - HTTP GET http://localhost:8761/eureka/apps/delta
2025-09-24 18:18:35 [DiscoveryClient-CacheRefreshExecutor-%d] DEBUG o.s.web.client.RestTemplate - Accept=[application/json, application/*+json]
2025-09-24 18:18:35 [DiscoveryClient-HeartbeatExecutor-%d] DEBUG o.s.web.client.RestTemplate - Response 200 OK
2025-09-24 18:18:35 [DiscoveryClient-CacheRefreshExecutor-%d] DEBUG o.s.web.client.RestTemplate - Response 200 OK
2025-09-24 18:18:35 [DiscoveryClient-CacheRefreshExecutor-%d] DEBUG o.s.web.client.RestTemplate - Reading to [org.springframework.cloud.netflix.eureka.http.EurekaApplications]
2025-09-24 18:19:05 [DiscoveryClient-HeartbeatExecutor-%d] DEBUG o.s.web.client.RestTemplate - HTTP PUT http://localhost:8761/eureka/apps/BOOKING-SERVICE/GT0126:booking-service:9004?status=UP&lastDirtyTimestamp=1758717305075
2025-09-24 18:19:05 [DiscoveryClient-HeartbeatExecutor-%d] DEBUG o.s.web.client.RestTemplate - Accept=[application/json, application/*+json]
2025-09-24 18:19:05 [DiscoveryClient-CacheRefreshExecutor-%d] DEBUG o.s.web.client.RestTemplate - HTTP GET http://localhost:8761/eureka/apps/delta
2025-09-24 18:19:05 [DiscoveryClient-CacheRefreshExecutor-%d] DEBUG o.s.web.client.RestTemplate - Accept=[application/json, application/*+json]
2025-09-24 18:19:05 [DiscoveryClient-HeartbeatExecutor-%d] DEBUG o.s.web.client.RestTemplate - Response 200 OK
2025-09-24 18:19:05 [DiscoveryClient-CacheRefreshExecutor-%d] DEBUG o.s.web.client.RestTemplate - Response 200 OK
2025-09-24 18:19:05 [DiscoveryClient-CacheRefreshExecutor-%d] DEBUG o.s.web.client.RestTemplate - Reading to [org.springframework.cloud.netflix.eureka.http.EurekaApplications]
2025-09-24 18:19:35 [DiscoveryClient-HeartbeatExecutor-%d] DEBUG o.s.web.client.RestTemplate - HTTP PUT http://localhost:8761/eureka/apps/BOOKING-SERVICE/GT0126:booking-service:9004?status=UP&lastDirtyTimestamp=1758717305075
2025-09-24 18:19:35 [DiscoveryClient-HeartbeatExecutor-%d] DEBUG o.s.web.client.RestTemplate - Accept=[application/json, application/*+json]
2025-09-24 18:19:35 [DiscoveryClient-CacheRefreshExecutor-%d] DEBUG o.s.web.client.RestTemplate - HTTP GET http://localhost:8761/eureka/apps/delta
2025-09-24 18:19:35 [DiscoveryClient-CacheRefreshExecutor-%d] DEBUG o.s.web.client.RestTemplate - Accept=[application/json, application/*+json]
2025-09-24 18:19:35 [DiscoveryClient-HeartbeatExecutor-%d] DEBUG o.s.web.client.RestTemplate - Response 200 OK
2025-09-24 18:19:35 [DiscoveryClient-CacheRefreshExecutor-%d] DEBUG o.s.web.client.RestTemplate - Response 200 OK
2025-09-24 18:19:35 [DiscoveryClient-CacheRefreshExecutor-%d] DEBUG o.s.web.client.RestTemplate - Reading to [org.springframework.cloud.netflix.eureka.http.EurekaApplications]
2025-09-24 18:20:04 [AsyncResolver-bootstrap-executor-%d] INFO  c.n.d.s.r.aws.ConfigClusterResolver - Resolving eureka endpoints via configuration
2025-09-24 18:20:05 [DiscoveryClient-CacheRefreshExecutor-%d] DEBUG o.s.web.client.RestTemplate - HTTP GET http://localhost:8761/eureka/apps/delta
2025-09-24 18:20:05 [DiscoveryClient-CacheRefreshExecutor-%d] DEBUG o.s.web.client.RestTemplate - Accept=[application/json, application/*+json]
2025-09-24 18:20:05 [DiscoveryClient-HeartbeatExecutor-%d] DEBUG o.s.web.client.RestTemplate - HTTP PUT http://localhost:8761/eureka/apps/BOOKING-SERVICE/GT0126:booking-service:9004?status=UP&lastDirtyTimestamp=1758717305075
2025-09-24 18:20:05 [DiscoveryClient-HeartbeatExecutor-%d] DEBUG o.s.web.client.RestTemplate - Accept=[application/json, application/*+json]
2025-09-24 18:20:05 [DiscoveryClient-CacheRefreshExecutor-%d] DEBUG o.s.web.client.RestTemplate - Response 200 OK
2025-09-24 18:20:05 [DiscoveryClient-CacheRefreshExecutor-%d] DEBUG o.s.web.client.RestTemplate - Reading to [org.springframework.cloud.netflix.eureka.http.EurekaApplications]
2025-09-24 18:20:05 [DiscoveryClient-HeartbeatExecutor-%d] DEBUG o.s.web.client.RestTemplate - Response 200 OK
2025-09-24 18:20:35 [DiscoveryClient-CacheRefreshExecutor-%d] DEBUG o.s.web.client.RestTemplate - HTTP GET http://localhost:8761/eureka/apps/delta
2025-09-24 18:20:35 [DiscoveryClient-CacheRefreshExecutor-%d] DEBUG o.s.web.client.RestTemplate - Accept=[application/json, application/*+json]
2025-09-24 18:20:35 [DiscoveryClient-HeartbeatExecutor-%d] DEBUG o.s.web.client.RestTemplate - HTTP PUT http://localhost:8761/eureka/apps/BOOKING-SERVICE/GT0126:booking-service:9004?status=UP&lastDirtyTimestamp=1758717305075
2025-09-24 18:20:35 [DiscoveryClient-HeartbeatExecutor-%d] DEBUG o.s.web.client.RestTemplate - Accept=[application/json, application/*+json]
2025-09-24 18:20:35 [DiscoveryClient-CacheRefreshExecutor-%d] DEBUG o.s.web.client.RestTemplate - Response 200 OK
2025-09-24 18:20:35 [DiscoveryClient-CacheRefreshExecutor-%d] DEBUG o.s.web.client.RestTemplate - Reading to [org.springframework.cloud.netflix.eureka.http.EurekaApplications]
2025-09-24 18:20:35 [DiscoveryClient-HeartbeatExecutor-%d] DEBUG o.s.web.client.RestTemplate - Response 200 OK
2025-09-24 18:21:05 [DiscoveryClient-CacheRefreshExecutor-%d] DEBUG o.s.web.client.RestTemplate - HTTP GET http://localhost:8761/eureka/apps/delta
2025-09-24 18:21:05 [DiscoveryClient-CacheRefreshExecutor-%d] DEBUG o.s.web.client.RestTemplate - Accept=[application/json, application/*+json]
2025-09-24 18:21:06 [DiscoveryClient-CacheRefreshExecutor-%d] DEBUG o.s.web.client.RestTemplate - Response 200 OK
2025-09-24 18:21:06 [DiscoveryClient-CacheRefreshExecutor-%d] DEBUG o.s.web.client.RestTemplate - Reading to [org.springframework.cloud.netflix.eureka.http.EurekaApplications]
2025-09-24 18:21:06 [DiscoveryClient-HeartbeatExecutor-%d] DEBUG o.s.web.client.RestTemplate - HTTP PUT http://localhost:8761/eureka/apps/BOOKING-SERVICE/GT0126:booking-service:9004?status=UP&lastDirtyTimestamp=1758717305075
2025-09-24 18:21:06 [DiscoveryClient-HeartbeatExecutor-%d] DEBUG o.s.web.client.RestTemplate - Accept=[application/json, application/*+json]
2025-09-24 18:21:06 [DiscoveryClient-HeartbeatExecutor-%d] DEBUG o.s.web.client.RestTemplate - Response 200 OK
2025-09-24 18:21:36 [DiscoveryClient-CacheRefreshExecutor-%d] DEBUG o.s.web.client.RestTemplate - HTTP GET http://localhost:8761/eureka/apps/delta
2025-09-24 18:21:36 [DiscoveryClient-CacheRefreshExecutor-%d] DEBUG o.s.web.client.RestTemplate - Accept=[application/json, application/*+json]
2025-09-24 18:21:36 [DiscoveryClient-HeartbeatExecutor-%d] DEBUG o.s.web.client.RestTemplate - HTTP PUT http://localhost:8761/eureka/apps/BOOKING-SERVICE/GT0126:booking-service:9004?status=UP&lastDirtyTimestamp=1758717305075
2025-09-24 18:21:36 [DiscoveryClient-HeartbeatExecutor-%d] DEBUG o.s.web.client.RestTemplate - Accept=[application/json, application/*+json]
2025-09-24 18:21:36 [DiscoveryClient-CacheRefreshExecutor-%d] DEBUG o.s.web.client.RestTemplate - Response 200 OK
2025-09-24 18:21:36 [DiscoveryClient-CacheRefreshExecutor-%d] DEBUG o.s.web.client.RestTemplate - Reading to [org.springframework.cloud.netflix.eureka.http.EurekaApplications]
2025-09-24 18:21:36 [DiscoveryClient-HeartbeatExecutor-%d] DEBUG o.s.web.client.RestTemplate - Response 200 OK
2025-09-24 18:22:06 [DiscoveryClient-CacheRefreshExecutor-%d] DEBUG o.s.web.client.RestTemplate - HTTP GET http://localhost:8761/eureka/apps/delta
2025-09-24 18:22:06 [DiscoveryClient-CacheRefreshExecutor-%d] DEBUG o.s.web.client.RestTemplate - Accept=[application/json, application/*+json]
2025-09-24 18:22:06 [DiscoveryClient-HeartbeatExecutor-%d] DEBUG o.s.web.client.RestTemplate - HTTP PUT http://localhost:8761/eureka/apps/BOOKING-SERVICE/GT0126:booking-service:9004?status=UP&lastDirtyTimestamp=1758717305075
2025-09-24 18:22:06 [DiscoveryClient-HeartbeatExecutor-%d] DEBUG o.s.web.client.RestTemplate - Accept=[application/json, application/*+json]
2025-09-24 18:22:06 [DiscoveryClient-CacheRefreshExecutor-%d] DEBUG o.s.web.client.RestTemplate - Response 200 OK
2025-09-24 18:22:06 [DiscoveryClient-HeartbeatExecutor-%d] DEBUG o.s.web.client.RestTemplate - Response 200 OK
2025-09-24 18:22:06 [DiscoveryClient-CacheRefreshExecutor-%d] DEBUG o.s.web.client.RestTemplate - Reading to [org.springframework.cloud.netflix.eureka.http.EurekaApplications]
2025-09-24 18:22:36 [DiscoveryClient-HeartbeatExecutor-%d] DEBUG o.s.web.client.RestTemplate - HTTP PUT http://localhost:8761/eureka/apps/BOOKING-SERVICE/GT0126:booking-service:9004?status=UP&lastDirtyTimestamp=1758717305075
2025-09-24 18:22:36 [DiscoveryClient-CacheRefreshExecutor-%d] DEBUG o.s.web.client.RestTemplate - HTTP GET http://localhost:8761/eureka/apps/delta
2025-09-24 18:22:36 [DiscoveryClient-CacheRefreshExecutor-%d] DEBUG o.s.web.client.RestTemplate - Accept=[application/json, application/*+json]
2025-09-24 18:22:36 [DiscoveryClient-HeartbeatExecutor-%d] DEBUG o.s.web.client.RestTemplate - Accept=[application/json, application/*+json]
2025-09-24 18:22:36 [DiscoveryClient-CacheRefreshExecutor-%d] DEBUG o.s.web.client.RestTemplate - Response 200 OK
2025-09-24 18:22:36 [DiscoveryClient-HeartbeatExecutor-%d] DEBUG o.s.web.client.RestTemplate - Response 200 OK
2025-09-24 18:22:36 [DiscoveryClient-CacheRefreshExecutor-%d] DEBUG o.s.web.client.RestTemplate - Reading to [org.springframework.cloud.netflix.eureka.http.EurekaApplications]
2025-09-24 18:23:06 [DiscoveryClient-CacheRefreshExecutor-%d] DEBUG o.s.web.client.RestTemplate - HTTP GET http://localhost:8761/eureka/apps/delta
2025-09-24 18:23:06 [DiscoveryClient-HeartbeatExecutor-%d] DEBUG o.s.web.client.RestTemplate - HTTP PUT http://localhost:8761/eureka/apps/BOOKING-SERVICE/GT0126:booking-service:9004?status=UP&lastDirtyTimestamp=1758717305075
2025-09-24 18:23:06 [DiscoveryClient-CacheRefreshExecutor-%d] DEBUG o.s.web.client.RestTemplate - Accept=[application/json, application/*+json]
2025-09-24 18:23:06 [DiscoveryClient-HeartbeatExecutor-%d] DEBUG o.s.web.client.RestTemplate - Accept=[application/json, application/*+json]
2025-09-24 18:23:06 [DiscoveryClient-CacheRefreshExecutor-%d] DEBUG o.s.web.client.RestTemplate - Response 200 OK
2025-09-24 18:23:06 [DiscoveryClient-HeartbeatExecutor-%d] DEBUG o.s.web.client.RestTemplate - Response 200 OK
2025-09-24 18:23:06 [DiscoveryClient-CacheRefreshExecutor-%d] DEBUG o.s.web.client.RestTemplate - Reading to [org.springframework.cloud.netflix.eureka.http.EurekaApplications]
2025-09-24 18:23:36 [DiscoveryClient-HeartbeatExecutor-%d] DEBUG o.s.web.client.RestTemplate - HTTP PUT http://localhost:8761/eureka/apps/BOOKING-SERVICE/GT0126:booking-service:9004?status=UP&lastDirtyTimestamp=1758717305075
2025-09-24 18:23:36 [DiscoveryClient-CacheRefreshExecutor-%d] DEBUG o.s.web.client.RestTemplate - HTTP GET http://localhost:8761/eureka/apps/delta
2025-09-24 18:23:36 [DiscoveryClient-CacheRefreshExecutor-%d] DEBUG o.s.web.client.RestTemplate - Accept=[application/json, application/*+json]
2025-09-24 18:23:36 [DiscoveryClient-HeartbeatExecutor-%d] DEBUG o.s.web.client.RestTemplate - Accept=[application/json, application/*+json]
2025-09-24 18:23:36 [DiscoveryClient-HeartbeatExecutor-%d] DEBUG o.s.web.client.RestTemplate - Response 200 OK
2025-09-24 18:23:36 [DiscoveryClient-CacheRefreshExecutor-%d] DEBUG o.s.web.client.RestTemplate - Response 200 OK
2025-09-24 18:23:36 [DiscoveryClient-CacheRefreshExecutor-%d] DEBUG o.s.web.client.RestTemplate - Reading to [org.springframework.cloud.netflix.eureka.http.EurekaApplications]
2025-09-24 18:24:06 [DiscoveryClient-CacheRefreshExecutor-%d] DEBUG o.s.web.client.RestTemplate - HTTP GET http://localhost:8761/eureka/apps/delta
2025-09-24 18:24:06 [DiscoveryClient-HeartbeatExecutor-%d] DEBUG o.s.web.client.RestTemplate - HTTP PUT http://localhost:8761/eureka/apps/BOOKING-SERVICE/GT0126:booking-service:9004?status=UP&lastDirtyTimestamp=1758717305075
2025-09-24 18:24:06 [DiscoveryClient-HeartbeatExecutor-%d] DEBUG o.s.web.client.RestTemplate - Accept=[application/json, application/*+json]
2025-09-24 18:24:06 [DiscoveryClient-CacheRefreshExecutor-%d] DEBUG o.s.web.client.RestTemplate - Accept=[application/json, application/*+json]
2025-09-24 18:24:06 [DiscoveryClient-HeartbeatExecutor-%d] DEBUG o.s.web.client.RestTemplate - Response 200 OK
2025-09-24 18:24:06 [DiscoveryClient-CacheRefreshExecutor-%d] DEBUG o.s.web.client.RestTemplate - Response 200 OK
2025-09-24 18:24:06 [DiscoveryClient-CacheRefreshExecutor-%d] DEBUG o.s.web.client.RestTemplate - Reading to [org.springframework.cloud.netflix.eureka.http.EurekaApplications]
2025-09-24 18:24:36 [DiscoveryClient-CacheRefreshExecutor-%d] DEBUG o.s.web.client.RestTemplate - HTTP GET http://localhost:8761/eureka/apps/delta
2025-09-24 18:24:36 [DiscoveryClient-HeartbeatExecutor-%d] DEBUG o.s.web.client.RestTemplate - HTTP PUT http://localhost:8761/eureka/apps/BOOKING-SERVICE/GT0126:booking-service:9004?status=UP&lastDirtyTimestamp=1758717305075
2025-09-24 18:24:36 [DiscoveryClient-HeartbeatExecutor-%d] DEBUG o.s.web.client.RestTemplate - Accept=[application/json, application/*+json]
2025-09-24 18:24:36 [DiscoveryClient-CacheRefreshExecutor-%d] DEBUG o.s.web.client.RestTemplate - Accept=[application/json, application/*+json]
2025-09-24 18:24:36 [DiscoveryClient-CacheRefreshExecutor-%d] DEBUG o.s.web.client.RestTemplate - Response 200 OK
2025-09-24 18:24:36 [DiscoveryClient-CacheRefreshExecutor-%d] DEBUG o.s.web.client.RestTemplate - Reading to [org.springframework.cloud.netflix.eureka.http.EurekaApplications]
2025-09-24 18:24:36 [DiscoveryClient-HeartbeatExecutor-%d] DEBUG o.s.web.client.RestTemplate - Response 200 OK
2025-09-24 18:25:04 [AsyncResolver-bootstrap-executor-%d] INFO  c.n.d.s.r.aws.ConfigClusterResolver - Resolving eureka endpoints via configuration
2025-09-24 18:25:06 [DiscoveryClient-CacheRefreshExecutor-%d] DEBUG o.s.web.client.RestTemplate - HTTP GET http://localhost:8761/eureka/apps/delta
2025-09-24 18:25:06 [DiscoveryClient-HeartbeatExecutor-%d] DEBUG o.s.web.client.RestTemplate - HTTP PUT http://localhost:8761/eureka/apps/BOOKING-SERVICE/GT0126:booking-service:9004?status=UP&lastDirtyTimestamp=1758717305075
2025-09-24 18:25:06 [DiscoveryClient-CacheRefreshExecutor-%d] DEBUG o.s.web.client.RestTemplate - Accept=[application/json, application/*+json]
2025-09-24 18:25:06 [DiscoveryClient-HeartbeatExecutor-%d] DEBUG o.s.web.client.RestTemplate - Accept=[application/json, application/*+json]
2025-09-24 18:25:06 [DiscoveryClient-CacheRefreshExecutor-%d] DEBUG o.s.web.client.RestTemplate - Response 200 OK
2025-09-24 18:25:06 [DiscoveryClient-CacheRefreshExecutor-%d] DEBUG o.s.web.client.RestTemplate - Reading to [org.springframework.cloud.netflix.eureka.http.EurekaApplications]
2025-09-24 18:25:06 [DiscoveryClient-CacheRefreshExecutor-%d] DEBUG o.s.web.client.RestTemplate - HTTP GET http://localhost:8761/eureka/apps/
2025-09-24 18:25:06 [DiscoveryClient-CacheRefreshExecutor-%d] DEBUG o.s.web.client.RestTemplate - Accept=[application/json, application/*+json]
2025-09-24 18:25:06 [DiscoveryClient-CacheRefreshExecutor-%d] DEBUG o.s.web.client.RestTemplate - Response 200 OK
2025-09-24 18:25:06 [DiscoveryClient-CacheRefreshExecutor-%d] DEBUG o.s.web.client.RestTemplate - Reading to [org.springframework.cloud.netflix.eureka.http.EurekaApplications]
2025-09-24 18:25:06 [DiscoveryClient-HeartbeatExecutor-%d] DEBUG o.s.web.client.RestTemplate - Response 404 NOT_FOUND
2025-09-24 18:25:06 [DiscoveryClient-HeartbeatExecutor-%d] INFO  c.netflix.discovery.DiscoveryClient - DiscoveryClient_BOOKING-SERVICE/GT0126:booking-service:9004 - Re-registering apps/BOOKING-SERVICE
2025-09-24 18:25:06 [DiscoveryClient-HeartbeatExecutor-%d] INFO  c.netflix.discovery.DiscoveryClient - DiscoveryClient_BOOKING-SERVICE/GT0126:booking-service:9004: registering service...
2025-09-24 18:25:06 [DiscoveryClient-HeartbeatExecutor-%d] DEBUG o.s.web.client.RestTemplate - HTTP POST http://localhost:8761/eureka/apps/BOOKING-SERVICE
2025-09-24 18:25:06 [DiscoveryClient-HeartbeatExecutor-%d] DEBUG o.s.web.client.RestTemplate - Accept=[application/json, application/*+json]
2025-09-24 18:25:06 [DiscoveryClient-HeartbeatExecutor-%d] DEBUG o.s.web.client.RestTemplate - Writing [InstanceInfo [instanceId = GT0126:booking-service:9004, appName = BOOKING-SERVICE, hostName = GT0126, status = UP, ipAddr = 172.16.2.155, port = 9004, securePort = 443, dataCenterInfo = com.netflix.appinfo.MyDataCenterInfo@3b729e06] as "application/json"
2025-09-24 18:25:06 [DiscoveryClient-HeartbeatExecutor-%d] DEBUG o.s.web.client.RestTemplate - Response 204 NO_CONTENT
2025-09-24 18:25:06 [DiscoveryClient-HeartbeatExecutor-%d] INFO  c.netflix.discovery.DiscoveryClient - DiscoveryClient_BOOKING-SERVICE/GT0126:booking-service:9004 - registration status: 204
2025-09-24 18:25:36 [DiscoveryClient-CacheRefreshExecutor-%d] DEBUG o.s.web.client.RestTemplate - HTTP GET http://localhost:8761/eureka/apps/delta
2025-09-24 18:25:36 [DiscoveryClient-CacheRefreshExecutor-%d] DEBUG o.s.web.client.RestTemplate - Accept=[application/json, application/*+json]
2025-09-24 18:25:36 [DiscoveryClient-CacheRefreshExecutor-%d] DEBUG o.s.web.client.RestTemplate - Response 200 OK
2025-09-24 18:25:36 [DiscoveryClient-CacheRefreshExecutor-%d] DEBUG o.s.web.client.RestTemplate - Reading to [org.springframework.cloud.netflix.eureka.http.EurekaApplications]
2025-09-24 18:25:36 [DiscoveryClient-HeartbeatExecutor-%d] DEBUG o.s.web.client.RestTemplate - HTTP PUT http://localhost:8761/eureka/apps/BOOKING-SERVICE/GT0126:booking-service:9004?status=UP&lastDirtyTimestamp=1758718506420
2025-09-24 18:25:36 [DiscoveryClient-HeartbeatExecutor-%d] DEBUG o.s.web.client.RestTemplate - Accept=[application/json, application/*+json]
2025-09-24 18:25:36 [DiscoveryClient-HeartbeatExecutor-%d] DEBUG o.s.web.client.RestTemplate - Response 200 OK
2025-09-24 18:26:06 [DiscoveryClient-CacheRefreshExecutor-%d] DEBUG o.s.web.client.RestTemplate - HTTP GET http://localhost:8761/eureka/apps/delta
2025-09-24 18:26:06 [DiscoveryClient-CacheRefreshExecutor-%d] DEBUG o.s.web.client.RestTemplate - Accept=[application/json, application/*+json]
2025-09-24 18:26:06 [DiscoveryClient-CacheRefreshExecutor-%d] DEBUG o.s.web.client.RestTemplate - Response 200 OK
2025-09-24 18:26:06 [DiscoveryClient-CacheRefreshExecutor-%d] DEBUG o.s.web.client.RestTemplate - Reading to [org.springframework.cloud.netflix.eureka.http.EurekaApplications]
2025-09-24 18:26:06 [DiscoveryClient-HeartbeatExecutor-%d] DEBUG o.s.web.client.RestTemplate - HTTP PUT http://localhost:8761/eureka/apps/BOOKING-SERVICE/GT0126:booking-service:9004?status=UP&lastDirtyTimestamp=1758718506420
2025-09-24 18:26:06 [DiscoveryClient-HeartbeatExecutor-%d] DEBUG o.s.web.client.RestTemplate - Accept=[application/json, application/*+json]
2025-09-24 18:26:06 [DiscoveryClient-HeartbeatExecutor-%d] DEBUG o.s.web.client.RestTemplate - Response 200 OK
2025-09-24 18:26:36 [DiscoveryClient-CacheRefreshExecutor-%d] DEBUG o.s.web.client.RestTemplate - HTTP GET http://localhost:8761/eureka/apps/delta
2025-09-24 18:26:36 [DiscoveryClient-CacheRefreshExecutor-%d] DEBUG o.s.web.client.RestTemplate - Accept=[application/json, application/*+json]
2025-09-24 18:26:36 [DiscoveryClient-CacheRefreshExecutor-%d] DEBUG o.s.web.client.RestTemplate - Response 200 OK
2025-09-24 18:26:36 [DiscoveryClient-CacheRefreshExecutor-%d] DEBUG o.s.web.client.RestTemplate - Reading to [org.springframework.cloud.netflix.eureka.http.EurekaApplications]
2025-09-24 18:26:36 [DiscoveryClient-HeartbeatExecutor-%d] DEBUG o.s.web.client.RestTemplate - HTTP PUT http://localhost:8761/eureka/apps/BOOKING-SERVICE/GT0126:booking-service:9004?status=UP&lastDirtyTimestamp=1758718506420
2025-09-24 18:26:36 [DiscoveryClient-HeartbeatExecutor-%d] DEBUG o.s.web.client.RestTemplate - Accept=[application/json, application/*+json]
2025-09-24 18:26:36 [DiscoveryClient-HeartbeatExecutor-%d] DEBUG o.s.web.client.RestTemplate - Response 200 OK
2025-09-24 18:27:06 [DiscoveryClient-CacheRefreshExecutor-%d] DEBUG o.s.web.client.RestTemplate - HTTP GET http://localhost:8761/eureka/apps/delta
2025-09-24 18:27:06 [DiscoveryClient-CacheRefreshExecutor-%d] DEBUG o.s.web.client.RestTemplate - Accept=[application/json, application/*+json]
2025-09-24 18:27:06 [DiscoveryClient-CacheRefreshExecutor-%d] DEBUG o.s.web.client.RestTemplate - Response 200 OK
2025-09-24 18:27:06 [DiscoveryClient-CacheRefreshExecutor-%d] DEBUG o.s.web.client.RestTemplate - Reading to [org.springframework.cloud.netflix.eureka.http.EurekaApplications]
2025-09-24 18:27:06 [DiscoveryClient-HeartbeatExecutor-%d] DEBUG o.s.web.client.RestTemplate - HTTP PUT http://localhost:8761/eureka/apps/BOOKING-SERVICE/GT0126:booking-service:9004?status=UP&lastDirtyTimestamp=1758718506420
2025-09-24 18:27:06 [DiscoveryClient-HeartbeatExecutor-%d] DEBUG o.s.web.client.RestTemplate - Accept=[application/json, application/*+json]
2025-09-24 18:27:06 [DiscoveryClient-HeartbeatExecutor-%d] DEBUG o.s.web.client.RestTemplate - Response 200 OK
2025-09-24 18:27:36 [DiscoveryClient-CacheRefreshExecutor-%d] DEBUG o.s.web.client.RestTemplate - HTTP GET http://localhost:8761/eureka/apps/delta
2025-09-24 18:27:36 [DiscoveryClient-CacheRefreshExecutor-%d] DEBUG o.s.web.client.RestTemplate - Accept=[application/json, application/*+json]
2025-09-24 18:27:36 [DiscoveryClient-CacheRefreshExecutor-%d] DEBUG o.s.web.client.RestTemplate - Response 200 OK
2025-09-24 18:27:36 [DiscoveryClient-CacheRefreshExecutor-%d] DEBUG o.s.web.client.RestTemplate - Reading to [org.springframework.cloud.netflix.eureka.http.EurekaApplications]
2025-09-24 18:27:36 [DiscoveryClient-HeartbeatExecutor-%d] DEBUG o.s.web.client.RestTemplate - HTTP PUT http://localhost:8761/eureka/apps/BOOKING-SERVICE/GT0126:booking-service:9004?status=UP&lastDirtyTimestamp=1758718506420
2025-09-24 18:27:36 [DiscoveryClient-HeartbeatExecutor-%d] DEBUG o.s.web.client.RestTemplate - Accept=[application/json, application/*+json]
2025-09-24 18:27:36 [DiscoveryClient-HeartbeatExecutor-%d] DEBUG o.s.web.client.RestTemplate - Response 200 OK
2025-09-24 18:28:06 [DiscoveryClient-CacheRefreshExecutor-%d] DEBUG o.s.web.client.RestTemplate - HTTP GET http://localhost:8761/eureka/apps/delta
2025-09-24 18:28:06 [DiscoveryClient-CacheRefreshExecutor-%d] DEBUG o.s.web.client.RestTemplate - Accept=[application/json, application/*+json]
2025-09-24 18:28:06 [DiscoveryClient-CacheRefreshExecutor-%d] DEBUG o.s.web.client.RestTemplate - Response 200 OK
2025-09-24 18:28:06 [DiscoveryClient-CacheRefreshExecutor-%d] DEBUG o.s.web.client.RestTemplate - Reading to [org.springframework.cloud.netflix.eureka.http.EurekaApplications]
2025-09-24 18:28:06 [DiscoveryClient-HeartbeatExecutor-%d] DEBUG o.s.web.client.RestTemplate - HTTP PUT http://localhost:8761/eureka/apps/BOOKING-SERVICE/GT0126:booking-service:9004?status=UP&lastDirtyTimestamp=1758718506420
2025-09-24 18:28:06 [DiscoveryClient-HeartbeatExecutor-%d] DEBUG o.s.web.client.RestTemplate - Accept=[application/json, application/*+json]
2025-09-24 18:28:07 [DiscoveryClient-HeartbeatExecutor-%d] DEBUG o.s.web.client.RestTemplate - Response 200 OK
2025-09-24 18:28:36 [DiscoveryClient-CacheRefreshExecutor-%d] DEBUG o.s.web.client.RestTemplate - HTTP GET http://localhost:8761/eureka/apps/delta
2025-09-24 18:28:36 [DiscoveryClient-CacheRefreshExecutor-%d] DEBUG o.s.web.client.RestTemplate - Accept=[application/json, application/*+json]
2025-09-24 18:28:36 [DiscoveryClient-CacheRefreshExecutor-%d] DEBUG o.s.web.client.RestTemplate - Response 200 OK
2025-09-24 18:28:36 [DiscoveryClient-CacheRefreshExecutor-%d] DEBUG o.s.web.client.RestTemplate - Reading to [org.springframework.cloud.netflix.eureka.http.EurekaApplications]
2025-09-24 18:28:37 [DiscoveryClient-HeartbeatExecutor-%d] DEBUG o.s.web.client.RestTemplate - HTTP PUT http://localhost:8761/eureka/apps/BOOKING-SERVICE/GT0126:booking-service:9004?status=UP&lastDirtyTimestamp=1758718506420
2025-09-24 18:28:37 [DiscoveryClient-HeartbeatExecutor-%d] DEBUG o.s.web.client.RestTemplate - Accept=[application/json, application/*+json]
2025-09-24 18:28:37 [DiscoveryClient-HeartbeatExecutor-%d] DEBUG o.s.web.client.RestTemplate - Response 200 OK
2025-09-24 18:29:06 [DiscoveryClient-CacheRefreshExecutor-%d] DEBUG o.s.web.client.RestTemplate - HTTP GET http://localhost:8761/eureka/apps/delta
2025-09-24 18:29:06 [DiscoveryClient-CacheRefreshExecutor-%d] DEBUG o.s.web.client.RestTemplate - Accept=[application/json, application/*+json]
2025-09-24 18:29:06 [DiscoveryClient-CacheRefreshExecutor-%d] DEBUG o.s.web.client.RestTemplate - Response 200 OK
2025-09-24 18:29:06 [DiscoveryClient-CacheRefreshExecutor-%d] DEBUG o.s.web.client.RestTemplate - Reading to [org.springframework.cloud.netflix.eureka.http.EurekaApplications]
2025-09-24 18:29:07 [DiscoveryClient-HeartbeatExecutor-%d] DEBUG o.s.web.client.RestTemplate - HTTP PUT http://localhost:8761/eureka/apps/BOOKING-SERVICE/GT0126:booking-service:9004?status=UP&lastDirtyTimestamp=1758718506420
2025-09-24 18:29:07 [DiscoveryClient-HeartbeatExecutor-%d] DEBUG o.s.web.client.RestTemplate - Accept=[application/json, application/*+json]
2025-09-24 18:29:07 [DiscoveryClient-HeartbeatExecutor-%d] DEBUG o.s.web.client.RestTemplate - Response 200 OK
2025-09-24 18:29:36 [DiscoveryClient-CacheRefreshExecutor-%d] DEBUG o.s.web.client.RestTemplate - HTTP GET http://localhost:8761/eureka/apps/delta
2025-09-24 18:29:36 [DiscoveryClient-CacheRefreshExecutor-%d] DEBUG o.s.web.client.RestTemplate - Accept=[application/json, application/*+json]
2025-09-24 18:29:36 [DiscoveryClient-CacheRefreshExecutor-%d] DEBUG o.s.web.client.RestTemplate - Response 200 OK
2025-09-24 18:29:36 [DiscoveryClient-CacheRefreshExecutor-%d] DEBUG o.s.web.client.RestTemplate - Reading to [org.springframework.cloud.netflix.eureka.http.EurekaApplications]
2025-09-24 18:29:37 [DiscoveryClient-HeartbeatExecutor-%d] DEBUG o.s.web.client.RestTemplate - HTTP PUT http://localhost:8761/eureka/apps/BOOKING-SERVICE/GT0126:booking-service:9004?status=UP&lastDirtyTimestamp=1758718506420
2025-09-24 18:29:37 [DiscoveryClient-HeartbeatExecutor-%d] DEBUG o.s.web.client.RestTemplate - Accept=[application/json, application/*+json]
2025-09-24 18:29:37 [DiscoveryClient-HeartbeatExecutor-%d] DEBUG o.s.web.client.RestTemplate - Response 200 OK
2025-09-24 18:30:04 [AsyncResolver-bootstrap-executor-%d] INFO  c.n.d.s.r.aws.ConfigClusterResolver - Resolving eureka endpoints via configuration
2025-09-24 18:30:06 [DiscoveryClient-CacheRefreshExecutor-%d] DEBUG o.s.web.client.RestTemplate - HTTP GET http://localhost:8761/eureka/apps/delta
2025-09-24 18:30:06 [DiscoveryClient-CacheRefreshExecutor-%d] DEBUG o.s.web.client.RestTemplate - Accept=[application/json, application/*+json]
2025-09-24 18:30:06 [DiscoveryClient-CacheRefreshExecutor-%d] DEBUG o.s.web.client.RestTemplate - Response 200 OK
2025-09-24 18:30:06 [DiscoveryClient-CacheRefreshExecutor-%d] DEBUG o.s.web.client.RestTemplate - Reading to [org.springframework.cloud.netflix.eureka.http.EurekaApplications]
2025-09-24 18:30:07 [DiscoveryClient-HeartbeatExecutor-%d] DEBUG o.s.web.client.RestTemplate - HTTP PUT http://localhost:8761/eureka/apps/BOOKING-SERVICE/GT0126:booking-service:9004?status=UP&lastDirtyTimestamp=1758718506420
2025-09-24 18:30:07 [DiscoveryClient-HeartbeatExecutor-%d] DEBUG o.s.web.client.RestTemplate - Accept=[application/json, application/*+json]
2025-09-24 18:30:07 [DiscoveryClient-HeartbeatExecutor-%d] DEBUG o.s.web.client.RestTemplate - Response 200 OK
2025-09-24 18:30:36 [DiscoveryClient-CacheRefreshExecutor-%d] DEBUG o.s.web.client.RestTemplate - HTTP GET http://localhost:8761/eureka/apps/delta
2025-09-24 18:30:36 [DiscoveryClient-CacheRefreshExecutor-%d] DEBUG o.s.web.client.RestTemplate - Accept=[application/json, application/*+json]
2025-09-24 18:30:36 [DiscoveryClient-CacheRefreshExecutor-%d] DEBUG o.s.web.client.RestTemplate - Response 200 OK
2025-09-24 18:30:36 [DiscoveryClient-CacheRefreshExecutor-%d] DEBUG o.s.web.client.RestTemplate - Reading to [org.springframework.cloud.netflix.eureka.http.EurekaApplications]
2025-09-24 18:30:37 [DiscoveryClient-HeartbeatExecutor-%d] DEBUG o.s.web.client.RestTemplate - HTTP PUT http://localhost:8761/eureka/apps/BOOKING-SERVICE/GT0126:booking-service:9004?status=UP&lastDirtyTimestamp=1758718506420
2025-09-24 18:30:37 [DiscoveryClient-HeartbeatExecutor-%d] DEBUG o.s.web.client.RestTemplate - Accept=[application/json, application/*+json]
2025-09-24 18:30:37 [DiscoveryClient-HeartbeatExecutor-%d] DEBUG o.s.web.client.RestTemplate - Response 200 OK
2025-09-24 18:31:06 [DiscoveryClient-CacheRefreshExecutor-%d] DEBUG o.s.web.client.RestTemplate - HTTP GET http://localhost:8761/eureka/apps/delta
2025-09-24 18:31:06 [DiscoveryClient-CacheRefreshExecutor-%d] DEBUG o.s.web.client.RestTemplate - Accept=[application/json, application/*+json]
2025-09-24 18:31:06 [DiscoveryClient-CacheRefreshExecutor-%d] DEBUG o.s.web.client.RestTemplate - Response 200 OK
2025-09-24 18:31:06 [DiscoveryClient-CacheRefreshExecutor-%d] DEBUG o.s.web.client.RestTemplate - Reading to [org.springframework.cloud.netflix.eureka.http.EurekaApplications]
2025-09-24 18:31:07 [DiscoveryClient-HeartbeatExecutor-%d] DEBUG o.s.web.client.RestTemplate - HTTP PUT http://localhost:8761/eureka/apps/BOOKING-SERVICE/GT0126:booking-service:9004?status=UP&lastDirtyTimestamp=1758718506420
2025-09-24 18:31:07 [DiscoveryClient-HeartbeatExecutor-%d] DEBUG o.s.web.client.RestTemplate - Accept=[application/json, application/*+json]
2025-09-24 18:31:07 [DiscoveryClient-HeartbeatExecutor-%d] DEBUG o.s.web.client.RestTemplate - Response 200 OK
2025-09-24 18:31:16 [SpringApplicationShutdownHook] INFO  o.s.c.n.e.s.EurekaServiceRegistry - Unregistering application BOOKING-SERVICE with eureka with status DOWN
2025-09-24 18:31:16 [SpringApplicationShutdownHook] INFO  c.netflix.discovery.DiscoveryClient - Saw local status change event StatusChangeEvent [timestamp=1758718876902, current=DOWN, previous=UP]
2025-09-24 18:31:16 [DiscoveryClient-InstanceInfoReplicator-%d] INFO  c.netflix.discovery.DiscoveryClient - DiscoveryClient_BOOKING-SERVICE/GT0126:booking-service:9004: registering service...
2025-09-24 18:31:16 [DiscoveryClient-InstanceInfoReplicator-%d] DEBUG o.s.web.client.RestTemplate - HTTP POST http://localhost:8761/eureka/apps/BOOKING-SERVICE
2025-09-24 18:31:16 [DiscoveryClient-InstanceInfoReplicator-%d] DEBUG o.s.web.client.RestTemplate - Accept=[application/json, application/*+json]
2025-09-24 18:31:16 [DiscoveryClient-InstanceInfoReplicator-%d] DEBUG o.s.web.client.RestTemplate - Writing [InstanceInfo [instanceId = GT0126:booking-service:9004, appName = BOOKING-SERVICE, hostName = GT0126, status = DOWN, ipAddr = 172.16.2.155, port = 9004, securePort = 443, dataCenterInfo = com.netflix.appinfo.MyDataCenterInfo@3b729e06] as "application/json"
2025-09-24 18:31:16 [DiscoveryClient-InstanceInfoReplicator-%d] DEBUG o.s.web.client.RestTemplate - Response 204 NO_CONTENT
2025-09-24 18:31:16 [DiscoveryClient-InstanceInfoReplicator-%d] INFO  c.netflix.discovery.DiscoveryClient - DiscoveryClient_BOOKING-SERVICE/GT0126:booking-service:9004 - registration status: 204
2025-09-24 18:31:17 [SpringApplicationShutdownHook] INFO  o.s.b.w.e.tomcat.GracefulShutdown - Commencing graceful shutdown. Waiting for active requests to complete
2025-09-24 18:31:17 [tomcat-shutdown] INFO  o.s.b.w.e.tomcat.GracefulShutdown - Graceful shutdown complete
2025-09-24 18:31:17 [SpringApplicationShutdownHook] INFO  o.s.o.j.LocalContainerEntityManagerFactoryBean - Closing JPA EntityManagerFactory for persistence unit 'default'
2025-09-24 18:31:17 [SpringApplicationShutdownHook] INFO  com.zaxxer.hikari.HikariDataSource - HikariPool-1 - Shutdown initiated...
2025-09-24 18:31:17 [SpringApplicationShutdownHook] INFO  com.zaxxer.hikari.HikariDataSource - HikariPool-1 - Shutdown completed.
2025-09-24 18:31:17 [SpringApplicationShutdownHook] INFO  c.netflix.discovery.DiscoveryClient - Shutting down DiscoveryClient ...
2025-09-24 18:31:20 [SpringApplicationShutdownHook] INFO  c.netflix.discovery.DiscoveryClient - Unregistering ...
2025-09-24 18:31:20 [SpringApplicationShutdownHook] DEBUG o.s.web.client.RestTemplate - HTTP DELETE http://localhost:8761/eureka/apps/BOOKING-SERVICE/GT0126:booking-service:9004
2025-09-24 18:31:20 [SpringApplicationShutdownHook] DEBUG o.s.web.client.RestTemplate - Accept=[application/json, application/*+json]
2025-09-24 18:31:20 [SpringApplicationShutdownHook] DEBUG o.s.web.client.RestTemplate - Response 200 OK
2025-09-24 18:31:20 [SpringApplicationShutdownHook] INFO  c.netflix.discovery.DiscoveryClient - DiscoveryClient_BOOKING-SERVICE/GT0126:booking-service:9004 - deregister  status: 200
2025-09-24 18:31:20 [SpringApplicationShutdownHook] INFO  c.netflix.discovery.DiscoveryClient - Completed shut down of DiscoveryClient
