2025-09-25 11:00:02 [HikariPool-1:housekeeper] WARN  com.zaxxer.hikari.pool.HikariPool - HikariPool-1 - Thread starvation or clock leap detected (housekeeper delta=13h24m12s716ms777µs700ns).
2025-09-25 11:00:08 [DiscoveryClient-HeartbeatExecutor-%d] DEBUG o.s.web.client.RestTemplate - HTTP PUT http://localhost:8761/eureka/apps/ROOM-SERVICE/GT0126:room-service:9003?status=UP&lastDirtyTimestamp=1758718826120
2025-09-25 11:00:08 [DiscoveryClient-CacheRefreshExecutor-%d] DEBUG o.s.web.client.RestTemplate - HTTP GET http://localhost:8761/eureka/apps/delta
2025-09-25 11:00:08 [DiscoveryClient-HeartbeatExecutor-%d] DEBUG o.s.web.client.RestTemplate - Accept=[application/json, application/*+json]
2025-09-25 11:00:08 [DiscoveryClient-HeartbeatExecutor-%d] DEBUG o.s.web.client.RestTemplate - Response 200 OK
2025-09-25 11:00:08 [DiscoveryClient-CacheRefreshExecutor-%d] DEBUG o.s.web.client.RestTemplate - Accept=[application/json, application/*+json]
2025-09-25 11:00:08 [DiscoveryClient-CacheRefreshExecutor-%d] DEBUG o.s.web.client.RestTemplate - Response 200 OK
2025-09-25 11:00:08 [DiscoveryClient-CacheRefreshExecutor-%d] DEBUG o.s.web.client.RestTemplate - Reading to [org.springframework.cloud.netflix.eureka.http.EurekaApplications]
2025-09-25 11:00:38 [DiscoveryClient-HeartbeatExecutor-%d] DEBUG o.s.web.client.RestTemplate - HTTP PUT http://localhost:8761/eureka/apps/ROOM-SERVICE/GT0126:room-service:9003?status=UP&lastDirtyTimestamp=1758718826120
2025-09-25 11:00:38 [DiscoveryClient-HeartbeatExecutor-%d] DEBUG o.s.web.client.RestTemplate - Accept=[application/json, application/*+json]
2025-09-25 11:00:38 [DiscoveryClient-HeartbeatExecutor-%d] DEBUG o.s.web.client.RestTemplate - Response 200 OK
2025-09-25 11:00:38 [DiscoveryClient-CacheRefreshExecutor-%d] DEBUG o.s.web.client.RestTemplate - HTTP GET http://localhost:8761/eureka/apps/delta
2025-09-25 11:00:38 [DiscoveryClient-CacheRefreshExecutor-%d] DEBUG o.s.web.client.RestTemplate - Accept=[application/json, application/*+json]
2025-09-25 11:00:38 [DiscoveryClient-CacheRefreshExecutor-%d] DEBUG o.s.web.client.RestTemplate - Response 200 OK
2025-09-25 11:00:38 [DiscoveryClient-CacheRefreshExecutor-%d] DEBUG o.s.web.client.RestTemplate - Reading to [org.springframework.cloud.netflix.eureka.http.EurekaApplications]
2025-09-25 11:01:08 [DiscoveryClient-HeartbeatExecutor-%d] DEBUG o.s.web.client.RestTemplate - HTTP PUT http://localhost:8761/eureka/apps/ROOM-SERVICE/GT0126:room-service:9003?status=UP&lastDirtyTimestamp=1758718826120
2025-09-25 11:01:08 [DiscoveryClient-HeartbeatExecutor-%d] DEBUG o.s.web.client.RestTemplate - Accept=[application/json, application/*+json]
2025-09-25 11:01:08 [DiscoveryClient-HeartbeatExecutor-%d] DEBUG o.s.web.client.RestTemplate - Response 200 OK
2025-09-25 11:01:08 [DiscoveryClient-CacheRefreshExecutor-%d] DEBUG o.s.web.client.RestTemplate - HTTP GET http://localhost:8761/eureka/apps/delta
2025-09-25 11:01:08 [DiscoveryClient-CacheRefreshExecutor-%d] DEBUG o.s.web.client.RestTemplate - Accept=[application/json, application/*+json]
2025-09-25 11:01:09 [DiscoveryClient-CacheRefreshExecutor-%d] DEBUG o.s.web.client.RestTemplate - Response 200 OK
2025-09-25 11:01:09 [DiscoveryClient-CacheRefreshExecutor-%d] DEBUG o.s.web.client.RestTemplate - Reading to [org.springframework.cloud.netflix.eureka.http.EurekaApplications]
2025-09-25 11:01:38 [DiscoveryClient-HeartbeatExecutor-%d] DEBUG o.s.web.client.RestTemplate - HTTP PUT http://localhost:8761/eureka/apps/ROOM-SERVICE/GT0126:room-service:9003?status=UP&lastDirtyTimestamp=1758718826120
2025-09-25 11:01:38 [DiscoveryClient-HeartbeatExecutor-%d] DEBUG o.s.web.client.RestTemplate - Accept=[application/json, application/*+json]
2025-09-25 11:01:38 [DiscoveryClient-HeartbeatExecutor-%d] DEBUG o.s.web.client.RestTemplate - Response 200 OK
2025-09-25 11:01:39 [DiscoveryClient-CacheRefreshExecutor-%d] DEBUG o.s.web.client.RestTemplate - HTTP GET http://localhost:8761/eureka/apps/delta
2025-09-25 11:01:39 [DiscoveryClient-CacheRefreshExecutor-%d] DEBUG o.s.web.client.RestTemplate - Accept=[application/json, application/*+json]
2025-09-25 11:01:39 [DiscoveryClient-CacheRefreshExecutor-%d] DEBUG o.s.web.client.RestTemplate - Response 200 OK
2025-09-25 11:01:39 [DiscoveryClient-CacheRefreshExecutor-%d] DEBUG o.s.web.client.RestTemplate - Reading to [org.springframework.cloud.netflix.eureka.http.EurekaApplications]
2025-09-25 11:02:08 [DiscoveryClient-HeartbeatExecutor-%d] DEBUG o.s.web.client.RestTemplate - HTTP PUT http://localhost:8761/eureka/apps/ROOM-SERVICE/GT0126:room-service:9003?status=UP&lastDirtyTimestamp=1758718826120
2025-09-25 11:02:08 [DiscoveryClient-HeartbeatExecutor-%d] DEBUG o.s.web.client.RestTemplate - Accept=[application/json, application/*+json]
2025-09-25 11:02:08 [DiscoveryClient-HeartbeatExecutor-%d] DEBUG o.s.web.client.RestTemplate - Response 200 OK
2025-09-25 11:02:09 [DiscoveryClient-CacheRefreshExecutor-%d] DEBUG o.s.web.client.RestTemplate - HTTP GET http://localhost:8761/eureka/apps/delta
2025-09-25 11:02:09 [DiscoveryClient-CacheRefreshExecutor-%d] DEBUG o.s.web.client.RestTemplate - Accept=[application/json, application/*+json]
2025-09-25 11:02:09 [DiscoveryClient-CacheRefreshExecutor-%d] DEBUG o.s.web.client.RestTemplate - Response 200 OK
2025-09-25 11:02:09 [DiscoveryClient-CacheRefreshExecutor-%d] DEBUG o.s.web.client.RestTemplate - Reading to [org.springframework.cloud.netflix.eureka.http.EurekaApplications]
2025-09-25 11:02:38 [DiscoveryClient-HeartbeatExecutor-%d] DEBUG o.s.web.client.RestTemplate - HTTP PUT http://localhost:8761/eureka/apps/ROOM-SERVICE/GT0126:room-service:9003?status=UP&lastDirtyTimestamp=1758718826120
2025-09-25 11:02:38 [DiscoveryClient-HeartbeatExecutor-%d] DEBUG o.s.web.client.RestTemplate - Accept=[application/json, application/*+json]
2025-09-25 11:02:38 [DiscoveryClient-HeartbeatExecutor-%d] DEBUG o.s.web.client.RestTemplate - Response 200 OK
2025-09-25 11:02:39 [DiscoveryClient-CacheRefreshExecutor-%d] DEBUG o.s.web.client.RestTemplate - HTTP GET http://localhost:8761/eureka/apps/delta
2025-09-25 11:02:39 [DiscoveryClient-CacheRefreshExecutor-%d] DEBUG o.s.web.client.RestTemplate - Accept=[application/json, application/*+json]
2025-09-25 11:02:39 [DiscoveryClient-CacheRefreshExecutor-%d] DEBUG o.s.web.client.RestTemplate - Response 200 OK
2025-09-25 11:02:39 [DiscoveryClient-CacheRefreshExecutor-%d] DEBUG o.s.web.client.RestTemplate - Reading to [org.springframework.cloud.netflix.eureka.http.EurekaApplications]
2025-09-25 11:03:08 [DiscoveryClient-HeartbeatExecutor-%d] DEBUG o.s.web.client.RestTemplate - HTTP PUT http://localhost:8761/eureka/apps/ROOM-SERVICE/GT0126:room-service:9003?status=UP&lastDirtyTimestamp=1758718826120
2025-09-25 11:03:08 [DiscoveryClient-HeartbeatExecutor-%d] DEBUG o.s.web.client.RestTemplate - Accept=[application/json, application/*+json]
2025-09-25 11:03:08 [DiscoveryClient-HeartbeatExecutor-%d] DEBUG o.s.web.client.RestTemplate - Response 200 OK
2025-09-25 11:03:09 [DiscoveryClient-CacheRefreshExecutor-%d] DEBUG o.s.web.client.RestTemplate - HTTP GET http://localhost:8761/eureka/apps/delta
2025-09-25 11:03:09 [DiscoveryClient-CacheRefreshExecutor-%d] DEBUG o.s.web.client.RestTemplate - Accept=[application/json, application/*+json]
2025-09-25 11:03:09 [DiscoveryClient-CacheRefreshExecutor-%d] DEBUG o.s.web.client.RestTemplate - Response 200 OK
2025-09-25 11:03:09 [DiscoveryClient-CacheRefreshExecutor-%d] DEBUG o.s.web.client.RestTemplate - Reading to [org.springframework.cloud.netflix.eureka.http.EurekaApplications]
2025-09-25 11:03:38 [DiscoveryClient-HeartbeatExecutor-%d] DEBUG o.s.web.client.RestTemplate - HTTP PUT http://localhost:8761/eureka/apps/ROOM-SERVICE/GT0126:room-service:9003?status=UP&lastDirtyTimestamp=1758718826120
2025-09-25 11:03:38 [DiscoveryClient-HeartbeatExecutor-%d] DEBUG o.s.web.client.RestTemplate - Accept=[application/json, application/*+json]
2025-09-25 11:03:38 [DiscoveryClient-HeartbeatExecutor-%d] DEBUG o.s.web.client.RestTemplate - Response 200 OK
2025-09-25 11:03:39 [DiscoveryClient-CacheRefreshExecutor-%d] DEBUG o.s.web.client.RestTemplate - HTTP GET http://localhost:8761/eureka/apps/delta
2025-09-25 11:03:39 [DiscoveryClient-CacheRefreshExecutor-%d] DEBUG o.s.web.client.RestTemplate - Accept=[application/json, application/*+json]
2025-09-25 11:03:39 [DiscoveryClient-CacheRefreshExecutor-%d] DEBUG o.s.web.client.RestTemplate - Response 200 OK
2025-09-25 11:03:39 [DiscoveryClient-CacheRefreshExecutor-%d] DEBUG o.s.web.client.RestTemplate - Reading to [org.springframework.cloud.netflix.eureka.http.EurekaApplications]
2025-09-25 11:04:08 [DiscoveryClient-HeartbeatExecutor-%d] DEBUG o.s.web.client.RestTemplate - HTTP PUT http://localhost:8761/eureka/apps/ROOM-SERVICE/GT0126:room-service:9003?status=UP&lastDirtyTimestamp=1758718826120
2025-09-25 11:04:08 [DiscoveryClient-HeartbeatExecutor-%d] DEBUG o.s.web.client.RestTemplate - Accept=[application/json, application/*+json]
2025-09-25 11:04:08 [DiscoveryClient-HeartbeatExecutor-%d] DEBUG o.s.web.client.RestTemplate - Response 200 OK
2025-09-25 11:04:09 [DiscoveryClient-CacheRefreshExecutor-%d] DEBUG o.s.web.client.RestTemplate - HTTP GET http://localhost:8761/eureka/apps/delta
2025-09-25 11:04:09 [DiscoveryClient-CacheRefreshExecutor-%d] DEBUG o.s.web.client.RestTemplate - Accept=[application/json, application/*+json]
2025-09-25 11:04:09 [DiscoveryClient-CacheRefreshExecutor-%d] DEBUG o.s.web.client.RestTemplate - Response 200 OK
2025-09-25 11:04:09 [DiscoveryClient-CacheRefreshExecutor-%d] DEBUG o.s.web.client.RestTemplate - Reading to [org.springframework.cloud.netflix.eureka.http.EurekaApplications]
2025-09-25 11:04:31 [AsyncResolver-bootstrap-executor-%d] INFO  c.n.d.s.r.aws.ConfigClusterResolver - Resolving eureka endpoints via configuration
2025-09-25 11:04:39 [DiscoveryClient-HeartbeatExecutor-%d] DEBUG o.s.web.client.RestTemplate - HTTP PUT http://localhost:8761/eureka/apps/ROOM-SERVICE/GT0126:room-service:9003?status=UP&lastDirtyTimestamp=1758718826120
2025-09-25 11:04:39 [DiscoveryClient-HeartbeatExecutor-%d] DEBUG o.s.web.client.RestTemplate - Accept=[application/json, application/*+json]
2025-09-25 11:04:39 [DiscoveryClient-HeartbeatExecutor-%d] DEBUG o.s.web.client.RestTemplate - Response 200 OK
2025-09-25 11:04:39 [DiscoveryClient-CacheRefreshExecutor-%d] DEBUG o.s.web.client.RestTemplate - HTTP GET http://localhost:8761/eureka/apps/delta
2025-09-25 11:04:39 [DiscoveryClient-CacheRefreshExecutor-%d] DEBUG o.s.web.client.RestTemplate - Accept=[application/json, application/*+json]
2025-09-25 11:04:39 [DiscoveryClient-CacheRefreshExecutor-%d] DEBUG o.s.web.client.RestTemplate - Response 200 OK
2025-09-25 11:04:39 [DiscoveryClient-CacheRefreshExecutor-%d] DEBUG o.s.web.client.RestTemplate - Reading to [org.springframework.cloud.netflix.eureka.http.EurekaApplications]
2025-09-25 11:05:09 [DiscoveryClient-HeartbeatExecutor-%d] DEBUG o.s.web.client.RestTemplate - HTTP PUT http://localhost:8761/eureka/apps/ROOM-SERVICE/GT0126:room-service:9003?status=UP&lastDirtyTimestamp=1758718826120
2025-09-25 11:05:09 [DiscoveryClient-HeartbeatExecutor-%d] DEBUG o.s.web.client.RestTemplate - Accept=[application/json, application/*+json]
2025-09-25 11:05:09 [DiscoveryClient-HeartbeatExecutor-%d] DEBUG o.s.web.client.RestTemplate - Response 200 OK
2025-09-25 11:05:09 [DiscoveryClient-CacheRefreshExecutor-%d] DEBUG o.s.web.client.RestTemplate - HTTP GET http://localhost:8761/eureka/apps/delta
2025-09-25 11:05:09 [DiscoveryClient-CacheRefreshExecutor-%d] DEBUG o.s.web.client.RestTemplate - Accept=[application/json, application/*+json]
2025-09-25 11:05:09 [DiscoveryClient-CacheRefreshExecutor-%d] DEBUG o.s.web.client.RestTemplate - Response 200 OK
2025-09-25 11:05:09 [DiscoveryClient-CacheRefreshExecutor-%d] DEBUG o.s.web.client.RestTemplate - Reading to [org.springframework.cloud.netflix.eureka.http.EurekaApplications]
2025-09-25 11:05:39 [DiscoveryClient-HeartbeatExecutor-%d] DEBUG o.s.web.client.RestTemplate - HTTP PUT http://localhost:8761/eureka/apps/ROOM-SERVICE/GT0126:room-service:9003?status=UP&lastDirtyTimestamp=1758718826120
2025-09-25 11:05:39 [DiscoveryClient-HeartbeatExecutor-%d] DEBUG o.s.web.client.RestTemplate - Accept=[application/json, application/*+json]
2025-09-25 11:05:39 [DiscoveryClient-HeartbeatExecutor-%d] DEBUG o.s.web.client.RestTemplate - Response 200 OK
2025-09-25 11:05:39 [DiscoveryClient-CacheRefreshExecutor-%d] DEBUG o.s.web.client.RestTemplate - HTTP GET http://localhost:8761/eureka/apps/delta
2025-09-25 11:05:39 [DiscoveryClient-CacheRefreshExecutor-%d] DEBUG o.s.web.client.RestTemplate - Accept=[application/json, application/*+json]
2025-09-25 11:05:39 [DiscoveryClient-CacheRefreshExecutor-%d] DEBUG o.s.web.client.RestTemplate - Response 200 OK
2025-09-25 11:05:39 [DiscoveryClient-CacheRefreshExecutor-%d] DEBUG o.s.web.client.RestTemplate - Reading to [org.springframework.cloud.netflix.eureka.http.EurekaApplications]
2025-09-25 11:06:09 [DiscoveryClient-HeartbeatExecutor-%d] DEBUG o.s.web.client.RestTemplate - HTTP PUT http://localhost:8761/eureka/apps/ROOM-SERVICE/GT0126:room-service:9003?status=UP&lastDirtyTimestamp=1758718826120
2025-09-25 11:06:09 [DiscoveryClient-HeartbeatExecutor-%d] DEBUG o.s.web.client.RestTemplate - Accept=[application/json, application/*+json]
2025-09-25 11:06:09 [DiscoveryClient-HeartbeatExecutor-%d] DEBUG o.s.web.client.RestTemplate - Response 200 OK
2025-09-25 11:06:09 [DiscoveryClient-CacheRefreshExecutor-%d] DEBUG o.s.web.client.RestTemplate - HTTP GET http://localhost:8761/eureka/apps/delta
2025-09-25 11:06:09 [DiscoveryClient-CacheRefreshExecutor-%d] DEBUG o.s.web.client.RestTemplate - Accept=[application/json, application/*+json]
2025-09-25 11:06:09 [DiscoveryClient-CacheRefreshExecutor-%d] DEBUG o.s.web.client.RestTemplate - Response 200 OK
2025-09-25 11:06:09 [DiscoveryClient-CacheRefreshExecutor-%d] DEBUG o.s.web.client.RestTemplate - Reading to [org.springframework.cloud.netflix.eureka.http.EurekaApplications]
2025-09-25 11:06:39 [DiscoveryClient-HeartbeatExecutor-%d] DEBUG o.s.web.client.RestTemplate - HTTP PUT http://localhost:8761/eureka/apps/ROOM-SERVICE/GT0126:room-service:9003?status=UP&lastDirtyTimestamp=1758718826120
2025-09-25 11:06:39 [DiscoveryClient-HeartbeatExecutor-%d] DEBUG o.s.web.client.RestTemplate - Accept=[application/json, application/*+json]
2025-09-25 11:06:39 [DiscoveryClient-HeartbeatExecutor-%d] DEBUG o.s.web.client.RestTemplate - Response 200 OK
2025-09-25 11:06:39 [DiscoveryClient-CacheRefreshExecutor-%d] DEBUG o.s.web.client.RestTemplate - HTTP GET http://localhost:8761/eureka/apps/delta
2025-09-25 11:06:39 [DiscoveryClient-CacheRefreshExecutor-%d] DEBUG o.s.web.client.RestTemplate - Accept=[application/json, application/*+json]
2025-09-25 11:06:39 [DiscoveryClient-CacheRefreshExecutor-%d] DEBUG o.s.web.client.RestTemplate - Response 200 OK
2025-09-25 11:06:39 [DiscoveryClient-CacheRefreshExecutor-%d] DEBUG o.s.web.client.RestTemplate - Reading to [org.springframework.cloud.netflix.eureka.http.EurekaApplications]
2025-09-25 11:07:09 [DiscoveryClient-HeartbeatExecutor-%d] DEBUG o.s.web.client.RestTemplate - HTTP PUT http://localhost:8761/eureka/apps/ROOM-SERVICE/GT0126:room-service:9003?status=UP&lastDirtyTimestamp=1758718826120
2025-09-25 11:07:09 [DiscoveryClient-HeartbeatExecutor-%d] DEBUG o.s.web.client.RestTemplate - Accept=[application/json, application/*+json]
2025-09-25 11:07:09 [DiscoveryClient-HeartbeatExecutor-%d] DEBUG o.s.web.client.RestTemplate - Response 200 OK
2025-09-25 11:07:09 [DiscoveryClient-CacheRefreshExecutor-%d] DEBUG o.s.web.client.RestTemplate - HTTP GET http://localhost:8761/eureka/apps/delta
2025-09-25 11:07:09 [DiscoveryClient-CacheRefreshExecutor-%d] DEBUG o.s.web.client.RestTemplate - Accept=[application/json, application/*+json]
2025-09-25 11:07:09 [DiscoveryClient-CacheRefreshExecutor-%d] DEBUG o.s.web.client.RestTemplate - Response 200 OK
2025-09-25 11:07:09 [DiscoveryClient-CacheRefreshExecutor-%d] DEBUG o.s.web.client.RestTemplate - Reading to [org.springframework.cloud.netflix.eureka.http.EurekaApplications]
2025-09-25 11:07:39 [DiscoveryClient-HeartbeatExecutor-%d] DEBUG o.s.web.client.RestTemplate - HTTP PUT http://localhost:8761/eureka/apps/ROOM-SERVICE/GT0126:room-service:9003?status=UP&lastDirtyTimestamp=1758718826120
2025-09-25 11:07:39 [DiscoveryClient-HeartbeatExecutor-%d] DEBUG o.s.web.client.RestTemplate - Accept=[application/json, application/*+json]
2025-09-25 11:07:39 [DiscoveryClient-HeartbeatExecutor-%d] DEBUG o.s.web.client.RestTemplate - Response 200 OK
2025-09-25 11:07:39 [DiscoveryClient-CacheRefreshExecutor-%d] DEBUG o.s.web.client.RestTemplate - HTTP GET http://localhost:8761/eureka/apps/delta
2025-09-25 11:07:39 [DiscoveryClient-CacheRefreshExecutor-%d] DEBUG o.s.web.client.RestTemplate - Accept=[application/json, application/*+json]
2025-09-25 11:07:39 [DiscoveryClient-CacheRefreshExecutor-%d] DEBUG o.s.web.client.RestTemplate - Response 200 OK
2025-09-25 11:07:39 [DiscoveryClient-CacheRefreshExecutor-%d] DEBUG o.s.web.client.RestTemplate - Reading to [org.springframework.cloud.netflix.eureka.http.EurekaApplications]
2025-09-25 11:08:09 [DiscoveryClient-HeartbeatExecutor-%d] DEBUG o.s.web.client.RestTemplate - HTTP PUT http://localhost:8761/eureka/apps/ROOM-SERVICE/GT0126:room-service:9003?status=UP&lastDirtyTimestamp=1758718826120
2025-09-25 11:08:09 [DiscoveryClient-HeartbeatExecutor-%d] DEBUG o.s.web.client.RestTemplate - Accept=[application/json, application/*+json]
2025-09-25 11:08:09 [DiscoveryClient-HeartbeatExecutor-%d] DEBUG o.s.web.client.RestTemplate - Response 200 OK
2025-09-25 11:08:09 [DiscoveryClient-CacheRefreshExecutor-%d] DEBUG o.s.web.client.RestTemplate - HTTP GET http://localhost:8761/eureka/apps/delta
2025-09-25 11:08:09 [DiscoveryClient-CacheRefreshExecutor-%d] DEBUG o.s.web.client.RestTemplate - Accept=[application/json, application/*+json]
2025-09-25 11:08:09 [DiscoveryClient-CacheRefreshExecutor-%d] DEBUG o.s.web.client.RestTemplate - Response 200 OK
2025-09-25 11:08:09 [DiscoveryClient-CacheRefreshExecutor-%d] DEBUG o.s.web.client.RestTemplate - Reading to [org.springframework.cloud.netflix.eureka.http.EurekaApplications]
2025-09-25 11:08:39 [DiscoveryClient-HeartbeatExecutor-%d] DEBUG o.s.web.client.RestTemplate - HTTP PUT http://localhost:8761/eureka/apps/ROOM-SERVICE/GT0126:room-service:9003?status=UP&lastDirtyTimestamp=1758718826120
2025-09-25 11:08:39 [DiscoveryClient-HeartbeatExecutor-%d] DEBUG o.s.web.client.RestTemplate - Accept=[application/json, application/*+json]
2025-09-25 11:08:39 [DiscoveryClient-HeartbeatExecutor-%d] DEBUG o.s.web.client.RestTemplate - Response 200 OK
2025-09-25 11:08:39 [DiscoveryClient-CacheRefreshExecutor-%d] DEBUG o.s.web.client.RestTemplate - HTTP GET http://localhost:8761/eureka/apps/delta
2025-09-25 11:08:39 [DiscoveryClient-CacheRefreshExecutor-%d] DEBUG o.s.web.client.RestTemplate - Accept=[application/json, application/*+json]
2025-09-25 11:08:39 [DiscoveryClient-CacheRefreshExecutor-%d] DEBUG o.s.web.client.RestTemplate - Response 200 OK
2025-09-25 11:08:39 [DiscoveryClient-CacheRefreshExecutor-%d] DEBUG o.s.web.client.RestTemplate - Reading to [org.springframework.cloud.netflix.eureka.http.EurekaApplications]
2025-09-25 11:09:09 [DiscoveryClient-HeartbeatExecutor-%d] DEBUG o.s.web.client.RestTemplate - HTTP PUT http://localhost:8761/eureka/apps/ROOM-SERVICE/GT0126:room-service:9003?status=UP&lastDirtyTimestamp=1758718826120
2025-09-25 11:09:09 [DiscoveryClient-HeartbeatExecutor-%d] DEBUG o.s.web.client.RestTemplate - Accept=[application/json, application/*+json]
2025-09-25 11:09:09 [DiscoveryClient-HeartbeatExecutor-%d] DEBUG o.s.web.client.RestTemplate - Response 200 OK
2025-09-25 11:09:09 [DiscoveryClient-CacheRefreshExecutor-%d] DEBUG o.s.web.client.RestTemplate - HTTP GET http://localhost:8761/eureka/apps/delta
2025-09-25 11:09:09 [DiscoveryClient-CacheRefreshExecutor-%d] DEBUG o.s.web.client.RestTemplate - Accept=[application/json, application/*+json]
2025-09-25 11:09:09 [DiscoveryClient-CacheRefreshExecutor-%d] DEBUG o.s.web.client.RestTemplate - Response 200 OK
2025-09-25 11:09:09 [DiscoveryClient-CacheRefreshExecutor-%d] DEBUG o.s.web.client.RestTemplate - Reading to [org.springframework.cloud.netflix.eureka.http.EurekaApplications]
2025-09-25 11:09:31 [AsyncResolver-bootstrap-executor-%d] INFO  c.n.d.s.r.aws.ConfigClusterResolver - Resolving eureka endpoints via configuration
2025-09-25 11:09:39 [DiscoveryClient-HeartbeatExecutor-%d] DEBUG o.s.web.client.RestTemplate - HTTP PUT http://localhost:8761/eureka/apps/ROOM-SERVICE/GT0126:room-service:9003?status=UP&lastDirtyTimestamp=1758718826120
2025-09-25 11:09:39 [DiscoveryClient-HeartbeatExecutor-%d] DEBUG o.s.web.client.RestTemplate - Accept=[application/json, application/*+json]
2025-09-25 11:09:39 [DiscoveryClient-HeartbeatExecutor-%d] DEBUG o.s.web.client.RestTemplate - Response 200 OK
2025-09-25 11:09:39 [DiscoveryClient-CacheRefreshExecutor-%d] DEBUG o.s.web.client.RestTemplate - HTTP GET http://localhost:8761/eureka/apps/delta
2025-09-25 11:09:39 [DiscoveryClient-CacheRefreshExecutor-%d] DEBUG o.s.web.client.RestTemplate - Accept=[application/json, application/*+json]
2025-09-25 11:09:39 [DiscoveryClient-CacheRefreshExecutor-%d] DEBUG o.s.web.client.RestTemplate - Response 200 OK
2025-09-25 11:09:39 [DiscoveryClient-CacheRefreshExecutor-%d] DEBUG o.s.web.client.RestTemplate - Reading to [org.springframework.cloud.netflix.eureka.http.EurekaApplications]
2025-09-25 11:10:09 [DiscoveryClient-HeartbeatExecutor-%d] DEBUG o.s.web.client.RestTemplate - HTTP PUT http://localhost:8761/eureka/apps/ROOM-SERVICE/GT0126:room-service:9003?status=UP&lastDirtyTimestamp=1758718826120
2025-09-25 11:10:09 [DiscoveryClient-HeartbeatExecutor-%d] DEBUG o.s.web.client.RestTemplate - Accept=[application/json, application/*+json]
2025-09-25 11:10:09 [DiscoveryClient-HeartbeatExecutor-%d] DEBUG o.s.web.client.RestTemplate - Response 200 OK
2025-09-25 11:10:09 [DiscoveryClient-CacheRefreshExecutor-%d] DEBUG o.s.web.client.RestTemplate - HTTP GET http://localhost:8761/eureka/apps/delta
2025-09-25 11:10:09 [DiscoveryClient-CacheRefreshExecutor-%d] DEBUG o.s.web.client.RestTemplate - Accept=[application/json, application/*+json]
2025-09-25 11:10:09 [DiscoveryClient-CacheRefreshExecutor-%d] DEBUG o.s.web.client.RestTemplate - Response 200 OK
2025-09-25 11:10:09 [DiscoveryClient-CacheRefreshExecutor-%d] DEBUG o.s.web.client.RestTemplate - Reading to [org.springframework.cloud.netflix.eureka.http.EurekaApplications]
2025-09-25 11:10:39 [DiscoveryClient-HeartbeatExecutor-%d] DEBUG o.s.web.client.RestTemplate - HTTP PUT http://localhost:8761/eureka/apps/ROOM-SERVICE/GT0126:room-service:9003?status=UP&lastDirtyTimestamp=1758718826120
2025-09-25 11:10:39 [DiscoveryClient-HeartbeatExecutor-%d] DEBUG o.s.web.client.RestTemplate - Accept=[application/json, application/*+json]
2025-09-25 11:10:39 [DiscoveryClient-HeartbeatExecutor-%d] DEBUG o.s.web.client.RestTemplate - Response 200 OK
2025-09-25 11:10:39 [DiscoveryClient-CacheRefreshExecutor-%d] DEBUG o.s.web.client.RestTemplate - HTTP GET http://localhost:8761/eureka/apps/delta
2025-09-25 11:10:39 [DiscoveryClient-CacheRefreshExecutor-%d] DEBUG o.s.web.client.RestTemplate - Accept=[application/json, application/*+json]
2025-09-25 11:10:39 [DiscoveryClient-CacheRefreshExecutor-%d] DEBUG o.s.web.client.RestTemplate - Response 200 OK
2025-09-25 11:10:39 [DiscoveryClient-CacheRefreshExecutor-%d] DEBUG o.s.web.client.RestTemplate - Reading to [org.springframework.cloud.netflix.eureka.http.EurekaApplications]
2025-09-25 11:11:09 [DiscoveryClient-HeartbeatExecutor-%d] DEBUG o.s.web.client.RestTemplate - HTTP PUT http://localhost:8761/eureka/apps/ROOM-SERVICE/GT0126:room-service:9003?status=UP&lastDirtyTimestamp=1758718826120
2025-09-25 11:11:09 [DiscoveryClient-HeartbeatExecutor-%d] DEBUG o.s.web.client.RestTemplate - Accept=[application/json, application/*+json]
2025-09-25 11:11:09 [DiscoveryClient-HeartbeatExecutor-%d] DEBUG o.s.web.client.RestTemplate - Response 200 OK
2025-09-25 11:11:09 [DiscoveryClient-CacheRefreshExecutor-%d] DEBUG o.s.web.client.RestTemplate - HTTP GET http://localhost:8761/eureka/apps/delta
2025-09-25 11:11:09 [DiscoveryClient-CacheRefreshExecutor-%d] DEBUG o.s.web.client.RestTemplate - Accept=[application/json, application/*+json]
2025-09-25 11:11:09 [DiscoveryClient-CacheRefreshExecutor-%d] DEBUG o.s.web.client.RestTemplate - Response 200 OK
2025-09-25 11:11:09 [DiscoveryClient-CacheRefreshExecutor-%d] DEBUG o.s.web.client.RestTemplate - Reading to [org.springframework.cloud.netflix.eureka.http.EurekaApplications]
2025-09-25 11:11:39 [DiscoveryClient-HeartbeatExecutor-%d] DEBUG o.s.web.client.RestTemplate - HTTP PUT http://localhost:8761/eureka/apps/ROOM-SERVICE/GT0126:room-service:9003?status=UP&lastDirtyTimestamp=1758718826120
2025-09-25 11:11:39 [DiscoveryClient-HeartbeatExecutor-%d] DEBUG o.s.web.client.RestTemplate - Accept=[application/json, application/*+json]
2025-09-25 11:11:39 [DiscoveryClient-HeartbeatExecutor-%d] DEBUG o.s.web.client.RestTemplate - Response 200 OK
2025-09-25 11:11:39 [DiscoveryClient-CacheRefreshExecutor-%d] DEBUG o.s.web.client.RestTemplate - HTTP GET http://localhost:8761/eureka/apps/delta
2025-09-25 11:11:39 [DiscoveryClient-CacheRefreshExecutor-%d] DEBUG o.s.web.client.RestTemplate - Accept=[application/json, application/*+json]
2025-09-25 11:11:40 [DiscoveryClient-CacheRefreshExecutor-%d] DEBUG o.s.web.client.RestTemplate - Response 200 OK
2025-09-25 11:11:40 [DiscoveryClient-CacheRefreshExecutor-%d] DEBUG o.s.web.client.RestTemplate - Reading to [org.springframework.cloud.netflix.eureka.http.EurekaApplications]
2025-09-25 11:12:09 [DiscoveryClient-HeartbeatExecutor-%d] DEBUG o.s.web.client.RestTemplate - HTTP PUT http://localhost:8761/eureka/apps/ROOM-SERVICE/GT0126:room-service:9003?status=UP&lastDirtyTimestamp=1758718826120
2025-09-25 11:12:09 [DiscoveryClient-HeartbeatExecutor-%d] DEBUG o.s.web.client.RestTemplate - Accept=[application/json, application/*+json]
2025-09-25 11:12:09 [DiscoveryClient-HeartbeatExecutor-%d] DEBUG o.s.web.client.RestTemplate - Response 200 OK
2025-09-25 11:12:10 [DiscoveryClient-CacheRefreshExecutor-%d] DEBUG o.s.web.client.RestTemplate - HTTP GET http://localhost:8761/eureka/apps/delta
2025-09-25 11:12:10 [DiscoveryClient-CacheRefreshExecutor-%d] DEBUG o.s.web.client.RestTemplate - Accept=[application/json, application/*+json]
2025-09-25 11:12:10 [DiscoveryClient-CacheRefreshExecutor-%d] DEBUG o.s.web.client.RestTemplate - Response 200 OK
2025-09-25 11:12:10 [DiscoveryClient-CacheRefreshExecutor-%d] DEBUG o.s.web.client.RestTemplate - Reading to [org.springframework.cloud.netflix.eureka.http.EurekaApplications]
2025-09-25 11:12:39 [DiscoveryClient-HeartbeatExecutor-%d] DEBUG o.s.web.client.RestTemplate - HTTP PUT http://localhost:8761/eureka/apps/ROOM-SERVICE/GT0126:room-service:9003?status=UP&lastDirtyTimestamp=1758718826120
2025-09-25 11:12:39 [DiscoveryClient-HeartbeatExecutor-%d] DEBUG o.s.web.client.RestTemplate - Accept=[application/json, application/*+json]
2025-09-25 11:12:39 [DiscoveryClient-HeartbeatExecutor-%d] DEBUG o.s.web.client.RestTemplate - Response 200 OK
2025-09-25 11:12:40 [DiscoveryClient-CacheRefreshExecutor-%d] DEBUG o.s.web.client.RestTemplate - HTTP GET http://localhost:8761/eureka/apps/delta
2025-09-25 11:12:40 [DiscoveryClient-CacheRefreshExecutor-%d] DEBUG o.s.web.client.RestTemplate - Accept=[application/json, application/*+json]
2025-09-25 11:12:40 [DiscoveryClient-CacheRefreshExecutor-%d] DEBUG o.s.web.client.RestTemplate - Response 200 OK
2025-09-25 11:12:40 [DiscoveryClient-CacheRefreshExecutor-%d] DEBUG o.s.web.client.RestTemplate - Reading to [org.springframework.cloud.netflix.eureka.http.EurekaApplications]
2025-09-25 11:13:09 [DiscoveryClient-HeartbeatExecutor-%d] DEBUG o.s.web.client.RestTemplate - HTTP PUT http://localhost:8761/eureka/apps/ROOM-SERVICE/GT0126:room-service:9003?status=UP&lastDirtyTimestamp=1758718826120
2025-09-25 11:13:09 [DiscoveryClient-HeartbeatExecutor-%d] DEBUG o.s.web.client.RestTemplate - Accept=[application/json, application/*+json]
2025-09-25 11:13:09 [DiscoveryClient-HeartbeatExecutor-%d] DEBUG o.s.web.client.RestTemplate - Response 200 OK
2025-09-25 11:13:10 [DiscoveryClient-CacheRefreshExecutor-%d] DEBUG o.s.web.client.RestTemplate - HTTP GET http://localhost:8761/eureka/apps/delta
2025-09-25 11:13:10 [DiscoveryClient-CacheRefreshExecutor-%d] DEBUG o.s.web.client.RestTemplate - Accept=[application/json, application/*+json]
2025-09-25 11:13:10 [DiscoveryClient-CacheRefreshExecutor-%d] DEBUG o.s.web.client.RestTemplate - Response 200 OK
2025-09-25 11:13:10 [DiscoveryClient-CacheRefreshExecutor-%d] DEBUG o.s.web.client.RestTemplate - Reading to [org.springframework.cloud.netflix.eureka.http.EurekaApplications]
2025-09-25 11:13:39 [DiscoveryClient-HeartbeatExecutor-%d] DEBUG o.s.web.client.RestTemplate - HTTP PUT http://localhost:8761/eureka/apps/ROOM-SERVICE/GT0126:room-service:9003?status=UP&lastDirtyTimestamp=1758718826120
2025-09-25 11:13:39 [DiscoveryClient-HeartbeatExecutor-%d] DEBUG o.s.web.client.RestTemplate - Accept=[application/json, application/*+json]
2025-09-25 11:13:39 [DiscoveryClient-HeartbeatExecutor-%d] DEBUG o.s.web.client.RestTemplate - Response 200 OK
2025-09-25 11:13:40 [DiscoveryClient-CacheRefreshExecutor-%d] DEBUG o.s.web.client.RestTemplate - HTTP GET http://localhost:8761/eureka/apps/delta
2025-09-25 11:13:40 [DiscoveryClient-CacheRefreshExecutor-%d] DEBUG o.s.web.client.RestTemplate - Accept=[application/json, application/*+json]
2025-09-25 11:13:40 [DiscoveryClient-CacheRefreshExecutor-%d] DEBUG o.s.web.client.RestTemplate - Response 200 OK
2025-09-25 11:13:40 [DiscoveryClient-CacheRefreshExecutor-%d] DEBUG o.s.web.client.RestTemplate - Reading to [org.springframework.cloud.netflix.eureka.http.EurekaApplications]
2025-09-25 11:14:09 [DiscoveryClient-HeartbeatExecutor-%d] DEBUG o.s.web.client.RestTemplate - HTTP PUT http://localhost:8761/eureka/apps/ROOM-SERVICE/GT0126:room-service:9003?status=UP&lastDirtyTimestamp=1758718826120
2025-09-25 11:14:09 [DiscoveryClient-HeartbeatExecutor-%d] DEBUG o.s.web.client.RestTemplate - Accept=[application/json, application/*+json]
2025-09-25 11:14:09 [DiscoveryClient-HeartbeatExecutor-%d] DEBUG o.s.web.client.RestTemplate - Response 200 OK
2025-09-25 11:14:10 [DiscoveryClient-CacheRefreshExecutor-%d] DEBUG o.s.web.client.RestTemplate - HTTP GET http://localhost:8761/eureka/apps/delta
2025-09-25 11:14:10 [DiscoveryClient-CacheRefreshExecutor-%d] DEBUG o.s.web.client.RestTemplate - Accept=[application/json, application/*+json]
2025-09-25 11:14:10 [DiscoveryClient-CacheRefreshExecutor-%d] DEBUG o.s.web.client.RestTemplate - Response 200 OK
2025-09-25 11:14:10 [DiscoveryClient-CacheRefreshExecutor-%d] DEBUG o.s.web.client.RestTemplate - Reading to [org.springframework.cloud.netflix.eureka.http.EurekaApplications]
2025-09-25 11:14:31 [AsyncResolver-bootstrap-executor-%d] INFO  c.n.d.s.r.aws.ConfigClusterResolver - Resolving eureka endpoints via configuration
2025-09-25 11:14:39 [DiscoveryClient-HeartbeatExecutor-%d] DEBUG o.s.web.client.RestTemplate - HTTP PUT http://localhost:8761/eureka/apps/ROOM-SERVICE/GT0126:room-service:9003?status=UP&lastDirtyTimestamp=1758718826120
2025-09-25 11:14:39 [DiscoveryClient-HeartbeatExecutor-%d] DEBUG o.s.web.client.RestTemplate - Accept=[application/json, application/*+json]
2025-09-25 11:14:39 [DiscoveryClient-HeartbeatExecutor-%d] DEBUG o.s.web.client.RestTemplate - Response 200 OK
2025-09-25 11:14:40 [DiscoveryClient-CacheRefreshExecutor-%d] DEBUG o.s.web.client.RestTemplate - HTTP GET http://localhost:8761/eureka/apps/delta
2025-09-25 11:14:40 [DiscoveryClient-CacheRefreshExecutor-%d] DEBUG o.s.web.client.RestTemplate - Accept=[application/json, application/*+json]
2025-09-25 11:14:40 [DiscoveryClient-CacheRefreshExecutor-%d] DEBUG o.s.web.client.RestTemplate - Response 200 OK
2025-09-25 11:14:40 [DiscoveryClient-CacheRefreshExecutor-%d] DEBUG o.s.web.client.RestTemplate - Reading to [org.springframework.cloud.netflix.eureka.http.EurekaApplications]
2025-09-25 11:15:09 [DiscoveryClient-HeartbeatExecutor-%d] DEBUG o.s.web.client.RestTemplate - HTTP PUT http://localhost:8761/eureka/apps/ROOM-SERVICE/GT0126:room-service:9003?status=UP&lastDirtyTimestamp=1758718826120
2025-09-25 11:15:09 [DiscoveryClient-HeartbeatExecutor-%d] DEBUG o.s.web.client.RestTemplate - Accept=[application/json, application/*+json]
2025-09-25 11:15:09 [DiscoveryClient-HeartbeatExecutor-%d] DEBUG o.s.web.client.RestTemplate - Response 200 OK
2025-09-25 11:15:10 [DiscoveryClient-CacheRefreshExecutor-%d] DEBUG o.s.web.client.RestTemplate - HTTP GET http://localhost:8761/eureka/apps/delta
2025-09-25 11:15:10 [DiscoveryClient-CacheRefreshExecutor-%d] DEBUG o.s.web.client.RestTemplate - Accept=[application/json, application/*+json]
2025-09-25 11:15:10 [DiscoveryClient-CacheRefreshExecutor-%d] DEBUG o.s.web.client.RestTemplate - Response 200 OK
2025-09-25 11:15:10 [DiscoveryClient-CacheRefreshExecutor-%d] DEBUG o.s.web.client.RestTemplate - Reading to [org.springframework.cloud.netflix.eureka.http.EurekaApplications]
2025-09-25 11:15:39 [DiscoveryClient-HeartbeatExecutor-%d] DEBUG o.s.web.client.RestTemplate - HTTP PUT http://localhost:8761/eureka/apps/ROOM-SERVICE/GT0126:room-service:9003?status=UP&lastDirtyTimestamp=1758718826120
2025-09-25 11:15:39 [DiscoveryClient-HeartbeatExecutor-%d] DEBUG o.s.web.client.RestTemplate - Accept=[application/json, application/*+json]
2025-09-25 11:15:40 [DiscoveryClient-HeartbeatExecutor-%d] DEBUG o.s.web.client.RestTemplate - Response 200 OK
2025-09-25 11:15:40 [DiscoveryClient-CacheRefreshExecutor-%d] DEBUG o.s.web.client.RestTemplate - HTTP GET http://localhost:8761/eureka/apps/delta
2025-09-25 11:15:40 [DiscoveryClient-CacheRefreshExecutor-%d] DEBUG o.s.web.client.RestTemplate - Accept=[application/json, application/*+json]
2025-09-25 11:15:40 [DiscoveryClient-CacheRefreshExecutor-%d] DEBUG o.s.web.client.RestTemplate - Response 200 OK
2025-09-25 11:15:40 [DiscoveryClient-CacheRefreshExecutor-%d] DEBUG o.s.web.client.RestTemplate - Reading to [org.springframework.cloud.netflix.eureka.http.EurekaApplications]
2025-09-25 11:16:10 [DiscoveryClient-HeartbeatExecutor-%d] DEBUG o.s.web.client.RestTemplate - HTTP PUT http://localhost:8761/eureka/apps/ROOM-SERVICE/GT0126:room-service:9003?status=UP&lastDirtyTimestamp=1758718826120
2025-09-25 11:16:10 [DiscoveryClient-HeartbeatExecutor-%d] DEBUG o.s.web.client.RestTemplate - Accept=[application/json, application/*+json]
2025-09-25 11:16:10 [DiscoveryClient-HeartbeatExecutor-%d] DEBUG o.s.web.client.RestTemplate - Response 200 OK
2025-09-25 11:16:10 [DiscoveryClient-CacheRefreshExecutor-%d] DEBUG o.s.web.client.RestTemplate - HTTP GET http://localhost:8761/eureka/apps/delta
2025-09-25 11:16:10 [DiscoveryClient-CacheRefreshExecutor-%d] DEBUG o.s.web.client.RestTemplate - Accept=[application/json, application/*+json]
2025-09-25 11:16:10 [DiscoveryClient-CacheRefreshExecutor-%d] DEBUG o.s.web.client.RestTemplate - Response 200 OK
2025-09-25 11:16:10 [DiscoveryClient-CacheRefreshExecutor-%d] DEBUG o.s.web.client.RestTemplate - Reading to [org.springframework.cloud.netflix.eureka.http.EurekaApplications]
2025-09-25 11:16:40 [DiscoveryClient-HeartbeatExecutor-%d] DEBUG o.s.web.client.RestTemplate - HTTP PUT http://localhost:8761/eureka/apps/ROOM-SERVICE/GT0126:room-service:9003?status=UP&lastDirtyTimestamp=1758718826120
2025-09-25 11:16:40 [DiscoveryClient-HeartbeatExecutor-%d] DEBUG o.s.web.client.RestTemplate - Accept=[application/json, application/*+json]
2025-09-25 11:16:40 [DiscoveryClient-HeartbeatExecutor-%d] DEBUG o.s.web.client.RestTemplate - Response 200 OK
2025-09-25 11:16:40 [DiscoveryClient-CacheRefreshExecutor-%d] DEBUG o.s.web.client.RestTemplate - HTTP GET http://localhost:8761/eureka/apps/delta
2025-09-25 11:16:40 [DiscoveryClient-CacheRefreshExecutor-%d] DEBUG o.s.web.client.RestTemplate - Accept=[application/json, application/*+json]
2025-09-25 11:16:40 [DiscoveryClient-CacheRefreshExecutor-%d] DEBUG o.s.web.client.RestTemplate - Response 200 OK
2025-09-25 11:16:40 [DiscoveryClient-CacheRefreshExecutor-%d] DEBUG o.s.web.client.RestTemplate - Reading to [org.springframework.cloud.netflix.eureka.http.EurekaApplications]
2025-09-25 11:17:10 [DiscoveryClient-HeartbeatExecutor-%d] DEBUG o.s.web.client.RestTemplate - HTTP PUT http://localhost:8761/eureka/apps/ROOM-SERVICE/GT0126:room-service:9003?status=UP&lastDirtyTimestamp=1758718826120
2025-09-25 11:17:10 [DiscoveryClient-HeartbeatExecutor-%d] DEBUG o.s.web.client.RestTemplate - Accept=[application/json, application/*+json]
2025-09-25 11:17:10 [DiscoveryClient-HeartbeatExecutor-%d] DEBUG o.s.web.client.RestTemplate - Response 200 OK
2025-09-25 11:17:10 [DiscoveryClient-CacheRefreshExecutor-%d] DEBUG o.s.web.client.RestTemplate - HTTP GET http://localhost:8761/eureka/apps/delta
2025-09-25 11:17:10 [DiscoveryClient-CacheRefreshExecutor-%d] DEBUG o.s.web.client.RestTemplate - Accept=[application/json, application/*+json]
2025-09-25 11:17:10 [DiscoveryClient-CacheRefreshExecutor-%d] DEBUG o.s.web.client.RestTemplate - Response 200 OK
2025-09-25 11:17:10 [DiscoveryClient-CacheRefreshExecutor-%d] DEBUG o.s.web.client.RestTemplate - Reading to [org.springframework.cloud.netflix.eureka.http.EurekaApplications]
2025-09-25 11:17:40 [DiscoveryClient-HeartbeatExecutor-%d] DEBUG o.s.web.client.RestTemplate - HTTP PUT http://localhost:8761/eureka/apps/ROOM-SERVICE/GT0126:room-service:9003?status=UP&lastDirtyTimestamp=1758718826120
2025-09-25 11:17:40 [DiscoveryClient-HeartbeatExecutor-%d] DEBUG o.s.web.client.RestTemplate - Accept=[application/json, application/*+json]
2025-09-25 11:17:40 [DiscoveryClient-HeartbeatExecutor-%d] DEBUG o.s.web.client.RestTemplate - Response 200 OK
2025-09-25 11:17:40 [DiscoveryClient-CacheRefreshExecutor-%d] DEBUG o.s.web.client.RestTemplate - HTTP GET http://localhost:8761/eureka/apps/delta
2025-09-25 11:17:40 [DiscoveryClient-CacheRefreshExecutor-%d] DEBUG o.s.web.client.RestTemplate - Accept=[application/json, application/*+json]
2025-09-25 11:17:40 [DiscoveryClient-CacheRefreshExecutor-%d] DEBUG o.s.web.client.RestTemplate - Response 200 OK
2025-09-25 11:17:40 [DiscoveryClient-CacheRefreshExecutor-%d] DEBUG o.s.web.client.RestTemplate - Reading to [org.springframework.cloud.netflix.eureka.http.EurekaApplications]
2025-09-25 11:18:10 [DiscoveryClient-HeartbeatExecutor-%d] DEBUG o.s.web.client.RestTemplate - HTTP PUT http://localhost:8761/eureka/apps/ROOM-SERVICE/GT0126:room-service:9003?status=UP&lastDirtyTimestamp=1758718826120
2025-09-25 11:18:10 [DiscoveryClient-HeartbeatExecutor-%d] DEBUG o.s.web.client.RestTemplate - Accept=[application/json, application/*+json]
2025-09-25 11:18:10 [DiscoveryClient-HeartbeatExecutor-%d] DEBUG o.s.web.client.RestTemplate - Response 200 OK
2025-09-25 11:18:10 [DiscoveryClient-CacheRefreshExecutor-%d] DEBUG o.s.web.client.RestTemplate - HTTP GET http://localhost:8761/eureka/apps/delta
2025-09-25 11:18:10 [DiscoveryClient-CacheRefreshExecutor-%d] DEBUG o.s.web.client.RestTemplate - Accept=[application/json, application/*+json]
2025-09-25 11:18:10 [DiscoveryClient-CacheRefreshExecutor-%d] DEBUG o.s.web.client.RestTemplate - Response 200 OK
2025-09-25 11:18:10 [DiscoveryClient-CacheRefreshExecutor-%d] DEBUG o.s.web.client.RestTemplate - Reading to [org.springframework.cloud.netflix.eureka.http.EurekaApplications]
2025-09-25 11:18:40 [DiscoveryClient-HeartbeatExecutor-%d] DEBUG o.s.web.client.RestTemplate - HTTP PUT http://localhost:8761/eureka/apps/ROOM-SERVICE/GT0126:room-service:9003?status=UP&lastDirtyTimestamp=1758718826120
2025-09-25 11:18:40 [DiscoveryClient-HeartbeatExecutor-%d] DEBUG o.s.web.client.RestTemplate - Accept=[application/json, application/*+json]
2025-09-25 11:18:40 [DiscoveryClient-HeartbeatExecutor-%d] DEBUG o.s.web.client.RestTemplate - Response 200 OK
2025-09-25 11:18:40 [DiscoveryClient-CacheRefreshExecutor-%d] DEBUG o.s.web.client.RestTemplate - HTTP GET http://localhost:8761/eureka/apps/delta
2025-09-25 11:18:40 [DiscoveryClient-CacheRefreshExecutor-%d] DEBUG o.s.web.client.RestTemplate - Accept=[application/json, application/*+json]
2025-09-25 11:18:40 [DiscoveryClient-CacheRefreshExecutor-%d] DEBUG o.s.web.client.RestTemplate - Response 200 OK
2025-09-25 11:18:40 [DiscoveryClient-CacheRefreshExecutor-%d] DEBUG o.s.web.client.RestTemplate - Reading to [org.springframework.cloud.netflix.eureka.http.EurekaApplications]
2025-09-25 11:19:10 [DiscoveryClient-HeartbeatExecutor-%d] DEBUG o.s.web.client.RestTemplate - HTTP PUT http://localhost:8761/eureka/apps/ROOM-SERVICE/GT0126:room-service:9003?status=UP&lastDirtyTimestamp=1758718826120
2025-09-25 11:19:10 [DiscoveryClient-HeartbeatExecutor-%d] DEBUG o.s.web.client.RestTemplate - Accept=[application/json, application/*+json]
2025-09-25 11:19:10 [DiscoveryClient-HeartbeatExecutor-%d] DEBUG o.s.web.client.RestTemplate - Response 200 OK
2025-09-25 11:19:10 [DiscoveryClient-CacheRefreshExecutor-%d] DEBUG o.s.web.client.RestTemplate - HTTP GET http://localhost:8761/eureka/apps/delta
2025-09-25 11:19:10 [DiscoveryClient-CacheRefreshExecutor-%d] DEBUG o.s.web.client.RestTemplate - Accept=[application/json, application/*+json]
2025-09-25 11:19:10 [DiscoveryClient-CacheRefreshExecutor-%d] DEBUG o.s.web.client.RestTemplate - Response 200 OK
2025-09-25 11:19:10 [DiscoveryClient-CacheRefreshExecutor-%d] DEBUG o.s.web.client.RestTemplate - Reading to [org.springframework.cloud.netflix.eureka.http.EurekaApplications]
2025-09-25 11:19:31 [AsyncResolver-bootstrap-executor-%d] INFO  c.n.d.s.r.aws.ConfigClusterResolver - Resolving eureka endpoints via configuration
2025-09-25 11:19:40 [DiscoveryClient-HeartbeatExecutor-%d] DEBUG o.s.web.client.RestTemplate - HTTP PUT http://localhost:8761/eureka/apps/ROOM-SERVICE/GT0126:room-service:9003?status=UP&lastDirtyTimestamp=1758718826120
2025-09-25 11:19:40 [DiscoveryClient-HeartbeatExecutor-%d] DEBUG o.s.web.client.RestTemplate - Accept=[application/json, application/*+json]
2025-09-25 11:19:40 [DiscoveryClient-HeartbeatExecutor-%d] DEBUG o.s.web.client.RestTemplate - Response 200 OK
2025-09-25 11:19:40 [DiscoveryClient-CacheRefreshExecutor-%d] DEBUG o.s.web.client.RestTemplate - HTTP GET http://localhost:8761/eureka/apps/delta
2025-09-25 11:19:40 [DiscoveryClient-CacheRefreshExecutor-%d] DEBUG o.s.web.client.RestTemplate - Accept=[application/json, application/*+json]
2025-09-25 11:19:40 [DiscoveryClient-CacheRefreshExecutor-%d] DEBUG o.s.web.client.RestTemplate - Response 200 OK
2025-09-25 11:19:40 [DiscoveryClient-CacheRefreshExecutor-%d] DEBUG o.s.web.client.RestTemplate - Reading to [org.springframework.cloud.netflix.eureka.http.EurekaApplications]
2025-09-25 11:20:10 [DiscoveryClient-HeartbeatExecutor-%d] DEBUG o.s.web.client.RestTemplate - HTTP PUT http://localhost:8761/eureka/apps/ROOM-SERVICE/GT0126:room-service:9003?status=UP&lastDirtyTimestamp=1758718826120
2025-09-25 11:20:10 [DiscoveryClient-HeartbeatExecutor-%d] DEBUG o.s.web.client.RestTemplate - Accept=[application/json, application/*+json]
2025-09-25 11:20:10 [DiscoveryClient-HeartbeatExecutor-%d] DEBUG o.s.web.client.RestTemplate - Response 200 OK
2025-09-25 11:20:10 [DiscoveryClient-CacheRefreshExecutor-%d] DEBUG o.s.web.client.RestTemplate - HTTP GET http://localhost:8761/eureka/apps/delta
2025-09-25 11:20:10 [DiscoveryClient-CacheRefreshExecutor-%d] DEBUG o.s.web.client.RestTemplate - Accept=[application/json, application/*+json]
2025-09-25 11:20:10 [DiscoveryClient-CacheRefreshExecutor-%d] DEBUG o.s.web.client.RestTemplate - Response 200 OK
2025-09-25 11:20:10 [DiscoveryClient-CacheRefreshExecutor-%d] DEBUG o.s.web.client.RestTemplate - Reading to [org.springframework.cloud.netflix.eureka.http.EurekaApplications]
2025-09-25 11:20:40 [DiscoveryClient-HeartbeatExecutor-%d] DEBUG o.s.web.client.RestTemplate - HTTP PUT http://localhost:8761/eureka/apps/ROOM-SERVICE/GT0126:room-service:9003?status=UP&lastDirtyTimestamp=1758718826120
2025-09-25 11:20:40 [DiscoveryClient-HeartbeatExecutor-%d] DEBUG o.s.web.client.RestTemplate - Accept=[application/json, application/*+json]
2025-09-25 11:20:40 [DiscoveryClient-HeartbeatExecutor-%d] DEBUG o.s.web.client.RestTemplate - Response 200 OK
2025-09-25 11:20:40 [DiscoveryClient-CacheRefreshExecutor-%d] DEBUG o.s.web.client.RestTemplate - HTTP GET http://localhost:8761/eureka/apps/delta
2025-09-25 11:20:40 [DiscoveryClient-CacheRefreshExecutor-%d] DEBUG o.s.web.client.RestTemplate - Accept=[application/json, application/*+json]
2025-09-25 11:20:40 [DiscoveryClient-CacheRefreshExecutor-%d] DEBUG o.s.web.client.RestTemplate - Response 200 OK
2025-09-25 11:20:40 [DiscoveryClient-CacheRefreshExecutor-%d] DEBUG o.s.web.client.RestTemplate - Reading to [org.springframework.cloud.netflix.eureka.http.EurekaApplications]
2025-09-25 11:21:10 [DiscoveryClient-HeartbeatExecutor-%d] DEBUG o.s.web.client.RestTemplate - HTTP PUT http://localhost:8761/eureka/apps/ROOM-SERVICE/GT0126:room-service:9003?status=UP&lastDirtyTimestamp=1758718826120
2025-09-25 11:21:10 [DiscoveryClient-HeartbeatExecutor-%d] DEBUG o.s.web.client.RestTemplate - Accept=[application/json, application/*+json]
2025-09-25 11:21:10 [DiscoveryClient-HeartbeatExecutor-%d] DEBUG o.s.web.client.RestTemplate - Response 200 OK
2025-09-25 11:21:10 [DiscoveryClient-CacheRefreshExecutor-%d] DEBUG o.s.web.client.RestTemplate - HTTP GET http://localhost:8761/eureka/apps/delta
2025-09-25 11:21:10 [DiscoveryClient-CacheRefreshExecutor-%d] DEBUG o.s.web.client.RestTemplate - Accept=[application/json, application/*+json]
2025-09-25 11:21:10 [DiscoveryClient-CacheRefreshExecutor-%d] DEBUG o.s.web.client.RestTemplate - Response 200 OK
2025-09-25 11:21:10 [DiscoveryClient-CacheRefreshExecutor-%d] DEBUG o.s.web.client.RestTemplate - Reading to [org.springframework.cloud.netflix.eureka.http.EurekaApplications]
2025-09-25 11:21:40 [DiscoveryClient-HeartbeatExecutor-%d] DEBUG o.s.web.client.RestTemplate - HTTP PUT http://localhost:8761/eureka/apps/ROOM-SERVICE/GT0126:room-service:9003?status=UP&lastDirtyTimestamp=1758718826120
2025-09-25 11:21:40 [DiscoveryClient-HeartbeatExecutor-%d] DEBUG o.s.web.client.RestTemplate - Accept=[application/json, application/*+json]
2025-09-25 11:21:40 [DiscoveryClient-HeartbeatExecutor-%d] DEBUG o.s.web.client.RestTemplate - Response 200 OK
2025-09-25 11:21:40 [DiscoveryClient-CacheRefreshExecutor-%d] DEBUG o.s.web.client.RestTemplate - HTTP GET http://localhost:8761/eureka/apps/delta
2025-09-25 11:21:40 [DiscoveryClient-CacheRefreshExecutor-%d] DEBUG o.s.web.client.RestTemplate - Accept=[application/json, application/*+json]
2025-09-25 11:21:40 [DiscoveryClient-CacheRefreshExecutor-%d] DEBUG o.s.web.client.RestTemplate - Response 200 OK
2025-09-25 11:21:40 [DiscoveryClient-CacheRefreshExecutor-%d] DEBUG o.s.web.client.RestTemplate - Reading to [org.springframework.cloud.netflix.eureka.http.EurekaApplications]
2025-09-25 11:22:10 [DiscoveryClient-HeartbeatExecutor-%d] DEBUG o.s.web.client.RestTemplate - HTTP PUT http://localhost:8761/eureka/apps/ROOM-SERVICE/GT0126:room-service:9003?status=UP&lastDirtyTimestamp=1758718826120
2025-09-25 11:22:10 [DiscoveryClient-HeartbeatExecutor-%d] DEBUG o.s.web.client.RestTemplate - Accept=[application/json, application/*+json]
2025-09-25 11:22:10 [DiscoveryClient-HeartbeatExecutor-%d] DEBUG o.s.web.client.RestTemplate - Response 200 OK
2025-09-25 11:22:10 [DiscoveryClient-CacheRefreshExecutor-%d] DEBUG o.s.web.client.RestTemplate - HTTP GET http://localhost:8761/eureka/apps/delta
2025-09-25 11:22:10 [DiscoveryClient-CacheRefreshExecutor-%d] DEBUG o.s.web.client.RestTemplate - Accept=[application/json, application/*+json]
2025-09-25 11:22:10 [DiscoveryClient-CacheRefreshExecutor-%d] DEBUG o.s.web.client.RestTemplate - Response 200 OK
2025-09-25 11:22:10 [DiscoveryClient-CacheRefreshExecutor-%d] DEBUG o.s.web.client.RestTemplate - Reading to [org.springframework.cloud.netflix.eureka.http.EurekaApplications]
2025-09-25 11:22:40 [DiscoveryClient-HeartbeatExecutor-%d] DEBUG o.s.web.client.RestTemplate - HTTP PUT http://localhost:8761/eureka/apps/ROOM-SERVICE/GT0126:room-service:9003?status=UP&lastDirtyTimestamp=1758718826120
2025-09-25 11:22:40 [DiscoveryClient-HeartbeatExecutor-%d] DEBUG o.s.web.client.RestTemplate - Accept=[application/json, application/*+json]
2025-09-25 11:22:40 [DiscoveryClient-HeartbeatExecutor-%d] DEBUG o.s.web.client.RestTemplate - Response 200 OK
2025-09-25 11:22:40 [DiscoveryClient-CacheRefreshExecutor-%d] DEBUG o.s.web.client.RestTemplate - HTTP GET http://localhost:8761/eureka/apps/delta
2025-09-25 11:22:40 [DiscoveryClient-CacheRefreshExecutor-%d] DEBUG o.s.web.client.RestTemplate - Accept=[application/json, application/*+json]
2025-09-25 11:22:40 [DiscoveryClient-CacheRefreshExecutor-%d] DEBUG o.s.web.client.RestTemplate - Response 200 OK
2025-09-25 11:22:40 [DiscoveryClient-CacheRefreshExecutor-%d] DEBUG o.s.web.client.RestTemplate - Reading to [org.springframework.cloud.netflix.eureka.http.EurekaApplications]
2025-09-25 11:23:10 [DiscoveryClient-HeartbeatExecutor-%d] DEBUG o.s.web.client.RestTemplate - HTTP PUT http://localhost:8761/eureka/apps/ROOM-SERVICE/GT0126:room-service:9003?status=UP&lastDirtyTimestamp=1758718826120
2025-09-25 11:23:10 [DiscoveryClient-HeartbeatExecutor-%d] DEBUG o.s.web.client.RestTemplate - Accept=[application/json, application/*+json]
2025-09-25 11:23:10 [DiscoveryClient-HeartbeatExecutor-%d] DEBUG o.s.web.client.RestTemplate - Response 200 OK
2025-09-25 11:23:10 [DiscoveryClient-CacheRefreshExecutor-%d] DEBUG o.s.web.client.RestTemplate - HTTP GET http://localhost:8761/eureka/apps/delta
2025-09-25 11:23:10 [DiscoveryClient-CacheRefreshExecutor-%d] DEBUG o.s.web.client.RestTemplate - Accept=[application/json, application/*+json]
2025-09-25 11:23:10 [DiscoveryClient-CacheRefreshExecutor-%d] DEBUG o.s.web.client.RestTemplate - Response 200 OK
2025-09-25 11:23:10 [DiscoveryClient-CacheRefreshExecutor-%d] DEBUG o.s.web.client.RestTemplate - Reading to [org.springframework.cloud.netflix.eureka.http.EurekaApplications]
2025-09-25 11:23:40 [DiscoveryClient-HeartbeatExecutor-%d] DEBUG o.s.web.client.RestTemplate - HTTP PUT http://localhost:8761/eureka/apps/ROOM-SERVICE/GT0126:room-service:9003?status=UP&lastDirtyTimestamp=1758718826120
2025-09-25 11:23:40 [DiscoveryClient-HeartbeatExecutor-%d] DEBUG o.s.web.client.RestTemplate - Accept=[application/json, application/*+json]
2025-09-25 11:23:40 [DiscoveryClient-HeartbeatExecutor-%d] DEBUG o.s.web.client.RestTemplate - Response 200 OK
2025-09-25 11:23:40 [DiscoveryClient-CacheRefreshExecutor-%d] DEBUG o.s.web.client.RestTemplate - HTTP GET http://localhost:8761/eureka/apps/delta
2025-09-25 11:23:40 [DiscoveryClient-CacheRefreshExecutor-%d] DEBUG o.s.web.client.RestTemplate - Accept=[application/json, application/*+json]
2025-09-25 11:23:40 [DiscoveryClient-CacheRefreshExecutor-%d] DEBUG o.s.web.client.RestTemplate - Response 200 OK
2025-09-25 11:23:40 [DiscoveryClient-CacheRefreshExecutor-%d] DEBUG o.s.web.client.RestTemplate - Reading to [org.springframework.cloud.netflix.eureka.http.EurekaApplications]
2025-09-25 11:24:10 [DiscoveryClient-HeartbeatExecutor-%d] DEBUG o.s.web.client.RestTemplate - HTTP PUT http://localhost:8761/eureka/apps/ROOM-SERVICE/GT0126:room-service:9003?status=UP&lastDirtyTimestamp=1758718826120
2025-09-25 11:24:10 [DiscoveryClient-HeartbeatExecutor-%d] DEBUG o.s.web.client.RestTemplate - Accept=[application/json, application/*+json]
2025-09-25 11:24:10 [DiscoveryClient-HeartbeatExecutor-%d] DEBUG o.s.web.client.RestTemplate - Response 200 OK
2025-09-25 11:24:10 [DiscoveryClient-CacheRefreshExecutor-%d] DEBUG o.s.web.client.RestTemplate - HTTP GET http://localhost:8761/eureka/apps/delta
2025-09-25 11:24:10 [DiscoveryClient-CacheRefreshExecutor-%d] DEBUG o.s.web.client.RestTemplate - Accept=[application/json, application/*+json]
2025-09-25 11:24:10 [DiscoveryClient-CacheRefreshExecutor-%d] DEBUG o.s.web.client.RestTemplate - Response 200 OK
2025-09-25 11:24:10 [DiscoveryClient-CacheRefreshExecutor-%d] DEBUG o.s.web.client.RestTemplate - Reading to [org.springframework.cloud.netflix.eureka.http.EurekaApplications]
2025-09-25 11:24:31 [AsyncResolver-bootstrap-executor-%d] INFO  c.n.d.s.r.aws.ConfigClusterResolver - Resolving eureka endpoints via configuration
2025-09-25 11:24:40 [DiscoveryClient-HeartbeatExecutor-%d] DEBUG o.s.web.client.RestTemplate - HTTP PUT http://localhost:8761/eureka/apps/ROOM-SERVICE/GT0126:room-service:9003?status=UP&lastDirtyTimestamp=1758718826120
2025-09-25 11:24:40 [DiscoveryClient-HeartbeatExecutor-%d] DEBUG o.s.web.client.RestTemplate - Accept=[application/json, application/*+json]
2025-09-25 11:24:40 [DiscoveryClient-HeartbeatExecutor-%d] DEBUG o.s.web.client.RestTemplate - Response 200 OK
2025-09-25 11:24:40 [DiscoveryClient-CacheRefreshExecutor-%d] DEBUG o.s.web.client.RestTemplate - HTTP GET http://localhost:8761/eureka/apps/delta
2025-09-25 11:24:40 [DiscoveryClient-CacheRefreshExecutor-%d] DEBUG o.s.web.client.RestTemplate - Accept=[application/json, application/*+json]
2025-09-25 11:24:40 [DiscoveryClient-CacheRefreshExecutor-%d] DEBUG o.s.web.client.RestTemplate - Response 200 OK
2025-09-25 11:24:40 [DiscoveryClient-CacheRefreshExecutor-%d] DEBUG o.s.web.client.RestTemplate - Reading to [org.springframework.cloud.netflix.eureka.http.EurekaApplications]
2025-09-25 11:25:10 [DiscoveryClient-HeartbeatExecutor-%d] DEBUG o.s.web.client.RestTemplate - HTTP PUT http://localhost:8761/eureka/apps/ROOM-SERVICE/GT0126:room-service:9003?status=UP&lastDirtyTimestamp=1758718826120
2025-09-25 11:25:10 [DiscoveryClient-HeartbeatExecutor-%d] DEBUG o.s.web.client.RestTemplate - Accept=[application/json, application/*+json]
2025-09-25 11:25:10 [DiscoveryClient-HeartbeatExecutor-%d] DEBUG o.s.web.client.RestTemplate - Response 200 OK
2025-09-25 11:25:10 [DiscoveryClient-CacheRefreshExecutor-%d] DEBUG o.s.web.client.RestTemplate - HTTP GET http://localhost:8761/eureka/apps/delta
2025-09-25 11:25:10 [DiscoveryClient-CacheRefreshExecutor-%d] DEBUG o.s.web.client.RestTemplate - Accept=[application/json, application/*+json]
2025-09-25 11:25:10 [DiscoveryClient-CacheRefreshExecutor-%d] DEBUG o.s.web.client.RestTemplate - Response 200 OK
2025-09-25 11:25:10 [DiscoveryClient-CacheRefreshExecutor-%d] DEBUG o.s.web.client.RestTemplate - Reading to [org.springframework.cloud.netflix.eureka.http.EurekaApplications]
2025-09-25 11:25:40 [DiscoveryClient-HeartbeatExecutor-%d] DEBUG o.s.web.client.RestTemplate - HTTP PUT http://localhost:8761/eureka/apps/ROOM-SERVICE/GT0126:room-service:9003?status=UP&lastDirtyTimestamp=1758718826120
2025-09-25 11:25:40 [DiscoveryClient-HeartbeatExecutor-%d] DEBUG o.s.web.client.RestTemplate - Accept=[application/json, application/*+json]
2025-09-25 11:25:40 [DiscoveryClient-CacheRefreshExecutor-%d] DEBUG o.s.web.client.RestTemplate - HTTP GET http://localhost:8761/eureka/apps/delta
2025-09-25 11:25:40 [DiscoveryClient-CacheRefreshExecutor-%d] DEBUG o.s.web.client.RestTemplate - Accept=[application/json, application/*+json]
2025-09-25 11:25:40 [DiscoveryClient-HeartbeatExecutor-%d] DEBUG o.s.web.client.RestTemplate - Response 200 OK
2025-09-25 11:25:40 [DiscoveryClient-CacheRefreshExecutor-%d] DEBUG o.s.web.client.RestTemplate - Response 200 OK
2025-09-25 11:25:40 [DiscoveryClient-CacheRefreshExecutor-%d] DEBUG o.s.web.client.RestTemplate - Reading to [org.springframework.cloud.netflix.eureka.http.EurekaApplications]
2025-09-25 11:26:10 [DiscoveryClient-HeartbeatExecutor-%d] DEBUG o.s.web.client.RestTemplate - HTTP PUT http://localhost:8761/eureka/apps/ROOM-SERVICE/GT0126:room-service:9003?status=UP&lastDirtyTimestamp=1758718826120
2025-09-25 11:26:10 [DiscoveryClient-HeartbeatExecutor-%d] DEBUG o.s.web.client.RestTemplate - Accept=[application/json, application/*+json]
2025-09-25 11:26:10 [DiscoveryClient-CacheRefreshExecutor-%d] DEBUG o.s.web.client.RestTemplate - HTTP GET http://localhost:8761/eureka/apps/delta
2025-09-25 11:26:10 [DiscoveryClient-CacheRefreshExecutor-%d] DEBUG o.s.web.client.RestTemplate - Accept=[application/json, application/*+json]
2025-09-25 11:26:10 [DiscoveryClient-HeartbeatExecutor-%d] DEBUG o.s.web.client.RestTemplate - Response 200 OK
2025-09-25 11:26:10 [DiscoveryClient-CacheRefreshExecutor-%d] DEBUG o.s.web.client.RestTemplate - Response 200 OK
2025-09-25 11:26:10 [DiscoveryClient-CacheRefreshExecutor-%d] DEBUG o.s.web.client.RestTemplate - Reading to [org.springframework.cloud.netflix.eureka.http.EurekaApplications]
2025-09-25 11:26:40 [DiscoveryClient-HeartbeatExecutor-%d] DEBUG o.s.web.client.RestTemplate - HTTP PUT http://localhost:8761/eureka/apps/ROOM-SERVICE/GT0126:room-service:9003?status=UP&lastDirtyTimestamp=1758718826120
2025-09-25 11:26:40 [DiscoveryClient-HeartbeatExecutor-%d] DEBUG o.s.web.client.RestTemplate - Accept=[application/json, application/*+json]
2025-09-25 11:26:40 [DiscoveryClient-CacheRefreshExecutor-%d] DEBUG o.s.web.client.RestTemplate - HTTP GET http://localhost:8761/eureka/apps/delta
2025-09-25 11:26:40 [DiscoveryClient-CacheRefreshExecutor-%d] DEBUG o.s.web.client.RestTemplate - Accept=[application/json, application/*+json]
2025-09-25 11:26:40 [DiscoveryClient-HeartbeatExecutor-%d] DEBUG o.s.web.client.RestTemplate - Response 200 OK
2025-09-25 11:26:41 [DiscoveryClient-CacheRefreshExecutor-%d] DEBUG o.s.web.client.RestTemplate - Response 200 OK
2025-09-25 11:26:41 [DiscoveryClient-CacheRefreshExecutor-%d] DEBUG o.s.web.client.RestTemplate - Reading to [org.springframework.cloud.netflix.eureka.http.EurekaApplications]
2025-09-25 11:27:10 [DiscoveryClient-HeartbeatExecutor-%d] DEBUG o.s.web.client.RestTemplate - HTTP PUT http://localhost:8761/eureka/apps/ROOM-SERVICE/GT0126:room-service:9003?status=UP&lastDirtyTimestamp=1758718826120
2025-09-25 11:27:10 [DiscoveryClient-HeartbeatExecutor-%d] DEBUG o.s.web.client.RestTemplate - Accept=[application/json, application/*+json]
2025-09-25 11:27:11 [DiscoveryClient-HeartbeatExecutor-%d] DEBUG o.s.web.client.RestTemplate - Response 200 OK
2025-09-25 11:27:11 [DiscoveryClient-CacheRefreshExecutor-%d] DEBUG o.s.web.client.RestTemplate - HTTP GET http://localhost:8761/eureka/apps/delta
2025-09-25 11:27:11 [DiscoveryClient-CacheRefreshExecutor-%d] DEBUG o.s.web.client.RestTemplate - Accept=[application/json, application/*+json]
2025-09-25 11:27:11 [DiscoveryClient-CacheRefreshExecutor-%d] DEBUG o.s.web.client.RestTemplate - Response 200 OK
2025-09-25 11:27:11 [DiscoveryClient-CacheRefreshExecutor-%d] DEBUG o.s.web.client.RestTemplate - Reading to [org.springframework.cloud.netflix.eureka.http.EurekaApplications]
2025-09-25 11:27:41 [DiscoveryClient-HeartbeatExecutor-%d] DEBUG o.s.web.client.RestTemplate - HTTP PUT http://localhost:8761/eureka/apps/ROOM-SERVICE/GT0126:room-service:9003?status=UP&lastDirtyTimestamp=1758718826120
2025-09-25 11:27:41 [DiscoveryClient-HeartbeatExecutor-%d] DEBUG o.s.web.client.RestTemplate - Accept=[application/json, application/*+json]
2025-09-25 11:27:41 [DiscoveryClient-HeartbeatExecutor-%d] DEBUG o.s.web.client.RestTemplate - Response 200 OK
2025-09-25 11:27:41 [DiscoveryClient-CacheRefreshExecutor-%d] DEBUG o.s.web.client.RestTemplate - HTTP GET http://localhost:8761/eureka/apps/delta
2025-09-25 11:27:41 [DiscoveryClient-CacheRefreshExecutor-%d] DEBUG o.s.web.client.RestTemplate - Accept=[application/json, application/*+json]
2025-09-25 11:27:41 [DiscoveryClient-CacheRefreshExecutor-%d] DEBUG o.s.web.client.RestTemplate - Response 200 OK
2025-09-25 11:27:41 [DiscoveryClient-CacheRefreshExecutor-%d] DEBUG o.s.web.client.RestTemplate - Reading to [org.springframework.cloud.netflix.eureka.http.EurekaApplications]
2025-09-25 11:28:11 [DiscoveryClient-HeartbeatExecutor-%d] DEBUG o.s.web.client.RestTemplate - HTTP PUT http://localhost:8761/eureka/apps/ROOM-SERVICE/GT0126:room-service:9003?status=UP&lastDirtyTimestamp=1758718826120
2025-09-25 11:28:11 [DiscoveryClient-HeartbeatExecutor-%d] DEBUG o.s.web.client.RestTemplate - Accept=[application/json, application/*+json]
2025-09-25 11:28:11 [DiscoveryClient-HeartbeatExecutor-%d] DEBUG o.s.web.client.RestTemplate - Response 200 OK
2025-09-25 11:28:11 [DiscoveryClient-CacheRefreshExecutor-%d] DEBUG o.s.web.client.RestTemplate - HTTP GET http://localhost:8761/eureka/apps/delta
2025-09-25 11:28:11 [DiscoveryClient-CacheRefreshExecutor-%d] DEBUG o.s.web.client.RestTemplate - Accept=[application/json, application/*+json]
2025-09-25 11:28:11 [DiscoveryClient-CacheRefreshExecutor-%d] DEBUG o.s.web.client.RestTemplate - Response 200 OK
2025-09-25 11:28:11 [DiscoveryClient-CacheRefreshExecutor-%d] DEBUG o.s.web.client.RestTemplate - Reading to [org.springframework.cloud.netflix.eureka.http.EurekaApplications]
2025-09-25 11:28:41 [DiscoveryClient-HeartbeatExecutor-%d] DEBUG o.s.web.client.RestTemplate - HTTP PUT http://localhost:8761/eureka/apps/ROOM-SERVICE/GT0126:room-service:9003?status=UP&lastDirtyTimestamp=1758718826120
2025-09-25 11:28:41 [DiscoveryClient-HeartbeatExecutor-%d] DEBUG o.s.web.client.RestTemplate - Accept=[application/json, application/*+json]
2025-09-25 11:28:41 [DiscoveryClient-HeartbeatExecutor-%d] DEBUG o.s.web.client.RestTemplate - Response 200 OK
2025-09-25 11:28:41 [DiscoveryClient-CacheRefreshExecutor-%d] DEBUG o.s.web.client.RestTemplate - HTTP GET http://localhost:8761/eureka/apps/delta
2025-09-25 11:28:41 [DiscoveryClient-CacheRefreshExecutor-%d] DEBUG o.s.web.client.RestTemplate - Accept=[application/json, application/*+json]
2025-09-25 11:28:41 [DiscoveryClient-CacheRefreshExecutor-%d] DEBUG o.s.web.client.RestTemplate - Response 200 OK
2025-09-25 11:28:41 [DiscoveryClient-CacheRefreshExecutor-%d] DEBUG o.s.web.client.RestTemplate - Reading to [org.springframework.cloud.netflix.eureka.http.EurekaApplications]
2025-09-25 11:29:11 [DiscoveryClient-HeartbeatExecutor-%d] DEBUG o.s.web.client.RestTemplate - HTTP PUT http://localhost:8761/eureka/apps/ROOM-SERVICE/GT0126:room-service:9003?status=UP&lastDirtyTimestamp=1758718826120
2025-09-25 11:29:11 [DiscoveryClient-HeartbeatExecutor-%d] DEBUG o.s.web.client.RestTemplate - Accept=[application/json, application/*+json]
2025-09-25 11:29:11 [DiscoveryClient-HeartbeatExecutor-%d] DEBUG o.s.web.client.RestTemplate - Response 200 OK
2025-09-25 11:29:11 [DiscoveryClient-CacheRefreshExecutor-%d] DEBUG o.s.web.client.RestTemplate - HTTP GET http://localhost:8761/eureka/apps/delta
2025-09-25 11:29:11 [DiscoveryClient-CacheRefreshExecutor-%d] DEBUG o.s.web.client.RestTemplate - Accept=[application/json, application/*+json]
2025-09-25 11:29:11 [DiscoveryClient-CacheRefreshExecutor-%d] DEBUG o.s.web.client.RestTemplate - Response 200 OK
2025-09-25 11:29:11 [DiscoveryClient-CacheRefreshExecutor-%d] DEBUG o.s.web.client.RestTemplate - Reading to [org.springframework.cloud.netflix.eureka.http.EurekaApplications]
2025-09-25 11:29:31 [AsyncResolver-bootstrap-executor-%d] INFO  c.n.d.s.r.aws.ConfigClusterResolver - Resolving eureka endpoints via configuration
2025-09-25 11:29:41 [DiscoveryClient-HeartbeatExecutor-%d] DEBUG o.s.web.client.RestTemplate - HTTP PUT http://localhost:8761/eureka/apps/ROOM-SERVICE/GT0126:room-service:9003?status=UP&lastDirtyTimestamp=1758718826120
2025-09-25 11:29:41 [DiscoveryClient-HeartbeatExecutor-%d] DEBUG o.s.web.client.RestTemplate - Accept=[application/json, application/*+json]
2025-09-25 11:29:41 [DiscoveryClient-HeartbeatExecutor-%d] DEBUG o.s.web.client.RestTemplate - Response 200 OK
2025-09-25 11:29:41 [DiscoveryClient-CacheRefreshExecutor-%d] DEBUG o.s.web.client.RestTemplate - HTTP GET http://localhost:8761/eureka/apps/delta
2025-09-25 11:29:41 [DiscoveryClient-CacheRefreshExecutor-%d] DEBUG o.s.web.client.RestTemplate - Accept=[application/json, application/*+json]
2025-09-25 11:29:41 [DiscoveryClient-CacheRefreshExecutor-%d] DEBUG o.s.web.client.RestTemplate - Response 200 OK
2025-09-25 11:29:41 [DiscoveryClient-CacheRefreshExecutor-%d] DEBUG o.s.web.client.RestTemplate - Reading to [org.springframework.cloud.netflix.eureka.http.EurekaApplications]
2025-09-25 11:30:11 [DiscoveryClient-HeartbeatExecutor-%d] DEBUG o.s.web.client.RestTemplate - HTTP PUT http://localhost:8761/eureka/apps/ROOM-SERVICE/GT0126:room-service:9003?status=UP&lastDirtyTimestamp=1758718826120
2025-09-25 11:30:11 [DiscoveryClient-HeartbeatExecutor-%d] DEBUG o.s.web.client.RestTemplate - Accept=[application/json, application/*+json]
2025-09-25 11:30:11 [DiscoveryClient-HeartbeatExecutor-%d] DEBUG o.s.web.client.RestTemplate - Response 200 OK
2025-09-25 11:30:11 [DiscoveryClient-CacheRefreshExecutor-%d] DEBUG o.s.web.client.RestTemplate - HTTP GET http://localhost:8761/eureka/apps/delta
2025-09-25 11:30:11 [DiscoveryClient-CacheRefreshExecutor-%d] DEBUG o.s.web.client.RestTemplate - Accept=[application/json, application/*+json]
2025-09-25 11:30:11 [DiscoveryClient-CacheRefreshExecutor-%d] DEBUG o.s.web.client.RestTemplate - Response 200 OK
2025-09-25 11:30:11 [DiscoveryClient-CacheRefreshExecutor-%d] DEBUG o.s.web.client.RestTemplate - Reading to [org.springframework.cloud.netflix.eureka.http.EurekaApplications]
2025-09-25 11:30:41 [DiscoveryClient-HeartbeatExecutor-%d] DEBUG o.s.web.client.RestTemplate - HTTP PUT http://localhost:8761/eureka/apps/ROOM-SERVICE/GT0126:room-service:9003?status=UP&lastDirtyTimestamp=1758718826120
2025-09-25 11:30:41 [DiscoveryClient-HeartbeatExecutor-%d] DEBUG o.s.web.client.RestTemplate - Accept=[application/json, application/*+json]
2025-09-25 11:30:41 [DiscoveryClient-HeartbeatExecutor-%d] DEBUG o.s.web.client.RestTemplate - Response 200 OK
2025-09-25 11:30:41 [DiscoveryClient-CacheRefreshExecutor-%d] DEBUG o.s.web.client.RestTemplate - HTTP GET http://localhost:8761/eureka/apps/delta
2025-09-25 11:30:41 [DiscoveryClient-CacheRefreshExecutor-%d] DEBUG o.s.web.client.RestTemplate - Accept=[application/json, application/*+json]
2025-09-25 11:30:41 [DiscoveryClient-CacheRefreshExecutor-%d] DEBUG o.s.web.client.RestTemplate - Response 200 OK
2025-09-25 11:30:41 [DiscoveryClient-CacheRefreshExecutor-%d] DEBUG o.s.web.client.RestTemplate - Reading to [org.springframework.cloud.netflix.eureka.http.EurekaApplications]
2025-09-25 11:31:11 [DiscoveryClient-HeartbeatExecutor-%d] DEBUG o.s.web.client.RestTemplate - HTTP PUT http://localhost:8761/eureka/apps/ROOM-SERVICE/GT0126:room-service:9003?status=UP&lastDirtyTimestamp=1758718826120
2025-09-25 11:31:11 [DiscoveryClient-HeartbeatExecutor-%d] DEBUG o.s.web.client.RestTemplate - Accept=[application/json, application/*+json]
2025-09-25 11:31:11 [DiscoveryClient-HeartbeatExecutor-%d] DEBUG o.s.web.client.RestTemplate - Response 200 OK
2025-09-25 11:31:11 [DiscoveryClient-CacheRefreshExecutor-%d] DEBUG o.s.web.client.RestTemplate - HTTP GET http://localhost:8761/eureka/apps/delta
2025-09-25 11:31:11 [DiscoveryClient-CacheRefreshExecutor-%d] DEBUG o.s.web.client.RestTemplate - Accept=[application/json, application/*+json]
2025-09-25 11:31:11 [DiscoveryClient-CacheRefreshExecutor-%d] DEBUG o.s.web.client.RestTemplate - Response 200 OK
2025-09-25 11:31:11 [DiscoveryClient-CacheRefreshExecutor-%d] DEBUG o.s.web.client.RestTemplate - Reading to [org.springframework.cloud.netflix.eureka.http.EurekaApplications]
2025-09-25 11:31:41 [DiscoveryClient-HeartbeatExecutor-%d] DEBUG o.s.web.client.RestTemplate - HTTP PUT http://localhost:8761/eureka/apps/ROOM-SERVICE/GT0126:room-service:9003?status=UP&lastDirtyTimestamp=1758718826120
2025-09-25 11:31:41 [DiscoveryClient-HeartbeatExecutor-%d] DEBUG o.s.web.client.RestTemplate - Accept=[application/json, application/*+json]
2025-09-25 11:31:41 [DiscoveryClient-HeartbeatExecutor-%d] DEBUG o.s.web.client.RestTemplate - Response 200 OK
2025-09-25 11:31:41 [DiscoveryClient-CacheRefreshExecutor-%d] DEBUG o.s.web.client.RestTemplate - HTTP GET http://localhost:8761/eureka/apps/delta
2025-09-25 11:31:41 [DiscoveryClient-CacheRefreshExecutor-%d] DEBUG o.s.web.client.RestTemplate - Accept=[application/json, application/*+json]
2025-09-25 11:31:41 [DiscoveryClient-CacheRefreshExecutor-%d] DEBUG o.s.web.client.RestTemplate - Response 200 OK
2025-09-25 11:31:41 [DiscoveryClient-CacheRefreshExecutor-%d] DEBUG o.s.web.client.RestTemplate - Reading to [org.springframework.cloud.netflix.eureka.http.EurekaApplications]
2025-09-25 11:32:11 [DiscoveryClient-HeartbeatExecutor-%d] DEBUG o.s.web.client.RestTemplate - HTTP PUT http://localhost:8761/eureka/apps/ROOM-SERVICE/GT0126:room-service:9003?status=UP&lastDirtyTimestamp=1758718826120
2025-09-25 11:32:11 [DiscoveryClient-HeartbeatExecutor-%d] DEBUG o.s.web.client.RestTemplate - Accept=[application/json, application/*+json]
2025-09-25 11:32:11 [DiscoveryClient-HeartbeatExecutor-%d] DEBUG o.s.web.client.RestTemplate - Response 200 OK
2025-09-25 11:32:11 [DiscoveryClient-CacheRefreshExecutor-%d] DEBUG o.s.web.client.RestTemplate - HTTP GET http://localhost:8761/eureka/apps/delta
2025-09-25 11:32:11 [DiscoveryClient-CacheRefreshExecutor-%d] DEBUG o.s.web.client.RestTemplate - Accept=[application/json, application/*+json]
2025-09-25 11:32:11 [DiscoveryClient-CacheRefreshExecutor-%d] DEBUG o.s.web.client.RestTemplate - Response 200 OK
2025-09-25 11:32:11 [DiscoveryClient-CacheRefreshExecutor-%d] DEBUG o.s.web.client.RestTemplate - Reading to [org.springframework.cloud.netflix.eureka.http.EurekaApplications]
2025-09-25 11:32:41 [DiscoveryClient-HeartbeatExecutor-%d] DEBUG o.s.web.client.RestTemplate - HTTP PUT http://localhost:8761/eureka/apps/ROOM-SERVICE/GT0126:room-service:9003?status=UP&lastDirtyTimestamp=1758718826120
2025-09-25 11:32:41 [DiscoveryClient-HeartbeatExecutor-%d] DEBUG o.s.web.client.RestTemplate - Accept=[application/json, application/*+json]
2025-09-25 11:32:41 [DiscoveryClient-HeartbeatExecutor-%d] DEBUG o.s.web.client.RestTemplate - Response 200 OK
2025-09-25 11:32:41 [DiscoveryClient-CacheRefreshExecutor-%d] DEBUG o.s.web.client.RestTemplate - HTTP GET http://localhost:8761/eureka/apps/delta
2025-09-25 11:32:41 [DiscoveryClient-CacheRefreshExecutor-%d] DEBUG o.s.web.client.RestTemplate - Accept=[application/json, application/*+json]
2025-09-25 11:32:41 [DiscoveryClient-CacheRefreshExecutor-%d] DEBUG o.s.web.client.RestTemplate - Response 200 OK
2025-09-25 11:32:41 [DiscoveryClient-CacheRefreshExecutor-%d] DEBUG o.s.web.client.RestTemplate - Reading to [org.springframework.cloud.netflix.eureka.http.EurekaApplications]
2025-09-25 11:33:11 [DiscoveryClient-HeartbeatExecutor-%d] DEBUG o.s.web.client.RestTemplate - HTTP PUT http://localhost:8761/eureka/apps/ROOM-SERVICE/GT0126:room-service:9003?status=UP&lastDirtyTimestamp=1758718826120
2025-09-25 11:33:11 [DiscoveryClient-HeartbeatExecutor-%d] DEBUG o.s.web.client.RestTemplate - Accept=[application/json, application/*+json]
2025-09-25 11:33:11 [DiscoveryClient-HeartbeatExecutor-%d] DEBUG o.s.web.client.RestTemplate - Response 200 OK
2025-09-25 11:33:11 [DiscoveryClient-CacheRefreshExecutor-%d] DEBUG o.s.web.client.RestTemplate - HTTP GET http://localhost:8761/eureka/apps/delta
2025-09-25 11:33:11 [DiscoveryClient-CacheRefreshExecutor-%d] DEBUG o.s.web.client.RestTemplate - Accept=[application/json, application/*+json]
2025-09-25 11:33:11 [DiscoveryClient-CacheRefreshExecutor-%d] DEBUG o.s.web.client.RestTemplate - Response 200 OK
2025-09-25 11:33:11 [DiscoveryClient-CacheRefreshExecutor-%d] DEBUG o.s.web.client.RestTemplate - Reading to [org.springframework.cloud.netflix.eureka.http.EurekaApplications]
2025-09-25 11:33:41 [DiscoveryClient-HeartbeatExecutor-%d] DEBUG o.s.web.client.RestTemplate - HTTP PUT http://localhost:8761/eureka/apps/ROOM-SERVICE/GT0126:room-service:9003?status=UP&lastDirtyTimestamp=1758718826120
2025-09-25 11:33:41 [DiscoveryClient-HeartbeatExecutor-%d] DEBUG o.s.web.client.RestTemplate - Accept=[application/json, application/*+json]
2025-09-25 11:33:41 [DiscoveryClient-HeartbeatExecutor-%d] DEBUG o.s.web.client.RestTemplate - Response 200 OK
2025-09-25 11:33:41 [DiscoveryClient-CacheRefreshExecutor-%d] DEBUG o.s.web.client.RestTemplate - HTTP GET http://localhost:8761/eureka/apps/delta
2025-09-25 11:33:41 [DiscoveryClient-CacheRefreshExecutor-%d] DEBUG o.s.web.client.RestTemplate - Accept=[application/json, application/*+json]
2025-09-25 11:33:41 [DiscoveryClient-CacheRefreshExecutor-%d] DEBUG o.s.web.client.RestTemplate - Response 200 OK
2025-09-25 11:33:41 [DiscoveryClient-CacheRefreshExecutor-%d] DEBUG o.s.web.client.RestTemplate - Reading to [org.springframework.cloud.netflix.eureka.http.EurekaApplications]
2025-09-25 11:34:11 [DiscoveryClient-HeartbeatExecutor-%d] DEBUG o.s.web.client.RestTemplate - HTTP PUT http://localhost:8761/eureka/apps/ROOM-SERVICE/GT0126:room-service:9003?status=UP&lastDirtyTimestamp=1758718826120
2025-09-25 11:34:11 [DiscoveryClient-HeartbeatExecutor-%d] DEBUG o.s.web.client.RestTemplate - Accept=[application/json, application/*+json]
2025-09-25 11:34:11 [DiscoveryClient-HeartbeatExecutor-%d] DEBUG o.s.web.client.RestTemplate - Response 200 OK
2025-09-25 11:34:11 [DiscoveryClient-CacheRefreshExecutor-%d] DEBUG o.s.web.client.RestTemplate - HTTP GET http://localhost:8761/eureka/apps/delta
2025-09-25 11:34:11 [DiscoveryClient-CacheRefreshExecutor-%d] DEBUG o.s.web.client.RestTemplate - Accept=[application/json, application/*+json]
2025-09-25 11:34:11 [DiscoveryClient-CacheRefreshExecutor-%d] DEBUG o.s.web.client.RestTemplate - Response 200 OK
2025-09-25 11:34:11 [DiscoveryClient-CacheRefreshExecutor-%d] DEBUG o.s.web.client.RestTemplate - Reading to [org.springframework.cloud.netflix.eureka.http.EurekaApplications]
2025-09-25 11:34:31 [AsyncResolver-bootstrap-executor-%d] INFO  c.n.d.s.r.aws.ConfigClusterResolver - Resolving eureka endpoints via configuration
2025-09-25 11:34:41 [DiscoveryClient-HeartbeatExecutor-%d] DEBUG o.s.web.client.RestTemplate - HTTP PUT http://localhost:8761/eureka/apps/ROOM-SERVICE/GT0126:room-service:9003?status=UP&lastDirtyTimestamp=1758718826120
2025-09-25 11:34:41 [DiscoveryClient-HeartbeatExecutor-%d] DEBUG o.s.web.client.RestTemplate - Accept=[application/json, application/*+json]
2025-09-25 11:34:41 [DiscoveryClient-HeartbeatExecutor-%d] DEBUG o.s.web.client.RestTemplate - Response 200 OK
2025-09-25 11:34:41 [DiscoveryClient-CacheRefreshExecutor-%d] DEBUG o.s.web.client.RestTemplate - HTTP GET http://localhost:8761/eureka/apps/delta
2025-09-25 11:34:41 [DiscoveryClient-CacheRefreshExecutor-%d] DEBUG o.s.web.client.RestTemplate - Accept=[application/json, application/*+json]
2025-09-25 11:34:41 [DiscoveryClient-CacheRefreshExecutor-%d] DEBUG o.s.web.client.RestTemplate - Response 200 OK
2025-09-25 11:34:41 [DiscoveryClient-CacheRefreshExecutor-%d] DEBUG o.s.web.client.RestTemplate - Reading to [org.springframework.cloud.netflix.eureka.http.EurekaApplications]
2025-09-25 11:35:11 [DiscoveryClient-HeartbeatExecutor-%d] DEBUG o.s.web.client.RestTemplate - HTTP PUT http://localhost:8761/eureka/apps/ROOM-SERVICE/GT0126:room-service:9003?status=UP&lastDirtyTimestamp=1758718826120
2025-09-25 11:35:11 [DiscoveryClient-HeartbeatExecutor-%d] DEBUG o.s.web.client.RestTemplate - Accept=[application/json, application/*+json]
2025-09-25 11:35:11 [DiscoveryClient-HeartbeatExecutor-%d] DEBUG o.s.web.client.RestTemplate - Response 200 OK
2025-09-25 11:35:11 [DiscoveryClient-CacheRefreshExecutor-%d] DEBUG o.s.web.client.RestTemplate - HTTP GET http://localhost:8761/eureka/apps/delta
2025-09-25 11:35:11 [DiscoveryClient-CacheRefreshExecutor-%d] DEBUG o.s.web.client.RestTemplate - Accept=[application/json, application/*+json]
2025-09-25 11:35:11 [DiscoveryClient-CacheRefreshExecutor-%d] DEBUG o.s.web.client.RestTemplate - Response 200 OK
2025-09-25 11:35:11 [DiscoveryClient-CacheRefreshExecutor-%d] DEBUG o.s.web.client.RestTemplate - Reading to [org.springframework.cloud.netflix.eureka.http.EurekaApplications]
2025-09-25 11:35:41 [DiscoveryClient-HeartbeatExecutor-%d] DEBUG o.s.web.client.RestTemplate - HTTP PUT http://localhost:8761/eureka/apps/ROOM-SERVICE/GT0126:room-service:9003?status=UP&lastDirtyTimestamp=1758718826120
2025-09-25 11:35:41 [DiscoveryClient-HeartbeatExecutor-%d] DEBUG o.s.web.client.RestTemplate - Accept=[application/json, application/*+json]
2025-09-25 11:35:41 [DiscoveryClient-HeartbeatExecutor-%d] DEBUG o.s.web.client.RestTemplate - Response 200 OK
2025-09-25 11:35:41 [DiscoveryClient-CacheRefreshExecutor-%d] DEBUG o.s.web.client.RestTemplate - HTTP GET http://localhost:8761/eureka/apps/delta
2025-09-25 11:35:41 [DiscoveryClient-CacheRefreshExecutor-%d] DEBUG o.s.web.client.RestTemplate - Accept=[application/json, application/*+json]
2025-09-25 11:35:41 [DiscoveryClient-CacheRefreshExecutor-%d] DEBUG o.s.web.client.RestTemplate - Response 200 OK
2025-09-25 11:35:41 [DiscoveryClient-CacheRefreshExecutor-%d] DEBUG o.s.web.client.RestTemplate - Reading to [org.springframework.cloud.netflix.eureka.http.EurekaApplications]
2025-09-25 11:36:11 [DiscoveryClient-HeartbeatExecutor-%d] DEBUG o.s.web.client.RestTemplate - HTTP PUT http://localhost:8761/eureka/apps/ROOM-SERVICE/GT0126:room-service:9003?status=UP&lastDirtyTimestamp=1758718826120
2025-09-25 11:36:11 [DiscoveryClient-HeartbeatExecutor-%d] DEBUG o.s.web.client.RestTemplate - Accept=[application/json, application/*+json]
2025-09-25 11:36:11 [DiscoveryClient-HeartbeatExecutor-%d] DEBUG o.s.web.client.RestTemplate - Response 200 OK
2025-09-25 11:36:11 [DiscoveryClient-CacheRefreshExecutor-%d] DEBUG o.s.web.client.RestTemplate - HTTP GET http://localhost:8761/eureka/apps/delta
2025-09-25 11:36:11 [DiscoveryClient-CacheRefreshExecutor-%d] DEBUG o.s.web.client.RestTemplate - Accept=[application/json, application/*+json]
2025-09-25 11:36:11 [DiscoveryClient-CacheRefreshExecutor-%d] DEBUG o.s.web.client.RestTemplate - Response 200 OK
2025-09-25 11:36:11 [DiscoveryClient-CacheRefreshExecutor-%d] DEBUG o.s.web.client.RestTemplate - Reading to [org.springframework.cloud.netflix.eureka.http.EurekaApplications]
2025-09-25 11:36:41 [DiscoveryClient-HeartbeatExecutor-%d] DEBUG o.s.web.client.RestTemplate - HTTP PUT http://localhost:8761/eureka/apps/ROOM-SERVICE/GT0126:room-service:9003?status=UP&lastDirtyTimestamp=1758718826120
2025-09-25 11:36:41 [DiscoveryClient-HeartbeatExecutor-%d] DEBUG o.s.web.client.RestTemplate - Accept=[application/json, application/*+json]
2025-09-25 11:36:41 [DiscoveryClient-HeartbeatExecutor-%d] DEBUG o.s.web.client.RestTemplate - Response 200 OK
2025-09-25 11:36:41 [DiscoveryClient-CacheRefreshExecutor-%d] DEBUG o.s.web.client.RestTemplate - HTTP GET http://localhost:8761/eureka/apps/delta
2025-09-25 11:36:41 [DiscoveryClient-CacheRefreshExecutor-%d] DEBUG o.s.web.client.RestTemplate - Accept=[application/json, application/*+json]
2025-09-25 11:36:41 [DiscoveryClient-CacheRefreshExecutor-%d] DEBUG o.s.web.client.RestTemplate - Response 200 OK
2025-09-25 11:36:41 [DiscoveryClient-CacheRefreshExecutor-%d] DEBUG o.s.web.client.RestTemplate - Reading to [org.springframework.cloud.netflix.eureka.http.EurekaApplications]
2025-09-25 11:37:11 [DiscoveryClient-HeartbeatExecutor-%d] DEBUG o.s.web.client.RestTemplate - HTTP PUT http://localhost:8761/eureka/apps/ROOM-SERVICE/GT0126:room-service:9003?status=UP&lastDirtyTimestamp=1758718826120
2025-09-25 11:37:11 [DiscoveryClient-HeartbeatExecutor-%d] DEBUG o.s.web.client.RestTemplate - Accept=[application/json, application/*+json]
2025-09-25 11:37:11 [DiscoveryClient-HeartbeatExecutor-%d] DEBUG o.s.web.client.RestTemplate - Response 200 OK
2025-09-25 11:37:11 [DiscoveryClient-CacheRefreshExecutor-%d] DEBUG o.s.web.client.RestTemplate - HTTP GET http://localhost:8761/eureka/apps/delta
2025-09-25 11:37:11 [DiscoveryClient-CacheRefreshExecutor-%d] DEBUG o.s.web.client.RestTemplate - Accept=[application/json, application/*+json]
2025-09-25 11:37:11 [DiscoveryClient-CacheRefreshExecutor-%d] DEBUG o.s.web.client.RestTemplate - Response 200 OK
2025-09-25 11:37:11 [DiscoveryClient-CacheRefreshExecutor-%d] DEBUG o.s.web.client.RestTemplate - Reading to [org.springframework.cloud.netflix.eureka.http.EurekaApplications]
2025-09-25 11:37:41 [DiscoveryClient-HeartbeatExecutor-%d] DEBUG o.s.web.client.RestTemplate - HTTP PUT http://localhost:8761/eureka/apps/ROOM-SERVICE/GT0126:room-service:9003?status=UP&lastDirtyTimestamp=1758718826120
2025-09-25 11:37:41 [DiscoveryClient-HeartbeatExecutor-%d] DEBUG o.s.web.client.RestTemplate - Accept=[application/json, application/*+json]
2025-09-25 11:37:41 [DiscoveryClient-HeartbeatExecutor-%d] DEBUG o.s.web.client.RestTemplate - Response 200 OK
2025-09-25 11:37:41 [DiscoveryClient-CacheRefreshExecutor-%d] DEBUG o.s.web.client.RestTemplate - HTTP GET http://localhost:8761/eureka/apps/delta
2025-09-25 11:37:41 [DiscoveryClient-CacheRefreshExecutor-%d] DEBUG o.s.web.client.RestTemplate - Accept=[application/json, application/*+json]
2025-09-25 11:37:41 [DiscoveryClient-CacheRefreshExecutor-%d] DEBUG o.s.web.client.RestTemplate - Response 200 OK
2025-09-25 11:37:41 [DiscoveryClient-CacheRefreshExecutor-%d] DEBUG o.s.web.client.RestTemplate - Reading to [org.springframework.cloud.netflix.eureka.http.EurekaApplications]
2025-09-25 11:38:11 [DiscoveryClient-HeartbeatExecutor-%d] DEBUG o.s.web.client.RestTemplate - HTTP PUT http://localhost:8761/eureka/apps/ROOM-SERVICE/GT0126:room-service:9003?status=UP&lastDirtyTimestamp=1758718826120
2025-09-25 11:38:11 [DiscoveryClient-HeartbeatExecutor-%d] DEBUG o.s.web.client.RestTemplate - Accept=[application/json, application/*+json]
2025-09-25 11:38:11 [DiscoveryClient-HeartbeatExecutor-%d] DEBUG o.s.web.client.RestTemplate - Response 200 OK
2025-09-25 11:38:11 [DiscoveryClient-CacheRefreshExecutor-%d] DEBUG o.s.web.client.RestTemplate - HTTP GET http://localhost:8761/eureka/apps/delta
2025-09-25 11:38:11 [DiscoveryClient-CacheRefreshExecutor-%d] DEBUG o.s.web.client.RestTemplate - Accept=[application/json, application/*+json]
2025-09-25 11:38:11 [DiscoveryClient-CacheRefreshExecutor-%d] DEBUG o.s.web.client.RestTemplate - Response 200 OK
2025-09-25 11:38:11 [DiscoveryClient-CacheRefreshExecutor-%d] DEBUG o.s.web.client.RestTemplate - Reading to [org.springframework.cloud.netflix.eureka.http.EurekaApplications]
2025-09-25 11:38:41 [DiscoveryClient-HeartbeatExecutor-%d] DEBUG o.s.web.client.RestTemplate - HTTP PUT http://localhost:8761/eureka/apps/ROOM-SERVICE/GT0126:room-service:9003?status=UP&lastDirtyTimestamp=1758718826120
2025-09-25 11:38:41 [DiscoveryClient-HeartbeatExecutor-%d] DEBUG o.s.web.client.RestTemplate - Accept=[application/json, application/*+json]
2025-09-25 11:38:41 [DiscoveryClient-HeartbeatExecutor-%d] DEBUG o.s.web.client.RestTemplate - Response 200 OK
2025-09-25 11:38:41 [DiscoveryClient-CacheRefreshExecutor-%d] DEBUG o.s.web.client.RestTemplate - HTTP GET http://localhost:8761/eureka/apps/delta
2025-09-25 11:38:41 [DiscoveryClient-CacheRefreshExecutor-%d] DEBUG o.s.web.client.RestTemplate - Accept=[application/json, application/*+json]
2025-09-25 11:38:41 [DiscoveryClient-CacheRefreshExecutor-%d] DEBUG o.s.web.client.RestTemplate - Response 200 OK
2025-09-25 11:38:41 [DiscoveryClient-CacheRefreshExecutor-%d] DEBUG o.s.web.client.RestTemplate - Reading to [org.springframework.cloud.netflix.eureka.http.EurekaApplications]
2025-09-25 11:39:11 [DiscoveryClient-HeartbeatExecutor-%d] DEBUG o.s.web.client.RestTemplate - HTTP PUT http://localhost:8761/eureka/apps/ROOM-SERVICE/GT0126:room-service:9003?status=UP&lastDirtyTimestamp=1758718826120
2025-09-25 11:39:11 [DiscoveryClient-HeartbeatExecutor-%d] DEBUG o.s.web.client.RestTemplate - Accept=[application/json, application/*+json]
2025-09-25 11:39:11 [DiscoveryClient-HeartbeatExecutor-%d] DEBUG o.s.web.client.RestTemplate - Response 200 OK
2025-09-25 11:39:11 [DiscoveryClient-CacheRefreshExecutor-%d] DEBUG o.s.web.client.RestTemplate - HTTP GET http://localhost:8761/eureka/apps/delta
2025-09-25 11:39:11 [DiscoveryClient-CacheRefreshExecutor-%d] DEBUG o.s.web.client.RestTemplate - Accept=[application/json, application/*+json]
2025-09-25 11:39:11 [DiscoveryClient-CacheRefreshExecutor-%d] DEBUG o.s.web.client.RestTemplate - Response 200 OK
2025-09-25 11:39:11 [DiscoveryClient-CacheRefreshExecutor-%d] DEBUG o.s.web.client.RestTemplate - Reading to [org.springframework.cloud.netflix.eureka.http.EurekaApplications]
2025-09-25 11:39:31 [AsyncResolver-bootstrap-executor-%d] INFO  c.n.d.s.r.aws.ConfigClusterResolver - Resolving eureka endpoints via configuration
2025-09-25 11:39:41 [DiscoveryClient-HeartbeatExecutor-%d] DEBUG o.s.web.client.RestTemplate - HTTP PUT http://localhost:8761/eureka/apps/ROOM-SERVICE/GT0126:room-service:9003?status=UP&lastDirtyTimestamp=1758718826120
2025-09-25 11:39:41 [DiscoveryClient-HeartbeatExecutor-%d] DEBUG o.s.web.client.RestTemplate - Accept=[application/json, application/*+json]
2025-09-25 11:39:41 [DiscoveryClient-HeartbeatExecutor-%d] DEBUG o.s.web.client.RestTemplate - Response 200 OK
2025-09-25 11:39:41 [DiscoveryClient-CacheRefreshExecutor-%d] DEBUG o.s.web.client.RestTemplate - HTTP GET http://localhost:8761/eureka/apps/delta
2025-09-25 11:39:41 [DiscoveryClient-CacheRefreshExecutor-%d] DEBUG o.s.web.client.RestTemplate - Accept=[application/json, application/*+json]
2025-09-25 11:39:41 [DiscoveryClient-CacheRefreshExecutor-%d] DEBUG o.s.web.client.RestTemplate - Response 200 OK
2025-09-25 11:39:41 [DiscoveryClient-CacheRefreshExecutor-%d] DEBUG o.s.web.client.RestTemplate - Reading to [org.springframework.cloud.netflix.eureka.http.EurekaApplications]
2025-09-25 11:40:11 [DiscoveryClient-HeartbeatExecutor-%d] DEBUG o.s.web.client.RestTemplate - HTTP PUT http://localhost:8761/eureka/apps/ROOM-SERVICE/GT0126:room-service:9003?status=UP&lastDirtyTimestamp=1758718826120
2025-09-25 11:40:11 [DiscoveryClient-HeartbeatExecutor-%d] DEBUG o.s.web.client.RestTemplate - Accept=[application/json, application/*+json]
2025-09-25 11:40:11 [DiscoveryClient-HeartbeatExecutor-%d] DEBUG o.s.web.client.RestTemplate - Response 200 OK
2025-09-25 11:40:11 [DiscoveryClient-CacheRefreshExecutor-%d] DEBUG o.s.web.client.RestTemplate - HTTP GET http://localhost:8761/eureka/apps/delta
2025-09-25 11:40:11 [DiscoveryClient-CacheRefreshExecutor-%d] DEBUG o.s.web.client.RestTemplate - Accept=[application/json, application/*+json]
2025-09-25 11:40:11 [DiscoveryClient-CacheRefreshExecutor-%d] DEBUG o.s.web.client.RestTemplate - Response 200 OK
2025-09-25 11:40:11 [DiscoveryClient-CacheRefreshExecutor-%d] DEBUG o.s.web.client.RestTemplate - Reading to [org.springframework.cloud.netflix.eureka.http.EurekaApplications]
2025-09-25 11:40:41 [DiscoveryClient-HeartbeatExecutor-%d] DEBUG o.s.web.client.RestTemplate - HTTP PUT http://localhost:8761/eureka/apps/ROOM-SERVICE/GT0126:room-service:9003?status=UP&lastDirtyTimestamp=1758718826120
2025-09-25 11:40:41 [DiscoveryClient-HeartbeatExecutor-%d] DEBUG o.s.web.client.RestTemplate - Accept=[application/json, application/*+json]
2025-09-25 11:40:41 [DiscoveryClient-HeartbeatExecutor-%d] DEBUG o.s.web.client.RestTemplate - Response 200 OK
2025-09-25 11:40:41 [DiscoveryClient-CacheRefreshExecutor-%d] DEBUG o.s.web.client.RestTemplate - HTTP GET http://localhost:8761/eureka/apps/delta
2025-09-25 11:40:41 [DiscoveryClient-CacheRefreshExecutor-%d] DEBUG o.s.web.client.RestTemplate - Accept=[application/json, application/*+json]
2025-09-25 11:40:41 [DiscoveryClient-CacheRefreshExecutor-%d] DEBUG o.s.web.client.RestTemplate - Response 200 OK
2025-09-25 11:40:41 [DiscoveryClient-CacheRefreshExecutor-%d] DEBUG o.s.web.client.RestTemplate - Reading to [org.springframework.cloud.netflix.eureka.http.EurekaApplications]
2025-09-25 11:41:11 [DiscoveryClient-HeartbeatExecutor-%d] DEBUG o.s.web.client.RestTemplate - HTTP PUT http://localhost:8761/eureka/apps/ROOM-SERVICE/GT0126:room-service:9003?status=UP&lastDirtyTimestamp=1758718826120
2025-09-25 11:41:11 [DiscoveryClient-HeartbeatExecutor-%d] DEBUG o.s.web.client.RestTemplate - Accept=[application/json, application/*+json]
2025-09-25 11:41:11 [DiscoveryClient-CacheRefreshExecutor-%d] DEBUG o.s.web.client.RestTemplate - HTTP GET http://localhost:8761/eureka/apps/delta
2025-09-25 11:41:11 [DiscoveryClient-CacheRefreshExecutor-%d] DEBUG o.s.web.client.RestTemplate - Accept=[application/json, application/*+json]
2025-09-25 11:41:11 [DiscoveryClient-HeartbeatExecutor-%d] DEBUG o.s.web.client.RestTemplate - Response 200 OK
2025-09-25 11:41:11 [DiscoveryClient-CacheRefreshExecutor-%d] DEBUG o.s.web.client.RestTemplate - Response 200 OK
2025-09-25 11:41:11 [DiscoveryClient-CacheRefreshExecutor-%d] DEBUG o.s.web.client.RestTemplate - Reading to [org.springframework.cloud.netflix.eureka.http.EurekaApplications]
2025-09-25 11:41:41 [DiscoveryClient-CacheRefreshExecutor-%d] DEBUG o.s.web.client.RestTemplate - HTTP GET http://localhost:8761/eureka/apps/delta
2025-09-25 11:41:41 [DiscoveryClient-HeartbeatExecutor-%d] DEBUG o.s.web.client.RestTemplate - HTTP PUT http://localhost:8761/eureka/apps/ROOM-SERVICE/GT0126:room-service:9003?status=UP&lastDirtyTimestamp=1758718826120
2025-09-25 11:41:41 [DiscoveryClient-HeartbeatExecutor-%d] DEBUG o.s.web.client.RestTemplate - Accept=[application/json, application/*+json]
2025-09-25 11:41:41 [DiscoveryClient-CacheRefreshExecutor-%d] DEBUG o.s.web.client.RestTemplate - Accept=[application/json, application/*+json]
2025-09-25 11:41:41 [DiscoveryClient-HeartbeatExecutor-%d] DEBUG o.s.web.client.RestTemplate - Response 200 OK
2025-09-25 11:41:41 [DiscoveryClient-CacheRefreshExecutor-%d] DEBUG o.s.web.client.RestTemplate - Response 200 OK
2025-09-25 11:41:41 [DiscoveryClient-CacheRefreshExecutor-%d] DEBUG o.s.web.client.RestTemplate - Reading to [org.springframework.cloud.netflix.eureka.http.EurekaApplications]
2025-09-25 11:42:11 [DiscoveryClient-HeartbeatExecutor-%d] DEBUG o.s.web.client.RestTemplate - HTTP PUT http://localhost:8761/eureka/apps/ROOM-SERVICE/GT0126:room-service:9003?status=UP&lastDirtyTimestamp=1758718826120
2025-09-25 11:42:11 [DiscoveryClient-CacheRefreshExecutor-%d] DEBUG o.s.web.client.RestTemplate - HTTP GET http://localhost:8761/eureka/apps/delta
2025-09-25 11:42:11 [DiscoveryClient-CacheRefreshExecutor-%d] DEBUG o.s.web.client.RestTemplate - Accept=[application/json, application/*+json]
2025-09-25 11:42:11 [DiscoveryClient-HeartbeatExecutor-%d] DEBUG o.s.web.client.RestTemplate - Accept=[application/json, application/*+json]
2025-09-25 11:42:11 [DiscoveryClient-HeartbeatExecutor-%d] DEBUG o.s.web.client.RestTemplate - Response 200 OK
2025-09-25 11:42:11 [DiscoveryClient-CacheRefreshExecutor-%d] DEBUG o.s.web.client.RestTemplate - Response 200 OK
2025-09-25 11:42:11 [DiscoveryClient-CacheRefreshExecutor-%d] DEBUG o.s.web.client.RestTemplate - Reading to [org.springframework.cloud.netflix.eureka.http.EurekaApplications]
2025-09-25 11:42:42 [DiscoveryClient-CacheRefreshExecutor-%d] DEBUG o.s.web.client.RestTemplate - HTTP GET http://localhost:8761/eureka/apps/delta
2025-09-25 11:42:42 [DiscoveryClient-HeartbeatExecutor-%d] DEBUG o.s.web.client.RestTemplate - HTTP PUT http://localhost:8761/eureka/apps/ROOM-SERVICE/GT0126:room-service:9003?status=UP&lastDirtyTimestamp=1758718826120
2025-09-25 11:42:42 [DiscoveryClient-CacheRefreshExecutor-%d] DEBUG o.s.web.client.RestTemplate - Accept=[application/json, application/*+json]
2025-09-25 11:42:42 [DiscoveryClient-HeartbeatExecutor-%d] DEBUG o.s.web.client.RestTemplate - Accept=[application/json, application/*+json]
2025-09-25 11:42:42 [DiscoveryClient-CacheRefreshExecutor-%d] DEBUG o.s.web.client.RestTemplate - Response 200 OK
2025-09-25 11:42:42 [DiscoveryClient-HeartbeatExecutor-%d] DEBUG o.s.web.client.RestTemplate - Response 200 OK
2025-09-25 11:42:42 [DiscoveryClient-CacheRefreshExecutor-%d] DEBUG o.s.web.client.RestTemplate - Reading to [org.springframework.cloud.netflix.eureka.http.EurekaApplications]
2025-09-25 11:43:12 [DiscoveryClient-CacheRefreshExecutor-%d] DEBUG o.s.web.client.RestTemplate - HTTP GET http://localhost:8761/eureka/apps/delta
2025-09-25 11:43:12 [DiscoveryClient-HeartbeatExecutor-%d] DEBUG o.s.web.client.RestTemplate - HTTP PUT http://localhost:8761/eureka/apps/ROOM-SERVICE/GT0126:room-service:9003?status=UP&lastDirtyTimestamp=1758718826120
2025-09-25 11:43:12 [DiscoveryClient-HeartbeatExecutor-%d] DEBUG o.s.web.client.RestTemplate - Accept=[application/json, application/*+json]
2025-09-25 11:43:12 [DiscoveryClient-CacheRefreshExecutor-%d] DEBUG o.s.web.client.RestTemplate - Accept=[application/json, application/*+json]
2025-09-25 11:43:12 [DiscoveryClient-CacheRefreshExecutor-%d] DEBUG o.s.web.client.RestTemplate - Response 200 OK
2025-09-25 11:43:12 [DiscoveryClient-CacheRefreshExecutor-%d] DEBUG o.s.web.client.RestTemplate - Reading to [org.springframework.cloud.netflix.eureka.http.EurekaApplications]
2025-09-25 11:43:12 [DiscoveryClient-HeartbeatExecutor-%d] DEBUG o.s.web.client.RestTemplate - Response 200 OK
2025-09-25 11:43:42 [DiscoveryClient-CacheRefreshExecutor-%d] DEBUG o.s.web.client.RestTemplate - HTTP GET http://localhost:8761/eureka/apps/delta
2025-09-25 11:43:42 [DiscoveryClient-CacheRefreshExecutor-%d] DEBUG o.s.web.client.RestTemplate - Accept=[application/json, application/*+json]
2025-09-25 11:43:42 [DiscoveryClient-HeartbeatExecutor-%d] DEBUG o.s.web.client.RestTemplate - HTTP PUT http://localhost:8761/eureka/apps/ROOM-SERVICE/GT0126:room-service:9003?status=UP&lastDirtyTimestamp=1758718826120
2025-09-25 11:43:42 [DiscoveryClient-HeartbeatExecutor-%d] DEBUG o.s.web.client.RestTemplate - Accept=[application/json, application/*+json]
2025-09-25 11:43:42 [DiscoveryClient-HeartbeatExecutor-%d] DEBUG o.s.web.client.RestTemplate - Response 200 OK
2025-09-25 11:43:42 [DiscoveryClient-CacheRefreshExecutor-%d] DEBUG o.s.web.client.RestTemplate - Response 200 OK
2025-09-25 11:43:42 [DiscoveryClient-CacheRefreshExecutor-%d] DEBUG o.s.web.client.RestTemplate - Reading to [org.springframework.cloud.netflix.eureka.http.EurekaApplications]
2025-09-25 11:44:12 [DiscoveryClient-HeartbeatExecutor-%d] DEBUG o.s.web.client.RestTemplate - HTTP PUT http://localhost:8761/eureka/apps/ROOM-SERVICE/GT0126:room-service:9003?status=UP&lastDirtyTimestamp=1758718826120
2025-09-25 11:44:12 [DiscoveryClient-HeartbeatExecutor-%d] DEBUG o.s.web.client.RestTemplate - Accept=[application/json, application/*+json]
2025-09-25 11:44:12 [DiscoveryClient-CacheRefreshExecutor-%d] DEBUG o.s.web.client.RestTemplate - HTTP GET http://localhost:8761/eureka/apps/delta
2025-09-25 11:44:12 [DiscoveryClient-CacheRefreshExecutor-%d] DEBUG o.s.web.client.RestTemplate - Accept=[application/json, application/*+json]
2025-09-25 11:44:12 [DiscoveryClient-HeartbeatExecutor-%d] DEBUG o.s.web.client.RestTemplate - Response 200 OK
2025-09-25 11:44:12 [DiscoveryClient-CacheRefreshExecutor-%d] DEBUG o.s.web.client.RestTemplate - Response 200 OK
2025-09-25 11:44:12 [DiscoveryClient-CacheRefreshExecutor-%d] DEBUG o.s.web.client.RestTemplate - Reading to [org.springframework.cloud.netflix.eureka.http.EurekaApplications]
2025-09-25 11:44:31 [AsyncResolver-bootstrap-executor-%d] INFO  c.n.d.s.r.aws.ConfigClusterResolver - Resolving eureka endpoints via configuration
2025-09-25 11:44:42 [DiscoveryClient-CacheRefreshExecutor-%d] DEBUG o.s.web.client.RestTemplate - HTTP GET http://localhost:8761/eureka/apps/delta
2025-09-25 11:44:42 [DiscoveryClient-CacheRefreshExecutor-%d] DEBUG o.s.web.client.RestTemplate - Accept=[application/json, application/*+json]
2025-09-25 11:44:42 [DiscoveryClient-HeartbeatExecutor-%d] DEBUG o.s.web.client.RestTemplate - HTTP PUT http://localhost:8761/eureka/apps/ROOM-SERVICE/GT0126:room-service:9003?status=UP&lastDirtyTimestamp=1758718826120
2025-09-25 11:44:42 [DiscoveryClient-HeartbeatExecutor-%d] DEBUG o.s.web.client.RestTemplate - Accept=[application/json, application/*+json]
2025-09-25 11:44:42 [DiscoveryClient-CacheRefreshExecutor-%d] DEBUG o.s.web.client.RestTemplate - Response 200 OK
2025-09-25 11:44:42 [DiscoveryClient-HeartbeatExecutor-%d] DEBUG o.s.web.client.RestTemplate - Response 200 OK
2025-09-25 11:44:42 [DiscoveryClient-CacheRefreshExecutor-%d] DEBUG o.s.web.client.RestTemplate - Reading to [org.springframework.cloud.netflix.eureka.http.EurekaApplications]
2025-09-25 11:45:12 [DiscoveryClient-HeartbeatExecutor-%d] DEBUG o.s.web.client.RestTemplate - HTTP PUT http://localhost:8761/eureka/apps/ROOM-SERVICE/GT0126:room-service:9003?status=UP&lastDirtyTimestamp=1758718826120
2025-09-25 11:45:12 [DiscoveryClient-CacheRefreshExecutor-%d] DEBUG o.s.web.client.RestTemplate - HTTP GET http://localhost:8761/eureka/apps/delta
2025-09-25 11:45:12 [DiscoveryClient-HeartbeatExecutor-%d] DEBUG o.s.web.client.RestTemplate - Accept=[application/json, application/*+json]
2025-09-25 11:45:12 [DiscoveryClient-CacheRefreshExecutor-%d] DEBUG o.s.web.client.RestTemplate - Accept=[application/json, application/*+json]
2025-09-25 11:45:12 [DiscoveryClient-HeartbeatExecutor-%d] DEBUG o.s.web.client.RestTemplate - Response 200 OK
2025-09-25 11:45:12 [DiscoveryClient-CacheRefreshExecutor-%d] DEBUG o.s.web.client.RestTemplate - Response 200 OK
2025-09-25 11:45:12 [DiscoveryClient-CacheRefreshExecutor-%d] DEBUG o.s.web.client.RestTemplate - Reading to [org.springframework.cloud.netflix.eureka.http.EurekaApplications]
2025-09-25 11:45:42 [DiscoveryClient-CacheRefreshExecutor-%d] DEBUG o.s.web.client.RestTemplate - HTTP GET http://localhost:8761/eureka/apps/delta
2025-09-25 11:45:42 [DiscoveryClient-CacheRefreshExecutor-%d] DEBUG o.s.web.client.RestTemplate - Accept=[application/json, application/*+json]
2025-09-25 11:45:42 [DiscoveryClient-HeartbeatExecutor-%d] DEBUG o.s.web.client.RestTemplate - HTTP PUT http://localhost:8761/eureka/apps/ROOM-SERVICE/GT0126:room-service:9003?status=UP&lastDirtyTimestamp=1758718826120
2025-09-25 11:45:42 [DiscoveryClient-HeartbeatExecutor-%d] DEBUG o.s.web.client.RestTemplate - Accept=[application/json, application/*+json]
2025-09-25 11:45:42 [DiscoveryClient-HeartbeatExecutor-%d] DEBUG o.s.web.client.RestTemplate - Response 200 OK
2025-09-25 11:45:42 [DiscoveryClient-CacheRefreshExecutor-%d] DEBUG o.s.web.client.RestTemplate - Response 200 OK
2025-09-25 11:45:42 [DiscoveryClient-CacheRefreshExecutor-%d] DEBUG o.s.web.client.RestTemplate - Reading to [org.springframework.cloud.netflix.eureka.http.EurekaApplications]
2025-09-25 11:46:12 [DiscoveryClient-CacheRefreshExecutor-%d] DEBUG o.s.web.client.RestTemplate - HTTP GET http://localhost:8761/eureka/apps/delta
2025-09-25 11:46:12 [DiscoveryClient-HeartbeatExecutor-%d] DEBUG o.s.web.client.RestTemplate - HTTP PUT http://localhost:8761/eureka/apps/ROOM-SERVICE/GT0126:room-service:9003?status=UP&lastDirtyTimestamp=1758718826120
2025-09-25 11:46:12 [DiscoveryClient-HeartbeatExecutor-%d] DEBUG o.s.web.client.RestTemplate - Accept=[application/json, application/*+json]
2025-09-25 11:46:12 [DiscoveryClient-CacheRefreshExecutor-%d] DEBUG o.s.web.client.RestTemplate - Accept=[application/json, application/*+json]
2025-09-25 11:46:12 [DiscoveryClient-CacheRefreshExecutor-%d] DEBUG o.s.web.client.RestTemplate - Response 200 OK
2025-09-25 11:46:12 [DiscoveryClient-HeartbeatExecutor-%d] DEBUG o.s.web.client.RestTemplate - Response 200 OK
2025-09-25 11:46:12 [DiscoveryClient-CacheRefreshExecutor-%d] DEBUG o.s.web.client.RestTemplate - Reading to [org.springframework.cloud.netflix.eureka.http.EurekaApplications]
2025-09-25 11:46:42 [DiscoveryClient-HeartbeatExecutor-%d] DEBUG o.s.web.client.RestTemplate - HTTP PUT http://localhost:8761/eureka/apps/ROOM-SERVICE/GT0126:room-service:9003?status=UP&lastDirtyTimestamp=1758718826120
2025-09-25 11:46:42 [DiscoveryClient-CacheRefreshExecutor-%d] DEBUG o.s.web.client.RestTemplate - HTTP GET http://localhost:8761/eureka/apps/delta
2025-09-25 11:46:42 [DiscoveryClient-HeartbeatExecutor-%d] DEBUG o.s.web.client.RestTemplate - Accept=[application/json, application/*+json]
2025-09-25 11:46:42 [DiscoveryClient-CacheRefreshExecutor-%d] DEBUG o.s.web.client.RestTemplate - Accept=[application/json, application/*+json]
2025-09-25 11:46:42 [DiscoveryClient-HeartbeatExecutor-%d] DEBUG o.s.web.client.RestTemplate - Response 200 OK
2025-09-25 11:46:42 [DiscoveryClient-CacheRefreshExecutor-%d] DEBUG o.s.web.client.RestTemplate - Response 200 OK
2025-09-25 11:46:42 [DiscoveryClient-CacheRefreshExecutor-%d] DEBUG o.s.web.client.RestTemplate - Reading to [org.springframework.cloud.netflix.eureka.http.EurekaApplications]
2025-09-25 11:47:12 [DiscoveryClient-HeartbeatExecutor-%d] DEBUG o.s.web.client.RestTemplate - HTTP PUT http://localhost:8761/eureka/apps/ROOM-SERVICE/GT0126:room-service:9003?status=UP&lastDirtyTimestamp=1758718826120
2025-09-25 11:47:12 [DiscoveryClient-CacheRefreshExecutor-%d] DEBUG o.s.web.client.RestTemplate - HTTP GET http://localhost:8761/eureka/apps/delta
2025-09-25 11:47:12 [DiscoveryClient-HeartbeatExecutor-%d] DEBUG o.s.web.client.RestTemplate - Accept=[application/json, application/*+json]
2025-09-25 11:47:12 [DiscoveryClient-CacheRefreshExecutor-%d] DEBUG o.s.web.client.RestTemplate - Accept=[application/json, application/*+json]
2025-09-25 11:47:12 [DiscoveryClient-CacheRefreshExecutor-%d] DEBUG o.s.web.client.RestTemplate - Response 200 OK
2025-09-25 11:47:12 [DiscoveryClient-CacheRefreshExecutor-%d] DEBUG o.s.web.client.RestTemplate - Reading to [org.springframework.cloud.netflix.eureka.http.EurekaApplications]
2025-09-25 11:47:12 [DiscoveryClient-HeartbeatExecutor-%d] DEBUG o.s.web.client.RestTemplate - Response 200 OK
2025-09-25 11:47:42 [DiscoveryClient-HeartbeatExecutor-%d] DEBUG o.s.web.client.RestTemplate - HTTP PUT http://localhost:8761/eureka/apps/ROOM-SERVICE/GT0126:room-service:9003?status=UP&lastDirtyTimestamp=1758718826120
2025-09-25 11:47:42 [DiscoveryClient-HeartbeatExecutor-%d] DEBUG o.s.web.client.RestTemplate - Accept=[application/json, application/*+json]
2025-09-25 11:47:42 [DiscoveryClient-HeartbeatExecutor-%d] DEBUG o.s.web.client.RestTemplate - Response 200 OK
2025-09-25 11:47:42 [DiscoveryClient-CacheRefreshExecutor-%d] DEBUG o.s.web.client.RestTemplate - HTTP GET http://localhost:8761/eureka/apps/delta
2025-09-25 11:47:42 [DiscoveryClient-CacheRefreshExecutor-%d] DEBUG o.s.web.client.RestTemplate - Accept=[application/json, application/*+json]
2025-09-25 11:47:42 [DiscoveryClient-CacheRefreshExecutor-%d] DEBUG o.s.web.client.RestTemplate - Response 200 OK
2025-09-25 11:47:42 [DiscoveryClient-CacheRefreshExecutor-%d] DEBUG o.s.web.client.RestTemplate - Reading to [org.springframework.cloud.netflix.eureka.http.EurekaApplications]
2025-09-25 11:48:12 [DiscoveryClient-HeartbeatExecutor-%d] DEBUG o.s.web.client.RestTemplate - HTTP PUT http://localhost:8761/eureka/apps/ROOM-SERVICE/GT0126:room-service:9003?status=UP&lastDirtyTimestamp=1758718826120
2025-09-25 11:48:12 [DiscoveryClient-HeartbeatExecutor-%d] DEBUG o.s.web.client.RestTemplate - Accept=[application/json, application/*+json]
2025-09-25 11:48:12 [DiscoveryClient-HeartbeatExecutor-%d] DEBUG o.s.web.client.RestTemplate - Response 200 OK
2025-09-25 11:48:12 [DiscoveryClient-CacheRefreshExecutor-%d] DEBUG o.s.web.client.RestTemplate - HTTP GET http://localhost:8761/eureka/apps/delta
2025-09-25 11:48:12 [DiscoveryClient-CacheRefreshExecutor-%d] DEBUG o.s.web.client.RestTemplate - Accept=[application/json, application/*+json]
2025-09-25 11:48:12 [DiscoveryClient-CacheRefreshExecutor-%d] DEBUG o.s.web.client.RestTemplate - Response 200 OK
2025-09-25 11:48:12 [DiscoveryClient-CacheRefreshExecutor-%d] DEBUG o.s.web.client.RestTemplate - Reading to [org.springframework.cloud.netflix.eureka.http.EurekaApplications]
2025-09-25 11:48:42 [DiscoveryClient-HeartbeatExecutor-%d] DEBUG o.s.web.client.RestTemplate - HTTP PUT http://localhost:8761/eureka/apps/ROOM-SERVICE/GT0126:room-service:9003?status=UP&lastDirtyTimestamp=1758718826120
2025-09-25 11:48:42 [DiscoveryClient-HeartbeatExecutor-%d] DEBUG o.s.web.client.RestTemplate - Accept=[application/json, application/*+json]
2025-09-25 11:48:42 [DiscoveryClient-HeartbeatExecutor-%d] DEBUG o.s.web.client.RestTemplate - Response 200 OK
2025-09-25 11:48:42 [DiscoveryClient-CacheRefreshExecutor-%d] DEBUG o.s.web.client.RestTemplate - HTTP GET http://localhost:8761/eureka/apps/delta
2025-09-25 11:48:42 [DiscoveryClient-CacheRefreshExecutor-%d] DEBUG o.s.web.client.RestTemplate - Accept=[application/json, application/*+json]
2025-09-25 11:48:42 [DiscoveryClient-CacheRefreshExecutor-%d] DEBUG o.s.web.client.RestTemplate - Response 200 OK
2025-09-25 11:48:42 [DiscoveryClient-CacheRefreshExecutor-%d] DEBUG o.s.web.client.RestTemplate - Reading to [org.springframework.cloud.netflix.eureka.http.EurekaApplications]
2025-09-25 11:49:12 [DiscoveryClient-HeartbeatExecutor-%d] DEBUG o.s.web.client.RestTemplate - HTTP PUT http://localhost:8761/eureka/apps/ROOM-SERVICE/GT0126:room-service:9003?status=UP&lastDirtyTimestamp=1758718826120
2025-09-25 11:49:12 [DiscoveryClient-HeartbeatExecutor-%d] DEBUG o.s.web.client.RestTemplate - Accept=[application/json, application/*+json]
2025-09-25 11:49:12 [DiscoveryClient-HeartbeatExecutor-%d] DEBUG o.s.web.client.RestTemplate - Response 200 OK
2025-09-25 11:49:12 [DiscoveryClient-CacheRefreshExecutor-%d] DEBUG o.s.web.client.RestTemplate - HTTP GET http://localhost:8761/eureka/apps/delta
2025-09-25 11:49:12 [DiscoveryClient-CacheRefreshExecutor-%d] DEBUG o.s.web.client.RestTemplate - Accept=[application/json, application/*+json]
2025-09-25 11:49:12 [DiscoveryClient-CacheRefreshExecutor-%d] DEBUG o.s.web.client.RestTemplate - Response 200 OK
2025-09-25 11:49:12 [DiscoveryClient-CacheRefreshExecutor-%d] DEBUG o.s.web.client.RestTemplate - Reading to [org.springframework.cloud.netflix.eureka.http.EurekaApplications]
2025-09-25 11:49:31 [AsyncResolver-bootstrap-executor-%d] INFO  c.n.d.s.r.aws.ConfigClusterResolver - Resolving eureka endpoints via configuration
2025-09-25 11:49:42 [DiscoveryClient-HeartbeatExecutor-%d] DEBUG o.s.web.client.RestTemplate - HTTP PUT http://localhost:8761/eureka/apps/ROOM-SERVICE/GT0126:room-service:9003?status=UP&lastDirtyTimestamp=1758718826120
2025-09-25 11:49:42 [DiscoveryClient-HeartbeatExecutor-%d] DEBUG o.s.web.client.RestTemplate - Accept=[application/json, application/*+json]
2025-09-25 11:49:42 [DiscoveryClient-HeartbeatExecutor-%d] DEBUG o.s.web.client.RestTemplate - Response 200 OK
2025-09-25 11:49:42 [DiscoveryClient-CacheRefreshExecutor-%d] DEBUG o.s.web.client.RestTemplate - HTTP GET http://localhost:8761/eureka/apps/delta
2025-09-25 11:49:42 [DiscoveryClient-CacheRefreshExecutor-%d] DEBUG o.s.web.client.RestTemplate - Accept=[application/json, application/*+json]
2025-09-25 11:49:42 [DiscoveryClient-CacheRefreshExecutor-%d] DEBUG o.s.web.client.RestTemplate - Response 200 OK
2025-09-25 11:49:42 [DiscoveryClient-CacheRefreshExecutor-%d] DEBUG o.s.web.client.RestTemplate - Reading to [org.springframework.cloud.netflix.eureka.http.EurekaApplications]
2025-09-25 11:50:12 [DiscoveryClient-HeartbeatExecutor-%d] DEBUG o.s.web.client.RestTemplate - HTTP PUT http://localhost:8761/eureka/apps/ROOM-SERVICE/GT0126:room-service:9003?status=UP&lastDirtyTimestamp=1758718826120
2025-09-25 11:50:12 [DiscoveryClient-HeartbeatExecutor-%d] DEBUG o.s.web.client.RestTemplate - Accept=[application/json, application/*+json]
2025-09-25 11:50:12 [DiscoveryClient-HeartbeatExecutor-%d] DEBUG o.s.web.client.RestTemplate - Response 200 OK
2025-09-25 11:50:12 [DiscoveryClient-CacheRefreshExecutor-%d] DEBUG o.s.web.client.RestTemplate - HTTP GET http://localhost:8761/eureka/apps/delta
2025-09-25 11:50:12 [DiscoveryClient-CacheRefreshExecutor-%d] DEBUG o.s.web.client.RestTemplate - Accept=[application/json, application/*+json]
2025-09-25 11:50:12 [DiscoveryClient-CacheRefreshExecutor-%d] DEBUG o.s.web.client.RestTemplate - Response 200 OK
2025-09-25 11:50:12 [DiscoveryClient-CacheRefreshExecutor-%d] DEBUG o.s.web.client.RestTemplate - Reading to [org.springframework.cloud.netflix.eureka.http.EurekaApplications]
2025-09-25 11:50:42 [DiscoveryClient-HeartbeatExecutor-%d] DEBUG o.s.web.client.RestTemplate - HTTP PUT http://localhost:8761/eureka/apps/ROOM-SERVICE/GT0126:room-service:9003?status=UP&lastDirtyTimestamp=1758718826120
2025-09-25 11:50:42 [DiscoveryClient-HeartbeatExecutor-%d] DEBUG o.s.web.client.RestTemplate - Accept=[application/json, application/*+json]
2025-09-25 11:50:42 [DiscoveryClient-HeartbeatExecutor-%d] DEBUG o.s.web.client.RestTemplate - Response 200 OK
2025-09-25 11:50:42 [DiscoveryClient-CacheRefreshExecutor-%d] DEBUG o.s.web.client.RestTemplate - HTTP GET http://localhost:8761/eureka/apps/delta
2025-09-25 11:50:42 [DiscoveryClient-CacheRefreshExecutor-%d] DEBUG o.s.web.client.RestTemplate - Accept=[application/json, application/*+json]
2025-09-25 11:50:42 [DiscoveryClient-CacheRefreshExecutor-%d] DEBUG o.s.web.client.RestTemplate - Response 200 OK
2025-09-25 11:50:42 [DiscoveryClient-CacheRefreshExecutor-%d] DEBUG o.s.web.client.RestTemplate - Reading to [org.springframework.cloud.netflix.eureka.http.EurekaApplications]
2025-09-25 11:51:12 [DiscoveryClient-HeartbeatExecutor-%d] DEBUG o.s.web.client.RestTemplate - HTTP PUT http://localhost:8761/eureka/apps/ROOM-SERVICE/GT0126:room-service:9003?status=UP&lastDirtyTimestamp=1758718826120
2025-09-25 11:51:12 [DiscoveryClient-HeartbeatExecutor-%d] DEBUG o.s.web.client.RestTemplate - Accept=[application/json, application/*+json]
2025-09-25 11:51:12 [DiscoveryClient-HeartbeatExecutor-%d] DEBUG o.s.web.client.RestTemplate - Response 200 OK
2025-09-25 11:51:12 [DiscoveryClient-CacheRefreshExecutor-%d] DEBUG o.s.web.client.RestTemplate - HTTP GET http://localhost:8761/eureka/apps/delta
2025-09-25 11:51:12 [DiscoveryClient-CacheRefreshExecutor-%d] DEBUG o.s.web.client.RestTemplate - Accept=[application/json, application/*+json]
2025-09-25 11:51:12 [DiscoveryClient-CacheRefreshExecutor-%d] DEBUG o.s.web.client.RestTemplate - Response 200 OK
2025-09-25 11:51:12 [DiscoveryClient-CacheRefreshExecutor-%d] DEBUG o.s.web.client.RestTemplate - Reading to [org.springframework.cloud.netflix.eureka.http.EurekaApplications]
2025-09-25 11:51:42 [DiscoveryClient-HeartbeatExecutor-%d] DEBUG o.s.web.client.RestTemplate - HTTP PUT http://localhost:8761/eureka/apps/ROOM-SERVICE/GT0126:room-service:9003?status=UP&lastDirtyTimestamp=1758718826120
2025-09-25 11:51:42 [DiscoveryClient-HeartbeatExecutor-%d] DEBUG o.s.web.client.RestTemplate - Accept=[application/json, application/*+json]
2025-09-25 11:51:42 [DiscoveryClient-HeartbeatExecutor-%d] DEBUG o.s.web.client.RestTemplate - Response 200 OK
2025-09-25 11:51:42 [DiscoveryClient-CacheRefreshExecutor-%d] DEBUG o.s.web.client.RestTemplate - HTTP GET http://localhost:8761/eureka/apps/delta
2025-09-25 11:51:42 [DiscoveryClient-CacheRefreshExecutor-%d] DEBUG o.s.web.client.RestTemplate - Accept=[application/json, application/*+json]
2025-09-25 11:51:42 [DiscoveryClient-CacheRefreshExecutor-%d] DEBUG o.s.web.client.RestTemplate - Response 200 OK
2025-09-25 11:51:42 [DiscoveryClient-CacheRefreshExecutor-%d] DEBUG o.s.web.client.RestTemplate - Reading to [org.springframework.cloud.netflix.eureka.http.EurekaApplications]
2025-09-25 11:52:12 [DiscoveryClient-HeartbeatExecutor-%d] DEBUG o.s.web.client.RestTemplate - HTTP PUT http://localhost:8761/eureka/apps/ROOM-SERVICE/GT0126:room-service:9003?status=UP&lastDirtyTimestamp=1758718826120
2025-09-25 11:52:12 [DiscoveryClient-HeartbeatExecutor-%d] DEBUG o.s.web.client.RestTemplate - Accept=[application/json, application/*+json]
2025-09-25 11:52:12 [DiscoveryClient-HeartbeatExecutor-%d] DEBUG o.s.web.client.RestTemplate - Response 200 OK
2025-09-25 11:52:12 [DiscoveryClient-CacheRefreshExecutor-%d] DEBUG o.s.web.client.RestTemplate - HTTP GET http://localhost:8761/eureka/apps/delta
2025-09-25 11:52:12 [DiscoveryClient-CacheRefreshExecutor-%d] DEBUG o.s.web.client.RestTemplate - Accept=[application/json, application/*+json]
2025-09-25 11:52:12 [DiscoveryClient-CacheRefreshExecutor-%d] DEBUG o.s.web.client.RestTemplate - Response 200 OK
2025-09-25 11:52:12 [DiscoveryClient-CacheRefreshExecutor-%d] DEBUG o.s.web.client.RestTemplate - Reading to [org.springframework.cloud.netflix.eureka.http.EurekaApplications]
2025-09-25 11:52:42 [DiscoveryClient-HeartbeatExecutor-%d] DEBUG o.s.web.client.RestTemplate - HTTP PUT http://localhost:8761/eureka/apps/ROOM-SERVICE/GT0126:room-service:9003?status=UP&lastDirtyTimestamp=1758718826120
2025-09-25 11:52:42 [DiscoveryClient-HeartbeatExecutor-%d] DEBUG o.s.web.client.RestTemplate - Accept=[application/json, application/*+json]
2025-09-25 11:52:42 [DiscoveryClient-HeartbeatExecutor-%d] DEBUG o.s.web.client.RestTemplate - Response 200 OK
2025-09-25 11:52:42 [DiscoveryClient-CacheRefreshExecutor-%d] DEBUG o.s.web.client.RestTemplate - HTTP GET http://localhost:8761/eureka/apps/delta
2025-09-25 11:52:42 [DiscoveryClient-CacheRefreshExecutor-%d] DEBUG o.s.web.client.RestTemplate - Accept=[application/json, application/*+json]
2025-09-25 11:52:42 [DiscoveryClient-CacheRefreshExecutor-%d] DEBUG o.s.web.client.RestTemplate - Response 200 OK
2025-09-25 11:52:42 [DiscoveryClient-CacheRefreshExecutor-%d] DEBUG o.s.web.client.RestTemplate - Reading to [org.springframework.cloud.netflix.eureka.http.EurekaApplications]
2025-09-25 11:53:12 [DiscoveryClient-HeartbeatExecutor-%d] DEBUG o.s.web.client.RestTemplate - HTTP PUT http://localhost:8761/eureka/apps/ROOM-SERVICE/GT0126:room-service:9003?status=UP&lastDirtyTimestamp=1758718826120
2025-09-25 11:53:12 [DiscoveryClient-HeartbeatExecutor-%d] DEBUG o.s.web.client.RestTemplate - Accept=[application/json, application/*+json]
2025-09-25 11:53:12 [DiscoveryClient-HeartbeatExecutor-%d] DEBUG o.s.web.client.RestTemplate - Response 200 OK
2025-09-25 11:53:12 [DiscoveryClient-CacheRefreshExecutor-%d] DEBUG o.s.web.client.RestTemplate - HTTP GET http://localhost:8761/eureka/apps/delta
2025-09-25 11:53:12 [DiscoveryClient-CacheRefreshExecutor-%d] DEBUG o.s.web.client.RestTemplate - Accept=[application/json, application/*+json]
2025-09-25 11:53:12 [DiscoveryClient-CacheRefreshExecutor-%d] DEBUG o.s.web.client.RestTemplate - Response 200 OK
2025-09-25 11:53:12 [DiscoveryClient-CacheRefreshExecutor-%d] DEBUG o.s.web.client.RestTemplate - Reading to [org.springframework.cloud.netflix.eureka.http.EurekaApplications]
2025-09-25 11:53:42 [DiscoveryClient-HeartbeatExecutor-%d] DEBUG o.s.web.client.RestTemplate - HTTP PUT http://localhost:8761/eureka/apps/ROOM-SERVICE/GT0126:room-service:9003?status=UP&lastDirtyTimestamp=1758718826120
2025-09-25 11:53:42 [DiscoveryClient-HeartbeatExecutor-%d] DEBUG o.s.web.client.RestTemplate - Accept=[application/json, application/*+json]
2025-09-25 11:53:42 [DiscoveryClient-HeartbeatExecutor-%d] DEBUG o.s.web.client.RestTemplate - Response 200 OK
2025-09-25 11:53:42 [DiscoveryClient-CacheRefreshExecutor-%d] DEBUG o.s.web.client.RestTemplate - HTTP GET http://localhost:8761/eureka/apps/delta
2025-09-25 11:53:42 [DiscoveryClient-CacheRefreshExecutor-%d] DEBUG o.s.web.client.RestTemplate - Accept=[application/json, application/*+json]
2025-09-25 11:53:42 [DiscoveryClient-CacheRefreshExecutor-%d] DEBUG o.s.web.client.RestTemplate - Response 200 OK
2025-09-25 11:53:42 [DiscoveryClient-CacheRefreshExecutor-%d] DEBUG o.s.web.client.RestTemplate - Reading to [org.springframework.cloud.netflix.eureka.http.EurekaApplications]
2025-09-25 11:54:12 [DiscoveryClient-HeartbeatExecutor-%d] DEBUG o.s.web.client.RestTemplate - HTTP PUT http://localhost:8761/eureka/apps/ROOM-SERVICE/GT0126:room-service:9003?status=UP&lastDirtyTimestamp=1758718826120
2025-09-25 11:54:12 [DiscoveryClient-HeartbeatExecutor-%d] DEBUG o.s.web.client.RestTemplate - Accept=[application/json, application/*+json]
2025-09-25 11:54:12 [DiscoveryClient-HeartbeatExecutor-%d] DEBUG o.s.web.client.RestTemplate - Response 200 OK
2025-09-25 11:54:12 [DiscoveryClient-CacheRefreshExecutor-%d] DEBUG o.s.web.client.RestTemplate - HTTP GET http://localhost:8761/eureka/apps/delta
2025-09-25 11:54:12 [DiscoveryClient-CacheRefreshExecutor-%d] DEBUG o.s.web.client.RestTemplate - Accept=[application/json, application/*+json]
2025-09-25 11:54:12 [DiscoveryClient-CacheRefreshExecutor-%d] DEBUG o.s.web.client.RestTemplate - Response 200 OK
2025-09-25 11:54:12 [DiscoveryClient-CacheRefreshExecutor-%d] DEBUG o.s.web.client.RestTemplate - Reading to [org.springframework.cloud.netflix.eureka.http.EurekaApplications]
2025-09-25 11:54:31 [AsyncResolver-bootstrap-executor-%d] INFO  c.n.d.s.r.aws.ConfigClusterResolver - Resolving eureka endpoints via configuration
2025-09-25 11:54:42 [DiscoveryClient-HeartbeatExecutor-%d] DEBUG o.s.web.client.RestTemplate - HTTP PUT http://localhost:8761/eureka/apps/ROOM-SERVICE/GT0126:room-service:9003?status=UP&lastDirtyTimestamp=1758718826120
2025-09-25 11:54:42 [DiscoveryClient-HeartbeatExecutor-%d] DEBUG o.s.web.client.RestTemplate - Accept=[application/json, application/*+json]
2025-09-25 11:54:42 [DiscoveryClient-HeartbeatExecutor-%d] DEBUG o.s.web.client.RestTemplate - Response 200 OK
2025-09-25 11:54:42 [DiscoveryClient-CacheRefreshExecutor-%d] DEBUG o.s.web.client.RestTemplate - HTTP GET http://localhost:8761/eureka/apps/delta
2025-09-25 11:54:42 [DiscoveryClient-CacheRefreshExecutor-%d] DEBUG o.s.web.client.RestTemplate - Accept=[application/json, application/*+json]
2025-09-25 11:54:42 [DiscoveryClient-CacheRefreshExecutor-%d] DEBUG o.s.web.client.RestTemplate - Response 200 OK
2025-09-25 11:54:42 [DiscoveryClient-CacheRefreshExecutor-%d] DEBUG o.s.web.client.RestTemplate - Reading to [org.springframework.cloud.netflix.eureka.http.EurekaApplications]
2025-09-25 11:55:12 [DiscoveryClient-HeartbeatExecutor-%d] DEBUG o.s.web.client.RestTemplate - HTTP PUT http://localhost:8761/eureka/apps/ROOM-SERVICE/GT0126:room-service:9003?status=UP&lastDirtyTimestamp=1758718826120
2025-09-25 11:55:12 [DiscoveryClient-HeartbeatExecutor-%d] DEBUG o.s.web.client.RestTemplate - Accept=[application/json, application/*+json]
2025-09-25 11:55:12 [DiscoveryClient-HeartbeatExecutor-%d] DEBUG o.s.web.client.RestTemplate - Response 200 OK
2025-09-25 11:55:12 [DiscoveryClient-CacheRefreshExecutor-%d] DEBUG o.s.web.client.RestTemplate - HTTP GET http://localhost:8761/eureka/apps/delta
2025-09-25 11:55:12 [DiscoveryClient-CacheRefreshExecutor-%d] DEBUG o.s.web.client.RestTemplate - Accept=[application/json, application/*+json]
2025-09-25 11:55:12 [DiscoveryClient-CacheRefreshExecutor-%d] DEBUG o.s.web.client.RestTemplate - Response 200 OK
2025-09-25 11:55:12 [DiscoveryClient-CacheRefreshExecutor-%d] DEBUG o.s.web.client.RestTemplate - Reading to [org.springframework.cloud.netflix.eureka.http.EurekaApplications]
2025-09-25 11:55:42 [DiscoveryClient-HeartbeatExecutor-%d] DEBUG o.s.web.client.RestTemplate - HTTP PUT http://localhost:8761/eureka/apps/ROOM-SERVICE/GT0126:room-service:9003?status=UP&lastDirtyTimestamp=1758718826120
2025-09-25 11:55:42 [DiscoveryClient-HeartbeatExecutor-%d] DEBUG o.s.web.client.RestTemplate - Accept=[application/json, application/*+json]
2025-09-25 11:55:42 [DiscoveryClient-HeartbeatExecutor-%d] DEBUG o.s.web.client.RestTemplate - Response 200 OK
2025-09-25 11:55:42 [DiscoveryClient-CacheRefreshExecutor-%d] DEBUG o.s.web.client.RestTemplate - HTTP GET http://localhost:8761/eureka/apps/delta
2025-09-25 11:55:42 [DiscoveryClient-CacheRefreshExecutor-%d] DEBUG o.s.web.client.RestTemplate - Accept=[application/json, application/*+json]
2025-09-25 11:55:42 [DiscoveryClient-CacheRefreshExecutor-%d] DEBUG o.s.web.client.RestTemplate - Response 200 OK
2025-09-25 11:55:42 [DiscoveryClient-CacheRefreshExecutor-%d] DEBUG o.s.web.client.RestTemplate - Reading to [org.springframework.cloud.netflix.eureka.http.EurekaApplications]
2025-09-25 11:56:12 [DiscoveryClient-HeartbeatExecutor-%d] DEBUG o.s.web.client.RestTemplate - HTTP PUT http://localhost:8761/eureka/apps/ROOM-SERVICE/GT0126:room-service:9003?status=UP&lastDirtyTimestamp=1758718826120
2025-09-25 11:56:12 [DiscoveryClient-HeartbeatExecutor-%d] DEBUG o.s.web.client.RestTemplate - Accept=[application/json, application/*+json]
2025-09-25 11:56:12 [DiscoveryClient-HeartbeatExecutor-%d] DEBUG o.s.web.client.RestTemplate - Response 200 OK
2025-09-25 11:56:12 [DiscoveryClient-CacheRefreshExecutor-%d] DEBUG o.s.web.client.RestTemplate - HTTP GET http://localhost:8761/eureka/apps/delta
2025-09-25 11:56:12 [DiscoveryClient-CacheRefreshExecutor-%d] DEBUG o.s.web.client.RestTemplate - Accept=[application/json, application/*+json]
2025-09-25 11:56:12 [DiscoveryClient-CacheRefreshExecutor-%d] DEBUG o.s.web.client.RestTemplate - Response 200 OK
2025-09-25 11:56:12 [DiscoveryClient-CacheRefreshExecutor-%d] DEBUG o.s.web.client.RestTemplate - Reading to [org.springframework.cloud.netflix.eureka.http.EurekaApplications]
2025-09-25 11:56:42 [DiscoveryClient-HeartbeatExecutor-%d] DEBUG o.s.web.client.RestTemplate - HTTP PUT http://localhost:8761/eureka/apps/ROOM-SERVICE/GT0126:room-service:9003?status=UP&lastDirtyTimestamp=1758718826120
2025-09-25 11:56:42 [DiscoveryClient-HeartbeatExecutor-%d] DEBUG o.s.web.client.RestTemplate - Accept=[application/json, application/*+json]
2025-09-25 11:56:42 [DiscoveryClient-HeartbeatExecutor-%d] DEBUG o.s.web.client.RestTemplate - Response 200 OK
2025-09-25 11:56:42 [DiscoveryClient-CacheRefreshExecutor-%d] DEBUG o.s.web.client.RestTemplate - HTTP GET http://localhost:8761/eureka/apps/delta
2025-09-25 11:56:42 [DiscoveryClient-CacheRefreshExecutor-%d] DEBUG o.s.web.client.RestTemplate - Accept=[application/json, application/*+json]
2025-09-25 11:56:42 [DiscoveryClient-CacheRefreshExecutor-%d] DEBUG o.s.web.client.RestTemplate - Response 200 OK
2025-09-25 11:56:42 [DiscoveryClient-CacheRefreshExecutor-%d] DEBUG o.s.web.client.RestTemplate - Reading to [org.springframework.cloud.netflix.eureka.http.EurekaApplications]
2025-09-25 11:57:13 [DiscoveryClient-CacheRefreshExecutor-%d] DEBUG o.s.web.client.RestTemplate - HTTP GET http://localhost:8761/eureka/apps/delta
2025-09-25 11:57:13 [DiscoveryClient-HeartbeatExecutor-%d] DEBUG o.s.web.client.RestTemplate - HTTP PUT http://localhost:8761/eureka/apps/ROOM-SERVICE/GT0126:room-service:9003?status=UP&lastDirtyTimestamp=1758718826120
2025-09-25 11:57:13 [DiscoveryClient-HeartbeatExecutor-%d] DEBUG o.s.web.client.RestTemplate - Accept=[application/json, application/*+json]
2025-09-25 11:57:13 [DiscoveryClient-CacheRefreshExecutor-%d] DEBUG o.s.web.client.RestTemplate - Accept=[application/json, application/*+json]
2025-09-25 11:57:13 [DiscoveryClient-HeartbeatExecutor-%d] DEBUG o.s.web.client.RestTemplate - Response 200 OK
2025-09-25 11:57:13 [DiscoveryClient-CacheRefreshExecutor-%d] DEBUG o.s.web.client.RestTemplate - Response 200 OK
2025-09-25 11:57:13 [DiscoveryClient-CacheRefreshExecutor-%d] DEBUG o.s.web.client.RestTemplate - Reading to [org.springframework.cloud.netflix.eureka.http.EurekaApplications]
2025-09-25 11:57:43 [DiscoveryClient-CacheRefreshExecutor-%d] DEBUG o.s.web.client.RestTemplate - HTTP GET http://localhost:8761/eureka/apps/delta
2025-09-25 11:57:43 [DiscoveryClient-CacheRefreshExecutor-%d] DEBUG o.s.web.client.RestTemplate - Accept=[application/json, application/*+json]
2025-09-25 11:57:43 [DiscoveryClient-HeartbeatExecutor-%d] DEBUG o.s.web.client.RestTemplate - HTTP PUT http://localhost:8761/eureka/apps/ROOM-SERVICE/GT0126:room-service:9003?status=UP&lastDirtyTimestamp=1758718826120
2025-09-25 11:57:43 [DiscoveryClient-HeartbeatExecutor-%d] DEBUG o.s.web.client.RestTemplate - Accept=[application/json, application/*+json]
2025-09-25 11:57:43 [DiscoveryClient-CacheRefreshExecutor-%d] DEBUG o.s.web.client.RestTemplate - Response 200 OK
2025-09-25 11:57:43 [DiscoveryClient-CacheRefreshExecutor-%d] DEBUG o.s.web.client.RestTemplate - Reading to [org.springframework.cloud.netflix.eureka.http.EurekaApplications]
2025-09-25 11:57:43 [DiscoveryClient-HeartbeatExecutor-%d] DEBUG o.s.web.client.RestTemplate - Response 200 OK
2025-09-25 12:15:32 [HikariPool-1:housekeeper] WARN  com.zaxxer.hikari.pool.HikariPool - HikariPool-1 - Thread starvation or clock leap detected (housekeeper delta=17m56s608ms103µs900ns).
2025-09-25 12:18:11 [DiscoveryClient-HeartbeatExecutor-%d] DEBUG o.s.web.client.RestTemplate - HTTP PUT http://localhost:8761/eureka/apps/ROOM-SERVICE/GT0126:room-service:9003?status=UP&lastDirtyTimestamp=1758718826120
2025-09-25 12:18:11 [DiscoveryClient-CacheRefreshExecutor-%d] DEBUG o.s.web.client.RestTemplate - HTTP GET http://localhost:8761/eureka/apps/delta
2025-09-25 12:18:11 [DiscoveryClient-HeartbeatExecutor-%d] DEBUG o.s.web.client.RestTemplate - Accept=[application/json, application/*+json]
2025-09-25 12:18:11 [DiscoveryClient-HeartbeatExecutor-%d] DEBUG o.s.web.client.RestTemplate - Response 200 OK
2025-09-25 12:18:11 [DiscoveryClient-CacheRefreshExecutor-%d] DEBUG o.s.web.client.RestTemplate - Accept=[application/json, application/*+json]
2025-09-25 12:18:11 [DiscoveryClient-CacheRefreshExecutor-%d] DEBUG o.s.web.client.RestTemplate - Response 200 OK
2025-09-25 12:18:11 [DiscoveryClient-CacheRefreshExecutor-%d] DEBUG o.s.web.client.RestTemplate - Reading to [org.springframework.cloud.netflix.eureka.http.EurekaApplications]
2025-09-25 12:18:30 [HikariPool-1:housekeeper] WARN  com.zaxxer.hikari.pool.HikariPool - HikariPool-1 - Thread starvation or clock leap detected (housekeeper delta=2m58s231ms819µs400ns).
2025-09-25 12:18:41 [DiscoveryClient-HeartbeatExecutor-%d] DEBUG o.s.web.client.RestTemplate - HTTP PUT http://localhost:8761/eureka/apps/ROOM-SERVICE/GT0126:room-service:9003?status=UP&lastDirtyTimestamp=1758718826120
2025-09-25 12:18:41 [DiscoveryClient-HeartbeatExecutor-%d] DEBUG o.s.web.client.RestTemplate - Accept=[application/json, application/*+json]
2025-09-25 12:18:41 [DiscoveryClient-HeartbeatExecutor-%d] DEBUG o.s.web.client.RestTemplate - Response 200 OK
2025-09-25 12:18:41 [DiscoveryClient-CacheRefreshExecutor-%d] DEBUG o.s.web.client.RestTemplate - HTTP GET http://localhost:8761/eureka/apps/delta
2025-09-25 12:18:41 [DiscoveryClient-CacheRefreshExecutor-%d] DEBUG o.s.web.client.RestTemplate - Accept=[application/json, application/*+json]
2025-09-25 12:18:41 [DiscoveryClient-CacheRefreshExecutor-%d] DEBUG o.s.web.client.RestTemplate - Response 200 OK
2025-09-25 12:18:41 [DiscoveryClient-CacheRefreshExecutor-%d] DEBUG o.s.web.client.RestTemplate - Reading to [org.springframework.cloud.netflix.eureka.http.EurekaApplications]
2025-09-25 12:19:11 [DiscoveryClient-HeartbeatExecutor-%d] DEBUG o.s.web.client.RestTemplate - HTTP PUT http://localhost:8761/eureka/apps/ROOM-SERVICE/GT0126:room-service:9003?status=UP&lastDirtyTimestamp=1758718826120
2025-09-25 12:19:11 [DiscoveryClient-HeartbeatExecutor-%d] DEBUG o.s.web.client.RestTemplate - Accept=[application/json, application/*+json]
2025-09-25 12:19:11 [DiscoveryClient-CacheRefreshExecutor-%d] DEBUG o.s.web.client.RestTemplate - HTTP GET http://localhost:8761/eureka/apps/delta
2025-09-25 12:19:11 [DiscoveryClient-CacheRefreshExecutor-%d] DEBUG o.s.web.client.RestTemplate - Accept=[application/json, application/*+json]
2025-09-25 12:19:11 [DiscoveryClient-HeartbeatExecutor-%d] DEBUG o.s.web.client.RestTemplate - Response 200 OK
2025-09-25 12:19:11 [DiscoveryClient-CacheRefreshExecutor-%d] DEBUG o.s.web.client.RestTemplate - Response 200 OK
2025-09-25 12:19:11 [DiscoveryClient-CacheRefreshExecutor-%d] DEBUG o.s.web.client.RestTemplate - Reading to [org.springframework.cloud.netflix.eureka.http.EurekaApplications]
2025-09-25 12:19:29 [AsyncResolver-bootstrap-executor-%d] INFO  c.n.d.s.r.aws.ConfigClusterResolver - Resolving eureka endpoints via configuration
2025-09-25 12:19:41 [DiscoveryClient-HeartbeatExecutor-%d] DEBUG o.s.web.client.RestTemplate - HTTP PUT http://localhost:8761/eureka/apps/ROOM-SERVICE/GT0126:room-service:9003?status=UP&lastDirtyTimestamp=1758718826120
2025-09-25 12:19:41 [DiscoveryClient-HeartbeatExecutor-%d] DEBUG o.s.web.client.RestTemplate - Accept=[application/json, application/*+json]
2025-09-25 12:19:41 [DiscoveryClient-CacheRefreshExecutor-%d] DEBUG o.s.web.client.RestTemplate - HTTP GET http://localhost:8761/eureka/apps/delta
2025-09-25 12:19:41 [DiscoveryClient-CacheRefreshExecutor-%d] DEBUG o.s.web.client.RestTemplate - Accept=[application/json, application/*+json]
2025-09-25 12:19:41 [DiscoveryClient-HeartbeatExecutor-%d] DEBUG o.s.web.client.RestTemplate - Response 200 OK
2025-09-25 12:19:41 [DiscoveryClient-CacheRefreshExecutor-%d] DEBUG o.s.web.client.RestTemplate - Response 200 OK
2025-09-25 12:19:41 [DiscoveryClient-CacheRefreshExecutor-%d] DEBUG o.s.web.client.RestTemplate - Reading to [org.springframework.cloud.netflix.eureka.http.EurekaApplications]
2025-09-25 12:20:11 [DiscoveryClient-HeartbeatExecutor-%d] DEBUG o.s.web.client.RestTemplate - HTTP PUT http://localhost:8761/eureka/apps/ROOM-SERVICE/GT0126:room-service:9003?status=UP&lastDirtyTimestamp=1758718826120
2025-09-25 12:20:11 [DiscoveryClient-HeartbeatExecutor-%d] DEBUG o.s.web.client.RestTemplate - Accept=[application/json, application/*+json]
2025-09-25 12:20:11 [DiscoveryClient-CacheRefreshExecutor-%d] DEBUG o.s.web.client.RestTemplate - HTTP GET http://localhost:8761/eureka/apps/delta
2025-09-25 12:20:11 [DiscoveryClient-CacheRefreshExecutor-%d] DEBUG o.s.web.client.RestTemplate - Accept=[application/json, application/*+json]
2025-09-25 12:20:11 [DiscoveryClient-HeartbeatExecutor-%d] DEBUG o.s.web.client.RestTemplate - Response 200 OK
2025-09-25 12:20:11 [DiscoveryClient-CacheRefreshExecutor-%d] DEBUG o.s.web.client.RestTemplate - Response 200 OK
2025-09-25 12:20:11 [DiscoveryClient-CacheRefreshExecutor-%d] DEBUG o.s.web.client.RestTemplate - Reading to [org.springframework.cloud.netflix.eureka.http.EurekaApplications]
2025-09-25 12:20:41 [DiscoveryClient-HeartbeatExecutor-%d] DEBUG o.s.web.client.RestTemplate - HTTP PUT http://localhost:8761/eureka/apps/ROOM-SERVICE/GT0126:room-service:9003?status=UP&lastDirtyTimestamp=1758718826120
2025-09-25 12:20:41 [DiscoveryClient-HeartbeatExecutor-%d] DEBUG o.s.web.client.RestTemplate - Accept=[application/json, application/*+json]
2025-09-25 12:20:41 [DiscoveryClient-CacheRefreshExecutor-%d] DEBUG o.s.web.client.RestTemplate - HTTP GET http://localhost:8761/eureka/apps/delta
2025-09-25 12:20:41 [DiscoveryClient-CacheRefreshExecutor-%d] DEBUG o.s.web.client.RestTemplate - Accept=[application/json, application/*+json]
2025-09-25 12:20:41 [DiscoveryClient-HeartbeatExecutor-%d] DEBUG o.s.web.client.RestTemplate - Response 200 OK
2025-09-25 12:20:41 [DiscoveryClient-CacheRefreshExecutor-%d] DEBUG o.s.web.client.RestTemplate - Response 200 OK
2025-09-25 12:20:41 [DiscoveryClient-CacheRefreshExecutor-%d] DEBUG o.s.web.client.RestTemplate - Reading to [org.springframework.cloud.netflix.eureka.http.EurekaApplications]
2025-09-25 12:21:11 [DiscoveryClient-HeartbeatExecutor-%d] DEBUG o.s.web.client.RestTemplate - HTTP PUT http://localhost:8761/eureka/apps/ROOM-SERVICE/GT0126:room-service:9003?status=UP&lastDirtyTimestamp=1758718826120
2025-09-25 12:21:11 [DiscoveryClient-HeartbeatExecutor-%d] DEBUG o.s.web.client.RestTemplate - Accept=[application/json, application/*+json]
2025-09-25 12:21:11 [DiscoveryClient-CacheRefreshExecutor-%d] DEBUG o.s.web.client.RestTemplate - HTTP GET http://localhost:8761/eureka/apps/delta
2025-09-25 12:21:11 [DiscoveryClient-CacheRefreshExecutor-%d] DEBUG o.s.web.client.RestTemplate - Accept=[application/json, application/*+json]
2025-09-25 12:21:11 [DiscoveryClient-HeartbeatExecutor-%d] DEBUG o.s.web.client.RestTemplate - Response 200 OK
2025-09-25 12:21:11 [DiscoveryClient-CacheRefreshExecutor-%d] DEBUG o.s.web.client.RestTemplate - Response 200 OK
2025-09-25 12:21:11 [DiscoveryClient-CacheRefreshExecutor-%d] DEBUG o.s.web.client.RestTemplate - Reading to [org.springframework.cloud.netflix.eureka.http.EurekaApplications]
2025-09-25 12:21:41 [DiscoveryClient-CacheRefreshExecutor-%d] DEBUG o.s.web.client.RestTemplate - HTTP GET http://localhost:8761/eureka/apps/delta
2025-09-25 12:21:41 [DiscoveryClient-HeartbeatExecutor-%d] DEBUG o.s.web.client.RestTemplate - HTTP PUT http://localhost:8761/eureka/apps/ROOM-SERVICE/GT0126:room-service:9003?status=UP&lastDirtyTimestamp=1758718826120
2025-09-25 12:21:41 [DiscoveryClient-CacheRefreshExecutor-%d] DEBUG o.s.web.client.RestTemplate - Accept=[application/json, application/*+json]
2025-09-25 12:21:41 [DiscoveryClient-HeartbeatExecutor-%d] DEBUG o.s.web.client.RestTemplate - Accept=[application/json, application/*+json]
2025-09-25 12:21:41 [DiscoveryClient-HeartbeatExecutor-%d] DEBUG o.s.web.client.RestTemplate - Response 200 OK
2025-09-25 12:21:41 [DiscoveryClient-CacheRefreshExecutor-%d] DEBUG o.s.web.client.RestTemplate - Response 200 OK
2025-09-25 12:21:41 [DiscoveryClient-CacheRefreshExecutor-%d] DEBUG o.s.web.client.RestTemplate - Reading to [org.springframework.cloud.netflix.eureka.http.EurekaApplications]
2025-09-25 12:22:11 [DiscoveryClient-CacheRefreshExecutor-%d] DEBUG o.s.web.client.RestTemplate - HTTP GET http://localhost:8761/eureka/apps/delta
2025-09-25 12:22:11 [DiscoveryClient-HeartbeatExecutor-%d] DEBUG o.s.web.client.RestTemplate - HTTP PUT http://localhost:8761/eureka/apps/ROOM-SERVICE/GT0126:room-service:9003?status=UP&lastDirtyTimestamp=1758718826120
2025-09-25 12:22:11 [DiscoveryClient-CacheRefreshExecutor-%d] DEBUG o.s.web.client.RestTemplate - Accept=[application/json, application/*+json]
2025-09-25 12:22:11 [DiscoveryClient-HeartbeatExecutor-%d] DEBUG o.s.web.client.RestTemplate - Accept=[application/json, application/*+json]
2025-09-25 12:22:11 [DiscoveryClient-HeartbeatExecutor-%d] DEBUG o.s.web.client.RestTemplate - Response 200 OK
2025-09-25 12:22:11 [DiscoveryClient-CacheRefreshExecutor-%d] DEBUG o.s.web.client.RestTemplate - Response 200 OK
2025-09-25 12:22:11 [DiscoveryClient-CacheRefreshExecutor-%d] DEBUG o.s.web.client.RestTemplate - Reading to [org.springframework.cloud.netflix.eureka.http.EurekaApplications]
2025-09-25 12:22:41 [DiscoveryClient-HeartbeatExecutor-%d] DEBUG o.s.web.client.RestTemplate - HTTP PUT http://localhost:8761/eureka/apps/ROOM-SERVICE/GT0126:room-service:9003?status=UP&lastDirtyTimestamp=1758718826120
2025-09-25 12:22:41 [DiscoveryClient-HeartbeatExecutor-%d] DEBUG o.s.web.client.RestTemplate - Accept=[application/json, application/*+json]
2025-09-25 12:22:41 [DiscoveryClient-HeartbeatExecutor-%d] DEBUG o.s.web.client.RestTemplate - Response 200 OK
2025-09-25 12:22:41 [DiscoveryClient-CacheRefreshExecutor-%d] DEBUG o.s.web.client.RestTemplate - HTTP GET http://localhost:8761/eureka/apps/delta
2025-09-25 12:22:41 [DiscoveryClient-CacheRefreshExecutor-%d] DEBUG o.s.web.client.RestTemplate - Accept=[application/json, application/*+json]
2025-09-25 12:22:41 [DiscoveryClient-CacheRefreshExecutor-%d] DEBUG o.s.web.client.RestTemplate - Response 200 OK
2025-09-25 12:22:41 [DiscoveryClient-CacheRefreshExecutor-%d] DEBUG o.s.web.client.RestTemplate - Reading to [org.springframework.cloud.netflix.eureka.http.EurekaApplications]
2025-09-25 12:23:11 [DiscoveryClient-HeartbeatExecutor-%d] DEBUG o.s.web.client.RestTemplate - HTTP PUT http://localhost:8761/eureka/apps/ROOM-SERVICE/GT0126:room-service:9003?status=UP&lastDirtyTimestamp=1758718826120
2025-09-25 12:23:11 [DiscoveryClient-HeartbeatExecutor-%d] DEBUG o.s.web.client.RestTemplate - Accept=[application/json, application/*+json]
2025-09-25 12:23:11 [DiscoveryClient-HeartbeatExecutor-%d] DEBUG o.s.web.client.RestTemplate - Response 200 OK
2025-09-25 12:23:11 [DiscoveryClient-CacheRefreshExecutor-%d] DEBUG o.s.web.client.RestTemplate - HTTP GET http://localhost:8761/eureka/apps/delta
2025-09-25 12:23:11 [DiscoveryClient-CacheRefreshExecutor-%d] DEBUG o.s.web.client.RestTemplate - Accept=[application/json, application/*+json]
2025-09-25 12:23:11 [DiscoveryClient-CacheRefreshExecutor-%d] DEBUG o.s.web.client.RestTemplate - Response 200 OK
2025-09-25 12:23:11 [DiscoveryClient-CacheRefreshExecutor-%d] DEBUG o.s.web.client.RestTemplate - Reading to [org.springframework.cloud.netflix.eureka.http.EurekaApplications]
2025-09-25 12:23:41 [DiscoveryClient-CacheRefreshExecutor-%d] DEBUG o.s.web.client.RestTemplate - HTTP GET http://localhost:8761/eureka/apps/delta
2025-09-25 12:23:41 [DiscoveryClient-CacheRefreshExecutor-%d] DEBUG o.s.web.client.RestTemplate - Accept=[application/json, application/*+json]
2025-09-25 12:23:41 [DiscoveryClient-HeartbeatExecutor-%d] DEBUG o.s.web.client.RestTemplate - HTTP PUT http://localhost:8761/eureka/apps/ROOM-SERVICE/GT0126:room-service:9003?status=UP&lastDirtyTimestamp=1758718826120
2025-09-25 12:23:41 [DiscoveryClient-HeartbeatExecutor-%d] DEBUG o.s.web.client.RestTemplate - Accept=[application/json, application/*+json]
2025-09-25 12:23:41 [DiscoveryClient-HeartbeatExecutor-%d] DEBUG o.s.web.client.RestTemplate - Response 200 OK
2025-09-25 12:23:41 [DiscoveryClient-CacheRefreshExecutor-%d] DEBUG o.s.web.client.RestTemplate - Response 200 OK
2025-09-25 12:23:41 [DiscoveryClient-CacheRefreshExecutor-%d] DEBUG o.s.web.client.RestTemplate - Reading to [org.springframework.cloud.netflix.eureka.http.EurekaApplications]
2025-09-25 12:24:11 [DiscoveryClient-HeartbeatExecutor-%d] DEBUG o.s.web.client.RestTemplate - HTTP PUT http://localhost:8761/eureka/apps/ROOM-SERVICE/GT0126:room-service:9003?status=UP&lastDirtyTimestamp=1758718826120
2025-09-25 12:24:11 [DiscoveryClient-HeartbeatExecutor-%d] DEBUG o.s.web.client.RestTemplate - Accept=[application/json, application/*+json]
2025-09-25 12:24:11 [DiscoveryClient-CacheRefreshExecutor-%d] DEBUG o.s.web.client.RestTemplate - HTTP GET http://localhost:8761/eureka/apps/delta
2025-09-25 12:24:11 [DiscoveryClient-CacheRefreshExecutor-%d] DEBUG o.s.web.client.RestTemplate - Accept=[application/json, application/*+json]
2025-09-25 12:24:12 [DiscoveryClient-HeartbeatExecutor-%d] DEBUG o.s.web.client.RestTemplate - Response 200 OK
2025-09-25 12:24:12 [DiscoveryClient-CacheRefreshExecutor-%d] DEBUG o.s.web.client.RestTemplate - Response 200 OK
2025-09-25 12:24:12 [DiscoveryClient-CacheRefreshExecutor-%d] DEBUG o.s.web.client.RestTemplate - Reading to [org.springframework.cloud.netflix.eureka.http.EurekaApplications]
2025-09-25 12:24:29 [AsyncResolver-bootstrap-executor-%d] INFO  c.n.d.s.r.aws.ConfigClusterResolver - Resolving eureka endpoints via configuration
2025-09-25 12:24:42 [DiscoveryClient-HeartbeatExecutor-%d] DEBUG o.s.web.client.RestTemplate - HTTP PUT http://localhost:8761/eureka/apps/ROOM-SERVICE/GT0126:room-service:9003?status=UP&lastDirtyTimestamp=1758718826120
2025-09-25 12:24:42 [DiscoveryClient-HeartbeatExecutor-%d] DEBUG o.s.web.client.RestTemplate - Accept=[application/json, application/*+json]
2025-09-25 12:24:42 [DiscoveryClient-HeartbeatExecutor-%d] DEBUG o.s.web.client.RestTemplate - Response 200 OK
2025-09-25 12:24:42 [DiscoveryClient-CacheRefreshExecutor-%d] DEBUG o.s.web.client.RestTemplate - HTTP GET http://localhost:8761/eureka/apps/delta
2025-09-25 12:24:42 [DiscoveryClient-CacheRefreshExecutor-%d] DEBUG o.s.web.client.RestTemplate - Accept=[application/json, application/*+json]
2025-09-25 12:24:42 [DiscoveryClient-CacheRefreshExecutor-%d] DEBUG o.s.web.client.RestTemplate - Response 200 OK
2025-09-25 12:24:42 [DiscoveryClient-CacheRefreshExecutor-%d] DEBUG o.s.web.client.RestTemplate - Reading to [org.springframework.cloud.netflix.eureka.http.EurekaApplications]
2025-09-25 12:25:12 [DiscoveryClient-HeartbeatExecutor-%d] DEBUG o.s.web.client.RestTemplate - HTTP PUT http://localhost:8761/eureka/apps/ROOM-SERVICE/GT0126:room-service:9003?status=UP&lastDirtyTimestamp=1758718826120
2025-09-25 12:25:12 [DiscoveryClient-HeartbeatExecutor-%d] DEBUG o.s.web.client.RestTemplate - Accept=[application/json, application/*+json]
2025-09-25 12:25:12 [DiscoveryClient-HeartbeatExecutor-%d] DEBUG o.s.web.client.RestTemplate - Response 200 OK
2025-09-25 12:25:12 [DiscoveryClient-CacheRefreshExecutor-%d] DEBUG o.s.web.client.RestTemplate - HTTP GET http://localhost:8761/eureka/apps/delta
2025-09-25 12:25:12 [DiscoveryClient-CacheRefreshExecutor-%d] DEBUG o.s.web.client.RestTemplate - Accept=[application/json, application/*+json]
2025-09-25 12:25:12 [DiscoveryClient-CacheRefreshExecutor-%d] DEBUG o.s.web.client.RestTemplate - Response 200 OK
2025-09-25 12:25:12 [DiscoveryClient-CacheRefreshExecutor-%d] DEBUG o.s.web.client.RestTemplate - Reading to [org.springframework.cloud.netflix.eureka.http.EurekaApplications]
2025-09-25 12:25:42 [DiscoveryClient-HeartbeatExecutor-%d] DEBUG o.s.web.client.RestTemplate - HTTP PUT http://localhost:8761/eureka/apps/ROOM-SERVICE/GT0126:room-service:9003?status=UP&lastDirtyTimestamp=1758718826120
2025-09-25 12:25:42 [DiscoveryClient-HeartbeatExecutor-%d] DEBUG o.s.web.client.RestTemplate - Accept=[application/json, application/*+json]
2025-09-25 12:25:42 [DiscoveryClient-HeartbeatExecutor-%d] DEBUG o.s.web.client.RestTemplate - Response 200 OK
2025-09-25 12:25:42 [DiscoveryClient-CacheRefreshExecutor-%d] DEBUG o.s.web.client.RestTemplate - HTTP GET http://localhost:8761/eureka/apps/delta
2025-09-25 12:25:42 [DiscoveryClient-CacheRefreshExecutor-%d] DEBUG o.s.web.client.RestTemplate - Accept=[application/json, application/*+json]
2025-09-25 12:25:42 [DiscoveryClient-CacheRefreshExecutor-%d] DEBUG o.s.web.client.RestTemplate - Response 200 OK
2025-09-25 12:25:42 [DiscoveryClient-CacheRefreshExecutor-%d] DEBUG o.s.web.client.RestTemplate - Reading to [org.springframework.cloud.netflix.eureka.http.EurekaApplications]
2025-09-25 12:26:12 [DiscoveryClient-HeartbeatExecutor-%d] DEBUG o.s.web.client.RestTemplate - HTTP PUT http://localhost:8761/eureka/apps/ROOM-SERVICE/GT0126:room-service:9003?status=UP&lastDirtyTimestamp=1758718826120
2025-09-25 12:26:12 [DiscoveryClient-HeartbeatExecutor-%d] DEBUG o.s.web.client.RestTemplate - Accept=[application/json, application/*+json]
2025-09-25 12:26:12 [DiscoveryClient-HeartbeatExecutor-%d] DEBUG o.s.web.client.RestTemplate - Response 200 OK
2025-09-25 12:26:12 [DiscoveryClient-CacheRefreshExecutor-%d] DEBUG o.s.web.client.RestTemplate - HTTP GET http://localhost:8761/eureka/apps/delta
2025-09-25 12:26:12 [DiscoveryClient-CacheRefreshExecutor-%d] DEBUG o.s.web.client.RestTemplate - Accept=[application/json, application/*+json]
2025-09-25 12:26:12 [DiscoveryClient-CacheRefreshExecutor-%d] DEBUG o.s.web.client.RestTemplate - Response 200 OK
2025-09-25 12:26:12 [DiscoveryClient-CacheRefreshExecutor-%d] DEBUG o.s.web.client.RestTemplate - Reading to [org.springframework.cloud.netflix.eureka.http.EurekaApplications]
2025-09-25 12:26:42 [DiscoveryClient-HeartbeatExecutor-%d] DEBUG o.s.web.client.RestTemplate - HTTP PUT http://localhost:8761/eureka/apps/ROOM-SERVICE/GT0126:room-service:9003?status=UP&lastDirtyTimestamp=1758718826120
2025-09-25 12:26:42 [DiscoveryClient-HeartbeatExecutor-%d] DEBUG o.s.web.client.RestTemplate - Accept=[application/json, application/*+json]
2025-09-25 12:26:42 [DiscoveryClient-HeartbeatExecutor-%d] DEBUG o.s.web.client.RestTemplate - Response 200 OK
2025-09-25 12:26:42 [DiscoveryClient-CacheRefreshExecutor-%d] DEBUG o.s.web.client.RestTemplate - HTTP GET http://localhost:8761/eureka/apps/delta
2025-09-25 12:26:42 [DiscoveryClient-CacheRefreshExecutor-%d] DEBUG o.s.web.client.RestTemplate - Accept=[application/json, application/*+json]
2025-09-25 12:26:42 [DiscoveryClient-CacheRefreshExecutor-%d] DEBUG o.s.web.client.RestTemplate - Response 200 OK
2025-09-25 12:26:42 [DiscoveryClient-CacheRefreshExecutor-%d] DEBUG o.s.web.client.RestTemplate - Reading to [org.springframework.cloud.netflix.eureka.http.EurekaApplications]
2025-09-25 12:27:12 [DiscoveryClient-HeartbeatExecutor-%d] DEBUG o.s.web.client.RestTemplate - HTTP PUT http://localhost:8761/eureka/apps/ROOM-SERVICE/GT0126:room-service:9003?status=UP&lastDirtyTimestamp=1758718826120
2025-09-25 12:27:12 [DiscoveryClient-HeartbeatExecutor-%d] DEBUG o.s.web.client.RestTemplate - Accept=[application/json, application/*+json]
2025-09-25 12:27:12 [DiscoveryClient-HeartbeatExecutor-%d] DEBUG o.s.web.client.RestTemplate - Response 200 OK
2025-09-25 12:27:12 [DiscoveryClient-CacheRefreshExecutor-%d] DEBUG o.s.web.client.RestTemplate - HTTP GET http://localhost:8761/eureka/apps/delta
2025-09-25 12:27:12 [DiscoveryClient-CacheRefreshExecutor-%d] DEBUG o.s.web.client.RestTemplate - Accept=[application/json, application/*+json]
2025-09-25 12:27:12 [DiscoveryClient-CacheRefreshExecutor-%d] DEBUG o.s.web.client.RestTemplate - Response 200 OK
2025-09-25 12:27:12 [DiscoveryClient-CacheRefreshExecutor-%d] DEBUG o.s.web.client.RestTemplate - Reading to [org.springframework.cloud.netflix.eureka.http.EurekaApplications]
2025-09-25 12:27:42 [DiscoveryClient-HeartbeatExecutor-%d] DEBUG o.s.web.client.RestTemplate - HTTP PUT http://localhost:8761/eureka/apps/ROOM-SERVICE/GT0126:room-service:9003?status=UP&lastDirtyTimestamp=1758718826120
2025-09-25 12:27:42 [DiscoveryClient-HeartbeatExecutor-%d] DEBUG o.s.web.client.RestTemplate - Accept=[application/json, application/*+json]
2025-09-25 12:27:42 [DiscoveryClient-HeartbeatExecutor-%d] DEBUG o.s.web.client.RestTemplate - Response 200 OK
2025-09-25 12:27:42 [DiscoveryClient-CacheRefreshExecutor-%d] DEBUG o.s.web.client.RestTemplate - HTTP GET http://localhost:8761/eureka/apps/delta
2025-09-25 12:27:42 [DiscoveryClient-CacheRefreshExecutor-%d] DEBUG o.s.web.client.RestTemplate - Accept=[application/json, application/*+json]
2025-09-25 12:27:42 [DiscoveryClient-CacheRefreshExecutor-%d] DEBUG o.s.web.client.RestTemplate - Response 200 OK
2025-09-25 12:27:42 [DiscoveryClient-CacheRefreshExecutor-%d] DEBUG o.s.web.client.RestTemplate - Reading to [org.springframework.cloud.netflix.eureka.http.EurekaApplications]
2025-09-25 12:28:12 [DiscoveryClient-HeartbeatExecutor-%d] DEBUG o.s.web.client.RestTemplate - HTTP PUT http://localhost:8761/eureka/apps/ROOM-SERVICE/GT0126:room-service:9003?status=UP&lastDirtyTimestamp=1758718826120
2025-09-25 12:28:12 [DiscoveryClient-HeartbeatExecutor-%d] DEBUG o.s.web.client.RestTemplate - Accept=[application/json, application/*+json]
2025-09-25 12:28:12 [DiscoveryClient-HeartbeatExecutor-%d] DEBUG o.s.web.client.RestTemplate - Response 200 OK
2025-09-25 12:28:12 [DiscoveryClient-CacheRefreshExecutor-%d] DEBUG o.s.web.client.RestTemplate - HTTP GET http://localhost:8761/eureka/apps/delta
2025-09-25 12:28:12 [DiscoveryClient-CacheRefreshExecutor-%d] DEBUG o.s.web.client.RestTemplate - Accept=[application/json, application/*+json]
2025-09-25 12:28:12 [DiscoveryClient-CacheRefreshExecutor-%d] DEBUG o.s.web.client.RestTemplate - Response 200 OK
2025-09-25 12:28:12 [DiscoveryClient-CacheRefreshExecutor-%d] DEBUG o.s.web.client.RestTemplate - Reading to [org.springframework.cloud.netflix.eureka.http.EurekaApplications]
2025-09-25 12:28:42 [DiscoveryClient-HeartbeatExecutor-%d] DEBUG o.s.web.client.RestTemplate - HTTP PUT http://localhost:8761/eureka/apps/ROOM-SERVICE/GT0126:room-service:9003?status=UP&lastDirtyTimestamp=1758718826120
2025-09-25 12:28:42 [DiscoveryClient-HeartbeatExecutor-%d] DEBUG o.s.web.client.RestTemplate - Accept=[application/json, application/*+json]
2025-09-25 12:28:42 [DiscoveryClient-HeartbeatExecutor-%d] DEBUG o.s.web.client.RestTemplate - Response 200 OK
2025-09-25 12:28:42 [DiscoveryClient-CacheRefreshExecutor-%d] DEBUG o.s.web.client.RestTemplate - HTTP GET http://localhost:8761/eureka/apps/delta
2025-09-25 12:28:42 [DiscoveryClient-CacheRefreshExecutor-%d] DEBUG o.s.web.client.RestTemplate - Accept=[application/json, application/*+json]
2025-09-25 12:28:42 [DiscoveryClient-CacheRefreshExecutor-%d] DEBUG o.s.web.client.RestTemplate - Response 200 OK
2025-09-25 12:28:42 [DiscoveryClient-CacheRefreshExecutor-%d] DEBUG o.s.web.client.RestTemplate - Reading to [org.springframework.cloud.netflix.eureka.http.EurekaApplications]
2025-09-25 12:29:12 [DiscoveryClient-HeartbeatExecutor-%d] DEBUG o.s.web.client.RestTemplate - HTTP PUT http://localhost:8761/eureka/apps/ROOM-SERVICE/GT0126:room-service:9003?status=UP&lastDirtyTimestamp=1758718826120
2025-09-25 12:29:12 [DiscoveryClient-HeartbeatExecutor-%d] DEBUG o.s.web.client.RestTemplate - Accept=[application/json, application/*+json]
2025-09-25 12:29:12 [DiscoveryClient-HeartbeatExecutor-%d] DEBUG o.s.web.client.RestTemplate - Response 200 OK
2025-09-25 12:29:12 [DiscoveryClient-CacheRefreshExecutor-%d] DEBUG o.s.web.client.RestTemplate - HTTP GET http://localhost:8761/eureka/apps/delta
2025-09-25 12:29:12 [DiscoveryClient-CacheRefreshExecutor-%d] DEBUG o.s.web.client.RestTemplate - Accept=[application/json, application/*+json]
2025-09-25 12:29:12 [DiscoveryClient-CacheRefreshExecutor-%d] DEBUG o.s.web.client.RestTemplate - Response 200 OK
2025-09-25 12:29:12 [DiscoveryClient-CacheRefreshExecutor-%d] DEBUG o.s.web.client.RestTemplate - Reading to [org.springframework.cloud.netflix.eureka.http.EurekaApplications]
2025-09-25 12:29:29 [AsyncResolver-bootstrap-executor-%d] INFO  c.n.d.s.r.aws.ConfigClusterResolver - Resolving eureka endpoints via configuration
2025-09-25 12:29:42 [DiscoveryClient-HeartbeatExecutor-%d] DEBUG o.s.web.client.RestTemplate - HTTP PUT http://localhost:8761/eureka/apps/ROOM-SERVICE/GT0126:room-service:9003?status=UP&lastDirtyTimestamp=1758718826120
2025-09-25 12:29:42 [DiscoveryClient-HeartbeatExecutor-%d] DEBUG o.s.web.client.RestTemplate - Accept=[application/json, application/*+json]
2025-09-25 12:29:42 [DiscoveryClient-HeartbeatExecutor-%d] DEBUG o.s.web.client.RestTemplate - Response 200 OK
2025-09-25 12:29:42 [DiscoveryClient-CacheRefreshExecutor-%d] DEBUG o.s.web.client.RestTemplate - HTTP GET http://localhost:8761/eureka/apps/delta
2025-09-25 12:29:42 [DiscoveryClient-CacheRefreshExecutor-%d] DEBUG o.s.web.client.RestTemplate - Accept=[application/json, application/*+json]
2025-09-25 12:29:42 [DiscoveryClient-CacheRefreshExecutor-%d] DEBUG o.s.web.client.RestTemplate - Response 200 OK
2025-09-25 12:29:42 [DiscoveryClient-CacheRefreshExecutor-%d] DEBUG o.s.web.client.RestTemplate - Reading to [org.springframework.cloud.netflix.eureka.http.EurekaApplications]
2025-09-25 12:30:12 [DiscoveryClient-HeartbeatExecutor-%d] DEBUG o.s.web.client.RestTemplate - HTTP PUT http://localhost:8761/eureka/apps/ROOM-SERVICE/GT0126:room-service:9003?status=UP&lastDirtyTimestamp=1758718826120
2025-09-25 12:30:12 [DiscoveryClient-HeartbeatExecutor-%d] DEBUG o.s.web.client.RestTemplate - Accept=[application/json, application/*+json]
2025-09-25 12:30:12 [DiscoveryClient-HeartbeatExecutor-%d] DEBUG o.s.web.client.RestTemplate - Response 200 OK
2025-09-25 12:30:12 [DiscoveryClient-CacheRefreshExecutor-%d] DEBUG o.s.web.client.RestTemplate - HTTP GET http://localhost:8761/eureka/apps/delta
2025-09-25 12:30:12 [DiscoveryClient-CacheRefreshExecutor-%d] DEBUG o.s.web.client.RestTemplate - Accept=[application/json, application/*+json]
2025-09-25 12:30:12 [DiscoveryClient-CacheRefreshExecutor-%d] DEBUG o.s.web.client.RestTemplate - Response 200 OK
2025-09-25 12:30:12 [DiscoveryClient-CacheRefreshExecutor-%d] DEBUG o.s.web.client.RestTemplate - Reading to [org.springframework.cloud.netflix.eureka.http.EurekaApplications]
2025-09-25 12:30:42 [DiscoveryClient-HeartbeatExecutor-%d] DEBUG o.s.web.client.RestTemplate - HTTP PUT http://localhost:8761/eureka/apps/ROOM-SERVICE/GT0126:room-service:9003?status=UP&lastDirtyTimestamp=1758718826120
2025-09-25 12:30:42 [DiscoveryClient-HeartbeatExecutor-%d] DEBUG o.s.web.client.RestTemplate - Accept=[application/json, application/*+json]
2025-09-25 12:30:42 [DiscoveryClient-HeartbeatExecutor-%d] DEBUG o.s.web.client.RestTemplate - Response 200 OK
2025-09-25 12:30:42 [DiscoveryClient-CacheRefreshExecutor-%d] DEBUG o.s.web.client.RestTemplate - HTTP GET http://localhost:8761/eureka/apps/delta
2025-09-25 12:30:42 [DiscoveryClient-CacheRefreshExecutor-%d] DEBUG o.s.web.client.RestTemplate - Accept=[application/json, application/*+json]
2025-09-25 12:30:42 [DiscoveryClient-CacheRefreshExecutor-%d] DEBUG o.s.web.client.RestTemplate - Response 200 OK
2025-09-25 12:30:42 [DiscoveryClient-CacheRefreshExecutor-%d] DEBUG o.s.web.client.RestTemplate - Reading to [org.springframework.cloud.netflix.eureka.http.EurekaApplications]
2025-09-25 12:31:12 [DiscoveryClient-HeartbeatExecutor-%d] DEBUG o.s.web.client.RestTemplate - HTTP PUT http://localhost:8761/eureka/apps/ROOM-SERVICE/GT0126:room-service:9003?status=UP&lastDirtyTimestamp=1758718826120
2025-09-25 12:31:12 [DiscoveryClient-HeartbeatExecutor-%d] DEBUG o.s.web.client.RestTemplate - Accept=[application/json, application/*+json]
2025-09-25 12:31:12 [DiscoveryClient-HeartbeatExecutor-%d] DEBUG o.s.web.client.RestTemplate - Response 200 OK
2025-09-25 12:31:12 [DiscoveryClient-CacheRefreshExecutor-%d] DEBUG o.s.web.client.RestTemplate - HTTP GET http://localhost:8761/eureka/apps/delta
2025-09-25 12:31:12 [DiscoveryClient-CacheRefreshExecutor-%d] DEBUG o.s.web.client.RestTemplate - Accept=[application/json, application/*+json]
2025-09-25 12:31:12 [DiscoveryClient-CacheRefreshExecutor-%d] DEBUG o.s.web.client.RestTemplate - Response 200 OK
2025-09-25 12:31:12 [DiscoveryClient-CacheRefreshExecutor-%d] DEBUG o.s.web.client.RestTemplate - Reading to [org.springframework.cloud.netflix.eureka.http.EurekaApplications]
2025-09-25 12:31:42 [DiscoveryClient-HeartbeatExecutor-%d] DEBUG o.s.web.client.RestTemplate - HTTP PUT http://localhost:8761/eureka/apps/ROOM-SERVICE/GT0126:room-service:9003?status=UP&lastDirtyTimestamp=1758718826120
2025-09-25 12:31:42 [DiscoveryClient-HeartbeatExecutor-%d] DEBUG o.s.web.client.RestTemplate - Accept=[application/json, application/*+json]
2025-09-25 12:31:42 [DiscoveryClient-HeartbeatExecutor-%d] DEBUG o.s.web.client.RestTemplate - Response 200 OK
2025-09-25 12:31:42 [DiscoveryClient-CacheRefreshExecutor-%d] DEBUG o.s.web.client.RestTemplate - HTTP GET http://localhost:8761/eureka/apps/delta
2025-09-25 12:31:42 [DiscoveryClient-CacheRefreshExecutor-%d] DEBUG o.s.web.client.RestTemplate - Accept=[application/json, application/*+json]
2025-09-25 12:31:42 [DiscoveryClient-CacheRefreshExecutor-%d] DEBUG o.s.web.client.RestTemplate - Response 200 OK
2025-09-25 12:31:42 [DiscoveryClient-CacheRefreshExecutor-%d] DEBUG o.s.web.client.RestTemplate - Reading to [org.springframework.cloud.netflix.eureka.http.EurekaApplications]
2025-09-25 12:32:12 [DiscoveryClient-HeartbeatExecutor-%d] DEBUG o.s.web.client.RestTemplate - HTTP PUT http://localhost:8761/eureka/apps/ROOM-SERVICE/GT0126:room-service:9003?status=UP&lastDirtyTimestamp=1758718826120
2025-09-25 12:32:12 [DiscoveryClient-HeartbeatExecutor-%d] DEBUG o.s.web.client.RestTemplate - Accept=[application/json, application/*+json]
2025-09-25 12:32:12 [DiscoveryClient-HeartbeatExecutor-%d] DEBUG o.s.web.client.RestTemplate - Response 200 OK
2025-09-25 12:32:12 [DiscoveryClient-CacheRefreshExecutor-%d] DEBUG o.s.web.client.RestTemplate - HTTP GET http://localhost:8761/eureka/apps/delta
2025-09-25 12:32:12 [DiscoveryClient-CacheRefreshExecutor-%d] DEBUG o.s.web.client.RestTemplate - Accept=[application/json, application/*+json]
2025-09-25 12:32:12 [DiscoveryClient-CacheRefreshExecutor-%d] DEBUG o.s.web.client.RestTemplate - Response 200 OK
2025-09-25 12:32:12 [DiscoveryClient-CacheRefreshExecutor-%d] DEBUG o.s.web.client.RestTemplate - Reading to [org.springframework.cloud.netflix.eureka.http.EurekaApplications]
2025-09-25 12:32:42 [DiscoveryClient-HeartbeatExecutor-%d] DEBUG o.s.web.client.RestTemplate - HTTP PUT http://localhost:8761/eureka/apps/ROOM-SERVICE/GT0126:room-service:9003?status=UP&lastDirtyTimestamp=1758718826120
2025-09-25 12:32:42 [DiscoveryClient-HeartbeatExecutor-%d] DEBUG o.s.web.client.RestTemplate - Accept=[application/json, application/*+json]
2025-09-25 12:32:42 [DiscoveryClient-HeartbeatExecutor-%d] DEBUG o.s.web.client.RestTemplate - Response 200 OK
2025-09-25 12:32:42 [DiscoveryClient-CacheRefreshExecutor-%d] DEBUG o.s.web.client.RestTemplate - HTTP GET http://localhost:8761/eureka/apps/delta
2025-09-25 12:32:42 [DiscoveryClient-CacheRefreshExecutor-%d] DEBUG o.s.web.client.RestTemplate - Accept=[application/json, application/*+json]
2025-09-25 12:32:42 [DiscoveryClient-CacheRefreshExecutor-%d] DEBUG o.s.web.client.RestTemplate - Response 200 OK
2025-09-25 12:32:42 [DiscoveryClient-CacheRefreshExecutor-%d] DEBUG o.s.web.client.RestTemplate - Reading to [org.springframework.cloud.netflix.eureka.http.EurekaApplications]
2025-09-25 12:33:12 [DiscoveryClient-HeartbeatExecutor-%d] DEBUG o.s.web.client.RestTemplate - HTTP PUT http://localhost:8761/eureka/apps/ROOM-SERVICE/GT0126:room-service:9003?status=UP&lastDirtyTimestamp=1758718826120
2025-09-25 12:33:12 [DiscoveryClient-HeartbeatExecutor-%d] DEBUG o.s.web.client.RestTemplate - Accept=[application/json, application/*+json]
2025-09-25 12:33:12 [DiscoveryClient-HeartbeatExecutor-%d] DEBUG o.s.web.client.RestTemplate - Response 200 OK
2025-09-25 12:33:12 [DiscoveryClient-CacheRefreshExecutor-%d] DEBUG o.s.web.client.RestTemplate - HTTP GET http://localhost:8761/eureka/apps/delta
2025-09-25 12:33:12 [DiscoveryClient-CacheRefreshExecutor-%d] DEBUG o.s.web.client.RestTemplate - Accept=[application/json, application/*+json]
2025-09-25 12:33:12 [DiscoveryClient-CacheRefreshExecutor-%d] DEBUG o.s.web.client.RestTemplate - Response 200 OK
2025-09-25 12:33:12 [DiscoveryClient-CacheRefreshExecutor-%d] DEBUG o.s.web.client.RestTemplate - Reading to [org.springframework.cloud.netflix.eureka.http.EurekaApplications]
2025-09-25 12:33:42 [DiscoveryClient-HeartbeatExecutor-%d] DEBUG o.s.web.client.RestTemplate - HTTP PUT http://localhost:8761/eureka/apps/ROOM-SERVICE/GT0126:room-service:9003?status=UP&lastDirtyTimestamp=1758718826120
2025-09-25 12:33:42 [DiscoveryClient-HeartbeatExecutor-%d] DEBUG o.s.web.client.RestTemplate - Accept=[application/json, application/*+json]
2025-09-25 12:33:42 [DiscoveryClient-HeartbeatExecutor-%d] DEBUG o.s.web.client.RestTemplate - Response 200 OK
2025-09-25 12:33:42 [DiscoveryClient-CacheRefreshExecutor-%d] DEBUG o.s.web.client.RestTemplate - HTTP GET http://localhost:8761/eureka/apps/delta
2025-09-25 12:33:42 [DiscoveryClient-CacheRefreshExecutor-%d] DEBUG o.s.web.client.RestTemplate - Accept=[application/json, application/*+json]
2025-09-25 12:33:42 [DiscoveryClient-CacheRefreshExecutor-%d] DEBUG o.s.web.client.RestTemplate - Response 200 OK
2025-09-25 12:33:42 [DiscoveryClient-CacheRefreshExecutor-%d] DEBUG o.s.web.client.RestTemplate - Reading to [org.springframework.cloud.netflix.eureka.http.EurekaApplications]
2025-09-25 12:34:12 [DiscoveryClient-CacheRefreshExecutor-%d] DEBUG o.s.web.client.RestTemplate - HTTP GET http://localhost:8761/eureka/apps/delta
2025-09-25 12:34:12 [DiscoveryClient-CacheRefreshExecutor-%d] DEBUG o.s.web.client.RestTemplate - Accept=[application/json, application/*+json]
2025-09-25 12:34:12 [DiscoveryClient-CacheRefreshExecutor-%d] DEBUG o.s.web.client.RestTemplate - Response 200 OK
2025-09-25 12:34:12 [DiscoveryClient-CacheRefreshExecutor-%d] DEBUG o.s.web.client.RestTemplate - Reading to [org.springframework.cloud.netflix.eureka.http.EurekaApplications]
2025-09-25 12:34:13 [DiscoveryClient-HeartbeatExecutor-%d] DEBUG o.s.web.client.RestTemplate - HTTP PUT http://localhost:8761/eureka/apps/ROOM-SERVICE/GT0126:room-service:9003?status=UP&lastDirtyTimestamp=1758718826120
2025-09-25 12:34:13 [DiscoveryClient-HeartbeatExecutor-%d] DEBUG o.s.web.client.RestTemplate - Accept=[application/json, application/*+json]
2025-09-25 12:34:13 [DiscoveryClient-HeartbeatExecutor-%d] DEBUG o.s.web.client.RestTemplate - Response 200 OK
2025-09-25 12:34:29 [AsyncResolver-bootstrap-executor-%d] INFO  c.n.d.s.r.aws.ConfigClusterResolver - Resolving eureka endpoints via configuration
2025-09-25 12:34:42 [DiscoveryClient-CacheRefreshExecutor-%d] DEBUG o.s.web.client.RestTemplate - HTTP GET http://localhost:8761/eureka/apps/delta
2025-09-25 12:34:42 [DiscoveryClient-CacheRefreshExecutor-%d] DEBUG o.s.web.client.RestTemplate - Accept=[application/json, application/*+json]
2025-09-25 12:34:43 [DiscoveryClient-CacheRefreshExecutor-%d] DEBUG o.s.web.client.RestTemplate - Response 200 OK
2025-09-25 12:34:43 [DiscoveryClient-CacheRefreshExecutor-%d] DEBUG o.s.web.client.RestTemplate - Reading to [org.springframework.cloud.netflix.eureka.http.EurekaApplications]
2025-09-25 12:34:43 [DiscoveryClient-HeartbeatExecutor-%d] DEBUG o.s.web.client.RestTemplate - HTTP PUT http://localhost:8761/eureka/apps/ROOM-SERVICE/GT0126:room-service:9003?status=UP&lastDirtyTimestamp=1758718826120
2025-09-25 12:34:43 [DiscoveryClient-HeartbeatExecutor-%d] DEBUG o.s.web.client.RestTemplate - Accept=[application/json, application/*+json]
2025-09-25 12:34:43 [DiscoveryClient-HeartbeatExecutor-%d] DEBUG o.s.web.client.RestTemplate - Response 200 OK
2025-09-25 12:35:13 [DiscoveryClient-CacheRefreshExecutor-%d] DEBUG o.s.web.client.RestTemplate - HTTP GET http://localhost:8761/eureka/apps/delta
2025-09-25 12:35:13 [DiscoveryClient-CacheRefreshExecutor-%d] DEBUG o.s.web.client.RestTemplate - Accept=[application/json, application/*+json]
2025-09-25 12:35:13 [DiscoveryClient-CacheRefreshExecutor-%d] DEBUG o.s.web.client.RestTemplate - Response 200 OK
2025-09-25 12:35:13 [DiscoveryClient-CacheRefreshExecutor-%d] DEBUG o.s.web.client.RestTemplate - Reading to [org.springframework.cloud.netflix.eureka.http.EurekaApplications]
2025-09-25 12:35:13 [DiscoveryClient-HeartbeatExecutor-%d] DEBUG o.s.web.client.RestTemplate - HTTP PUT http://localhost:8761/eureka/apps/ROOM-SERVICE/GT0126:room-service:9003?status=UP&lastDirtyTimestamp=1758718826120
2025-09-25 12:35:13 [DiscoveryClient-HeartbeatExecutor-%d] DEBUG o.s.web.client.RestTemplate - Accept=[application/json, application/*+json]
2025-09-25 12:35:13 [DiscoveryClient-HeartbeatExecutor-%d] DEBUG o.s.web.client.RestTemplate - Response 200 OK
2025-09-25 12:35:43 [DiscoveryClient-CacheRefreshExecutor-%d] DEBUG o.s.web.client.RestTemplate - HTTP GET http://localhost:8761/eureka/apps/delta
2025-09-25 12:35:43 [DiscoveryClient-CacheRefreshExecutor-%d] DEBUG o.s.web.client.RestTemplate - Accept=[application/json, application/*+json]
2025-09-25 12:35:43 [DiscoveryClient-CacheRefreshExecutor-%d] DEBUG o.s.web.client.RestTemplate - Response 200 OK
2025-09-25 12:35:43 [DiscoveryClient-CacheRefreshExecutor-%d] DEBUG o.s.web.client.RestTemplate - Reading to [org.springframework.cloud.netflix.eureka.http.EurekaApplications]
2025-09-25 12:35:43 [DiscoveryClient-HeartbeatExecutor-%d] DEBUG o.s.web.client.RestTemplate - HTTP PUT http://localhost:8761/eureka/apps/ROOM-SERVICE/GT0126:room-service:9003?status=UP&lastDirtyTimestamp=1758718826120
2025-09-25 12:35:43 [DiscoveryClient-HeartbeatExecutor-%d] DEBUG o.s.web.client.RestTemplate - Accept=[application/json, application/*+json]
2025-09-25 12:35:43 [DiscoveryClient-HeartbeatExecutor-%d] DEBUG o.s.web.client.RestTemplate - Response 200 OK
2025-09-25 12:36:13 [DiscoveryClient-CacheRefreshExecutor-%d] DEBUG o.s.web.client.RestTemplate - HTTP GET http://localhost:8761/eureka/apps/delta
2025-09-25 12:36:13 [DiscoveryClient-CacheRefreshExecutor-%d] DEBUG o.s.web.client.RestTemplate - Accept=[application/json, application/*+json]
2025-09-25 12:36:13 [DiscoveryClient-CacheRefreshExecutor-%d] DEBUG o.s.web.client.RestTemplate - Response 200 OK
2025-09-25 12:36:13 [DiscoveryClient-CacheRefreshExecutor-%d] DEBUG o.s.web.client.RestTemplate - Reading to [org.springframework.cloud.netflix.eureka.http.EurekaApplications]
2025-09-25 12:36:13 [DiscoveryClient-HeartbeatExecutor-%d] DEBUG o.s.web.client.RestTemplate - HTTP PUT http://localhost:8761/eureka/apps/ROOM-SERVICE/GT0126:room-service:9003?status=UP&lastDirtyTimestamp=1758718826120
2025-09-25 12:36:13 [DiscoveryClient-HeartbeatExecutor-%d] DEBUG o.s.web.client.RestTemplate - Accept=[application/json, application/*+json]
2025-09-25 12:36:13 [DiscoveryClient-HeartbeatExecutor-%d] DEBUG o.s.web.client.RestTemplate - Response 200 OK
2025-09-25 12:36:43 [DiscoveryClient-CacheRefreshExecutor-%d] DEBUG o.s.web.client.RestTemplate - HTTP GET http://localhost:8761/eureka/apps/delta
2025-09-25 12:36:43 [DiscoveryClient-CacheRefreshExecutor-%d] DEBUG o.s.web.client.RestTemplate - Accept=[application/json, application/*+json]
2025-09-25 12:36:43 [DiscoveryClient-CacheRefreshExecutor-%d] DEBUG o.s.web.client.RestTemplate - Response 200 OK
2025-09-25 12:36:43 [DiscoveryClient-CacheRefreshExecutor-%d] DEBUG o.s.web.client.RestTemplate - Reading to [org.springframework.cloud.netflix.eureka.http.EurekaApplications]
2025-09-25 12:36:43 [DiscoveryClient-HeartbeatExecutor-%d] DEBUG o.s.web.client.RestTemplate - HTTP PUT http://localhost:8761/eureka/apps/ROOM-SERVICE/GT0126:room-service:9003?status=UP&lastDirtyTimestamp=1758718826120
2025-09-25 12:36:43 [DiscoveryClient-HeartbeatExecutor-%d] DEBUG o.s.web.client.RestTemplate - Accept=[application/json, application/*+json]
2025-09-25 12:36:43 [DiscoveryClient-HeartbeatExecutor-%d] DEBUG o.s.web.client.RestTemplate - Response 200 OK
2025-09-25 12:37:13 [DiscoveryClient-CacheRefreshExecutor-%d] DEBUG o.s.web.client.RestTemplate - HTTP GET http://localhost:8761/eureka/apps/delta
2025-09-25 12:37:13 [DiscoveryClient-CacheRefreshExecutor-%d] DEBUG o.s.web.client.RestTemplate - Accept=[application/json, application/*+json]
2025-09-25 12:37:13 [DiscoveryClient-CacheRefreshExecutor-%d] DEBUG o.s.web.client.RestTemplate - Response 200 OK
2025-09-25 12:37:13 [DiscoveryClient-CacheRefreshExecutor-%d] DEBUG o.s.web.client.RestTemplate - Reading to [org.springframework.cloud.netflix.eureka.http.EurekaApplications]
2025-09-25 12:37:13 [DiscoveryClient-HeartbeatExecutor-%d] DEBUG o.s.web.client.RestTemplate - HTTP PUT http://localhost:8761/eureka/apps/ROOM-SERVICE/GT0126:room-service:9003?status=UP&lastDirtyTimestamp=1758718826120
2025-09-25 12:37:13 [DiscoveryClient-HeartbeatExecutor-%d] DEBUG o.s.web.client.RestTemplate - Accept=[application/json, application/*+json]
2025-09-25 12:37:13 [DiscoveryClient-HeartbeatExecutor-%d] DEBUG o.s.web.client.RestTemplate - Response 200 OK
2025-09-25 12:37:43 [DiscoveryClient-CacheRefreshExecutor-%d] DEBUG o.s.web.client.RestTemplate - HTTP GET http://localhost:8761/eureka/apps/delta
2025-09-25 12:37:43 [DiscoveryClient-CacheRefreshExecutor-%d] DEBUG o.s.web.client.RestTemplate - Accept=[application/json, application/*+json]
2025-09-25 12:37:43 [DiscoveryClient-CacheRefreshExecutor-%d] DEBUG o.s.web.client.RestTemplate - Response 200 OK
2025-09-25 12:37:43 [DiscoveryClient-CacheRefreshExecutor-%d] DEBUG o.s.web.client.RestTemplate - Reading to [org.springframework.cloud.netflix.eureka.http.EurekaApplications]
2025-09-25 12:37:43 [DiscoveryClient-HeartbeatExecutor-%d] DEBUG o.s.web.client.RestTemplate - HTTP PUT http://localhost:8761/eureka/apps/ROOM-SERVICE/GT0126:room-service:9003?status=UP&lastDirtyTimestamp=1758718826120
2025-09-25 12:37:43 [DiscoveryClient-HeartbeatExecutor-%d] DEBUG o.s.web.client.RestTemplate - Accept=[application/json, application/*+json]
2025-09-25 12:37:43 [DiscoveryClient-HeartbeatExecutor-%d] DEBUG o.s.web.client.RestTemplate - Response 200 OK
2025-09-25 12:38:13 [DiscoveryClient-CacheRefreshExecutor-%d] DEBUG o.s.web.client.RestTemplate - HTTP GET http://localhost:8761/eureka/apps/delta
2025-09-25 12:38:13 [DiscoveryClient-CacheRefreshExecutor-%d] DEBUG o.s.web.client.RestTemplate - Accept=[application/json, application/*+json]
2025-09-25 12:38:13 [DiscoveryClient-CacheRefreshExecutor-%d] DEBUG o.s.web.client.RestTemplate - Response 200 OK
2025-09-25 12:38:13 [DiscoveryClient-CacheRefreshExecutor-%d] DEBUG o.s.web.client.RestTemplate - Reading to [org.springframework.cloud.netflix.eureka.http.EurekaApplications]
2025-09-25 12:38:13 [DiscoveryClient-HeartbeatExecutor-%d] DEBUG o.s.web.client.RestTemplate - HTTP PUT http://localhost:8761/eureka/apps/ROOM-SERVICE/GT0126:room-service:9003?status=UP&lastDirtyTimestamp=1758718826120
2025-09-25 12:38:13 [DiscoveryClient-HeartbeatExecutor-%d] DEBUG o.s.web.client.RestTemplate - Accept=[application/json, application/*+json]
2025-09-25 12:38:13 [DiscoveryClient-HeartbeatExecutor-%d] DEBUG o.s.web.client.RestTemplate - Response 200 OK
2025-09-25 12:38:43 [DiscoveryClient-CacheRefreshExecutor-%d] DEBUG o.s.web.client.RestTemplate - HTTP GET http://localhost:8761/eureka/apps/delta
2025-09-25 12:38:43 [DiscoveryClient-CacheRefreshExecutor-%d] DEBUG o.s.web.client.RestTemplate - Accept=[application/json, application/*+json]
2025-09-25 12:38:43 [DiscoveryClient-CacheRefreshExecutor-%d] DEBUG o.s.web.client.RestTemplate - Response 200 OK
2025-09-25 12:38:43 [DiscoveryClient-CacheRefreshExecutor-%d] DEBUG o.s.web.client.RestTemplate - Reading to [org.springframework.cloud.netflix.eureka.http.EurekaApplications]
2025-09-25 12:38:43 [DiscoveryClient-HeartbeatExecutor-%d] DEBUG o.s.web.client.RestTemplate - HTTP PUT http://localhost:8761/eureka/apps/ROOM-SERVICE/GT0126:room-service:9003?status=UP&lastDirtyTimestamp=1758718826120
2025-09-25 12:38:43 [DiscoveryClient-HeartbeatExecutor-%d] DEBUG o.s.web.client.RestTemplate - Accept=[application/json, application/*+json]
2025-09-25 12:38:43 [DiscoveryClient-HeartbeatExecutor-%d] DEBUG o.s.web.client.RestTemplate - Response 200 OK
2025-09-25 12:39:13 [DiscoveryClient-CacheRefreshExecutor-%d] DEBUG o.s.web.client.RestTemplate - HTTP GET http://localhost:8761/eureka/apps/delta
2025-09-25 12:39:13 [DiscoveryClient-CacheRefreshExecutor-%d] DEBUG o.s.web.client.RestTemplate - Accept=[application/json, application/*+json]
2025-09-25 12:39:13 [DiscoveryClient-CacheRefreshExecutor-%d] DEBUG o.s.web.client.RestTemplate - Response 200 OK
2025-09-25 12:39:13 [DiscoveryClient-CacheRefreshExecutor-%d] DEBUG o.s.web.client.RestTemplate - Reading to [org.springframework.cloud.netflix.eureka.http.EurekaApplications]
2025-09-25 12:39:14 [DiscoveryClient-HeartbeatExecutor-%d] DEBUG o.s.web.client.RestTemplate - HTTP PUT http://localhost:8761/eureka/apps/ROOM-SERVICE/GT0126:room-service:9003?status=UP&lastDirtyTimestamp=1758718826120
2025-09-25 12:39:14 [DiscoveryClient-HeartbeatExecutor-%d] DEBUG o.s.web.client.RestTemplate - Accept=[application/json, application/*+json]
2025-09-25 12:39:14 [DiscoveryClient-HeartbeatExecutor-%d] DEBUG o.s.web.client.RestTemplate - Response 200 OK
2025-09-25 12:39:29 [AsyncResolver-bootstrap-executor-%d] INFO  c.n.d.s.r.aws.ConfigClusterResolver - Resolving eureka endpoints via configuration
2025-09-25 12:39:43 [DiscoveryClient-CacheRefreshExecutor-%d] DEBUG o.s.web.client.RestTemplate - HTTP GET http://localhost:8761/eureka/apps/delta
2025-09-25 12:39:43 [DiscoveryClient-CacheRefreshExecutor-%d] DEBUG o.s.web.client.RestTemplate - Accept=[application/json, application/*+json]
2025-09-25 12:39:43 [DiscoveryClient-CacheRefreshExecutor-%d] DEBUG o.s.web.client.RestTemplate - Response 200 OK
2025-09-25 12:39:43 [DiscoveryClient-CacheRefreshExecutor-%d] DEBUG o.s.web.client.RestTemplate - Reading to [org.springframework.cloud.netflix.eureka.http.EurekaApplications]
2025-09-25 12:39:44 [DiscoveryClient-HeartbeatExecutor-%d] DEBUG o.s.web.client.RestTemplate - HTTP PUT http://localhost:8761/eureka/apps/ROOM-SERVICE/GT0126:room-service:9003?status=UP&lastDirtyTimestamp=1758718826120
2025-09-25 12:39:44 [DiscoveryClient-HeartbeatExecutor-%d] DEBUG o.s.web.client.RestTemplate - Accept=[application/json, application/*+json]
2025-09-25 12:39:44 [DiscoveryClient-HeartbeatExecutor-%d] DEBUG o.s.web.client.RestTemplate - Response 200 OK
2025-09-25 12:40:13 [DiscoveryClient-CacheRefreshExecutor-%d] DEBUG o.s.web.client.RestTemplate - HTTP GET http://localhost:8761/eureka/apps/delta
2025-09-25 12:40:13 [DiscoveryClient-CacheRefreshExecutor-%d] DEBUG o.s.web.client.RestTemplate - Accept=[application/json, application/*+json]
2025-09-25 12:40:13 [DiscoveryClient-CacheRefreshExecutor-%d] DEBUG o.s.web.client.RestTemplate - Response 200 OK
2025-09-25 12:40:13 [DiscoveryClient-CacheRefreshExecutor-%d] DEBUG o.s.web.client.RestTemplate - Reading to [org.springframework.cloud.netflix.eureka.http.EurekaApplications]
2025-09-25 12:40:14 [DiscoveryClient-HeartbeatExecutor-%d] DEBUG o.s.web.client.RestTemplate - HTTP PUT http://localhost:8761/eureka/apps/ROOM-SERVICE/GT0126:room-service:9003?status=UP&lastDirtyTimestamp=1758718826120
2025-09-25 12:40:14 [DiscoveryClient-HeartbeatExecutor-%d] DEBUG o.s.web.client.RestTemplate - Accept=[application/json, application/*+json]
2025-09-25 12:40:14 [DiscoveryClient-HeartbeatExecutor-%d] DEBUG o.s.web.client.RestTemplate - Response 200 OK
2025-09-25 12:40:43 [DiscoveryClient-CacheRefreshExecutor-%d] DEBUG o.s.web.client.RestTemplate - HTTP GET http://localhost:8761/eureka/apps/delta
2025-09-25 12:40:43 [DiscoveryClient-CacheRefreshExecutor-%d] DEBUG o.s.web.client.RestTemplate - Accept=[application/json, application/*+json]
2025-09-25 12:40:43 [DiscoveryClient-CacheRefreshExecutor-%d] DEBUG o.s.web.client.RestTemplate - Response 200 OK
2025-09-25 12:40:43 [DiscoveryClient-CacheRefreshExecutor-%d] DEBUG o.s.web.client.RestTemplate - Reading to [org.springframework.cloud.netflix.eureka.http.EurekaApplications]
2025-09-25 12:40:44 [DiscoveryClient-HeartbeatExecutor-%d] DEBUG o.s.web.client.RestTemplate - HTTP PUT http://localhost:8761/eureka/apps/ROOM-SERVICE/GT0126:room-service:9003?status=UP&lastDirtyTimestamp=1758718826120
2025-09-25 12:40:44 [DiscoveryClient-HeartbeatExecutor-%d] DEBUG o.s.web.client.RestTemplate - Accept=[application/json, application/*+json]
2025-09-25 12:40:44 [DiscoveryClient-HeartbeatExecutor-%d] DEBUG o.s.web.client.RestTemplate - Response 200 OK
2025-09-25 12:41:13 [DiscoveryClient-CacheRefreshExecutor-%d] DEBUG o.s.web.client.RestTemplate - HTTP GET http://localhost:8761/eureka/apps/delta
2025-09-25 12:41:13 [DiscoveryClient-CacheRefreshExecutor-%d] DEBUG o.s.web.client.RestTemplate - Accept=[application/json, application/*+json]
2025-09-25 12:41:13 [DiscoveryClient-CacheRefreshExecutor-%d] DEBUG o.s.web.client.RestTemplate - Response 200 OK
2025-09-25 12:41:13 [DiscoveryClient-CacheRefreshExecutor-%d] DEBUG o.s.web.client.RestTemplate - Reading to [org.springframework.cloud.netflix.eureka.http.EurekaApplications]
2025-09-25 12:41:14 [DiscoveryClient-HeartbeatExecutor-%d] DEBUG o.s.web.client.RestTemplate - HTTP PUT http://localhost:8761/eureka/apps/ROOM-SERVICE/GT0126:room-service:9003?status=UP&lastDirtyTimestamp=1758718826120
2025-09-25 12:41:14 [DiscoveryClient-HeartbeatExecutor-%d] DEBUG o.s.web.client.RestTemplate - Accept=[application/json, application/*+json]
2025-09-25 12:41:14 [DiscoveryClient-HeartbeatExecutor-%d] DEBUG o.s.web.client.RestTemplate - Response 200 OK
2025-09-25 12:41:43 [DiscoveryClient-CacheRefreshExecutor-%d] DEBUG o.s.web.client.RestTemplate - HTTP GET http://localhost:8761/eureka/apps/delta
2025-09-25 12:41:43 [DiscoveryClient-CacheRefreshExecutor-%d] DEBUG o.s.web.client.RestTemplate - Accept=[application/json, application/*+json]
2025-09-25 12:41:43 [DiscoveryClient-CacheRefreshExecutor-%d] DEBUG o.s.web.client.RestTemplate - Response 200 OK
2025-09-25 12:41:43 [DiscoveryClient-CacheRefreshExecutor-%d] DEBUG o.s.web.client.RestTemplate - Reading to [org.springframework.cloud.netflix.eureka.http.EurekaApplications]
2025-09-25 12:41:44 [DiscoveryClient-HeartbeatExecutor-%d] DEBUG o.s.web.client.RestTemplate - HTTP PUT http://localhost:8761/eureka/apps/ROOM-SERVICE/GT0126:room-service:9003?status=UP&lastDirtyTimestamp=1758718826120
2025-09-25 12:41:44 [DiscoveryClient-HeartbeatExecutor-%d] DEBUG o.s.web.client.RestTemplate - Accept=[application/json, application/*+json]
2025-09-25 12:41:44 [DiscoveryClient-HeartbeatExecutor-%d] DEBUG o.s.web.client.RestTemplate - Response 200 OK
2025-09-25 12:42:13 [DiscoveryClient-CacheRefreshExecutor-%d] DEBUG o.s.web.client.RestTemplate - HTTP GET http://localhost:8761/eureka/apps/delta
2025-09-25 12:42:13 [DiscoveryClient-CacheRefreshExecutor-%d] DEBUG o.s.web.client.RestTemplate - Accept=[application/json, application/*+json]
2025-09-25 12:42:13 [DiscoveryClient-CacheRefreshExecutor-%d] DEBUG o.s.web.client.RestTemplate - Response 200 OK
2025-09-25 12:42:13 [DiscoveryClient-CacheRefreshExecutor-%d] DEBUG o.s.web.client.RestTemplate - Reading to [org.springframework.cloud.netflix.eureka.http.EurekaApplications]
2025-09-25 12:42:14 [DiscoveryClient-HeartbeatExecutor-%d] DEBUG o.s.web.client.RestTemplate - HTTP PUT http://localhost:8761/eureka/apps/ROOM-SERVICE/GT0126:room-service:9003?status=UP&lastDirtyTimestamp=1758718826120
2025-09-25 12:42:14 [DiscoveryClient-HeartbeatExecutor-%d] DEBUG o.s.web.client.RestTemplate - Accept=[application/json, application/*+json]
2025-09-25 12:42:14 [DiscoveryClient-HeartbeatExecutor-%d] DEBUG o.s.web.client.RestTemplate - Response 200 OK
2025-09-25 12:42:43 [DiscoveryClient-CacheRefreshExecutor-%d] DEBUG o.s.web.client.RestTemplate - HTTP GET http://localhost:8761/eureka/apps/delta
2025-09-25 12:42:43 [DiscoveryClient-CacheRefreshExecutor-%d] DEBUG o.s.web.client.RestTemplate - Accept=[application/json, application/*+json]
2025-09-25 12:42:43 [DiscoveryClient-CacheRefreshExecutor-%d] DEBUG o.s.web.client.RestTemplate - Response 200 OK
2025-09-25 12:42:43 [DiscoveryClient-CacheRefreshExecutor-%d] DEBUG o.s.web.client.RestTemplate - Reading to [org.springframework.cloud.netflix.eureka.http.EurekaApplications]
2025-09-25 12:42:44 [DiscoveryClient-HeartbeatExecutor-%d] DEBUG o.s.web.client.RestTemplate - HTTP PUT http://localhost:8761/eureka/apps/ROOM-SERVICE/GT0126:room-service:9003?status=UP&lastDirtyTimestamp=1758718826120
2025-09-25 12:42:44 [DiscoveryClient-HeartbeatExecutor-%d] DEBUG o.s.web.client.RestTemplate - Accept=[application/json, application/*+json]
2025-09-25 12:42:44 [DiscoveryClient-HeartbeatExecutor-%d] DEBUG o.s.web.client.RestTemplate - Response 200 OK
2025-09-25 12:43:13 [DiscoveryClient-CacheRefreshExecutor-%d] DEBUG o.s.web.client.RestTemplate - HTTP GET http://localhost:8761/eureka/apps/delta
2025-09-25 12:43:13 [DiscoveryClient-CacheRefreshExecutor-%d] DEBUG o.s.web.client.RestTemplate - Accept=[application/json, application/*+json]
2025-09-25 12:43:13 [DiscoveryClient-CacheRefreshExecutor-%d] DEBUG o.s.web.client.RestTemplate - Response 200 OK
2025-09-25 12:43:13 [DiscoveryClient-CacheRefreshExecutor-%d] DEBUG o.s.web.client.RestTemplate - Reading to [org.springframework.cloud.netflix.eureka.http.EurekaApplications]
2025-09-25 12:43:14 [DiscoveryClient-HeartbeatExecutor-%d] DEBUG o.s.web.client.RestTemplate - HTTP PUT http://localhost:8761/eureka/apps/ROOM-SERVICE/GT0126:room-service:9003?status=UP&lastDirtyTimestamp=1758718826120
2025-09-25 12:43:14 [DiscoveryClient-HeartbeatExecutor-%d] DEBUG o.s.web.client.RestTemplate - Accept=[application/json, application/*+json]
2025-09-25 12:43:14 [DiscoveryClient-HeartbeatExecutor-%d] DEBUG o.s.web.client.RestTemplate - Response 200 OK
2025-09-25 12:43:43 [DiscoveryClient-CacheRefreshExecutor-%d] DEBUG o.s.web.client.RestTemplate - HTTP GET http://localhost:8761/eureka/apps/delta
2025-09-25 12:43:43 [DiscoveryClient-CacheRefreshExecutor-%d] DEBUG o.s.web.client.RestTemplate - Accept=[application/json, application/*+json]
2025-09-25 12:43:43 [DiscoveryClient-CacheRefreshExecutor-%d] DEBUG o.s.web.client.RestTemplate - Response 200 OK
2025-09-25 12:43:43 [DiscoveryClient-CacheRefreshExecutor-%d] DEBUG o.s.web.client.RestTemplate - Reading to [org.springframework.cloud.netflix.eureka.http.EurekaApplications]
2025-09-25 12:43:44 [DiscoveryClient-HeartbeatExecutor-%d] DEBUG o.s.web.client.RestTemplate - HTTP PUT http://localhost:8761/eureka/apps/ROOM-SERVICE/GT0126:room-service:9003?status=UP&lastDirtyTimestamp=1758718826120
2025-09-25 12:43:44 [DiscoveryClient-HeartbeatExecutor-%d] DEBUG o.s.web.client.RestTemplate - Accept=[application/json, application/*+json]
2025-09-25 12:43:44 [DiscoveryClient-HeartbeatExecutor-%d] DEBUG o.s.web.client.RestTemplate - Response 200 OK
2025-09-25 12:44:13 [DiscoveryClient-CacheRefreshExecutor-%d] DEBUG o.s.web.client.RestTemplate - HTTP GET http://localhost:8761/eureka/apps/delta
2025-09-25 12:44:13 [DiscoveryClient-CacheRefreshExecutor-%d] DEBUG o.s.web.client.RestTemplate - Accept=[application/json, application/*+json]
2025-09-25 12:44:13 [DiscoveryClient-CacheRefreshExecutor-%d] DEBUG o.s.web.client.RestTemplate - Response 200 OK
2025-09-25 12:44:13 [DiscoveryClient-CacheRefreshExecutor-%d] DEBUG o.s.web.client.RestTemplate - Reading to [org.springframework.cloud.netflix.eureka.http.EurekaApplications]
2025-09-25 12:44:14 [DiscoveryClient-HeartbeatExecutor-%d] DEBUG o.s.web.client.RestTemplate - HTTP PUT http://localhost:8761/eureka/apps/ROOM-SERVICE/GT0126:room-service:9003?status=UP&lastDirtyTimestamp=1758718826120
2025-09-25 12:44:14 [DiscoveryClient-HeartbeatExecutor-%d] DEBUG o.s.web.client.RestTemplate - Accept=[application/json, application/*+json]
2025-09-25 12:44:14 [DiscoveryClient-HeartbeatExecutor-%d] DEBUG o.s.web.client.RestTemplate - Response 200 OK
2025-09-25 12:44:29 [AsyncResolver-bootstrap-executor-%d] INFO  c.n.d.s.r.aws.ConfigClusterResolver - Resolving eureka endpoints via configuration
2025-09-25 12:44:43 [DiscoveryClient-CacheRefreshExecutor-%d] DEBUG o.s.web.client.RestTemplate - HTTP GET http://localhost:8761/eureka/apps/delta
2025-09-25 12:44:43 [DiscoveryClient-CacheRefreshExecutor-%d] DEBUG o.s.web.client.RestTemplate - Accept=[application/json, application/*+json]
2025-09-25 12:44:43 [DiscoveryClient-CacheRefreshExecutor-%d] DEBUG o.s.web.client.RestTemplate - Response 200 OK
2025-09-25 12:44:43 [DiscoveryClient-CacheRefreshExecutor-%d] DEBUG o.s.web.client.RestTemplate - Reading to [org.springframework.cloud.netflix.eureka.http.EurekaApplications]
2025-09-25 12:44:44 [DiscoveryClient-HeartbeatExecutor-%d] DEBUG o.s.web.client.RestTemplate - HTTP PUT http://localhost:8761/eureka/apps/ROOM-SERVICE/GT0126:room-service:9003?status=UP&lastDirtyTimestamp=1758718826120
2025-09-25 12:44:44 [DiscoveryClient-HeartbeatExecutor-%d] DEBUG o.s.web.client.RestTemplate - Accept=[application/json, application/*+json]
2025-09-25 12:44:44 [DiscoveryClient-HeartbeatExecutor-%d] DEBUG o.s.web.client.RestTemplate - Response 200 OK
2025-09-25 12:45:13 [DiscoveryClient-CacheRefreshExecutor-%d] DEBUG o.s.web.client.RestTemplate - HTTP GET http://localhost:8761/eureka/apps/delta
2025-09-25 12:45:13 [DiscoveryClient-CacheRefreshExecutor-%d] DEBUG o.s.web.client.RestTemplate - Accept=[application/json, application/*+json]
2025-09-25 12:45:13 [DiscoveryClient-CacheRefreshExecutor-%d] DEBUG o.s.web.client.RestTemplate - Response 200 OK
2025-09-25 12:45:13 [DiscoveryClient-CacheRefreshExecutor-%d] DEBUG o.s.web.client.RestTemplate - Reading to [org.springframework.cloud.netflix.eureka.http.EurekaApplications]
2025-09-25 12:45:14 [DiscoveryClient-HeartbeatExecutor-%d] DEBUG o.s.web.client.RestTemplate - HTTP PUT http://localhost:8761/eureka/apps/ROOM-SERVICE/GT0126:room-service:9003?status=UP&lastDirtyTimestamp=1758718826120
2025-09-25 12:45:14 [DiscoveryClient-HeartbeatExecutor-%d] DEBUG o.s.web.client.RestTemplate - Accept=[application/json, application/*+json]
2025-09-25 12:45:14 [DiscoveryClient-HeartbeatExecutor-%d] DEBUG o.s.web.client.RestTemplate - Response 200 OK
2025-09-25 12:45:43 [DiscoveryClient-CacheRefreshExecutor-%d] DEBUG o.s.web.client.RestTemplate - HTTP GET http://localhost:8761/eureka/apps/delta
2025-09-25 12:45:43 [DiscoveryClient-CacheRefreshExecutor-%d] DEBUG o.s.web.client.RestTemplate - Accept=[application/json, application/*+json]
2025-09-25 12:45:43 [DiscoveryClient-CacheRefreshExecutor-%d] DEBUG o.s.web.client.RestTemplate - Response 200 OK
2025-09-25 12:45:43 [DiscoveryClient-CacheRefreshExecutor-%d] DEBUG o.s.web.client.RestTemplate - Reading to [org.springframework.cloud.netflix.eureka.http.EurekaApplications]
2025-09-25 12:45:44 [DiscoveryClient-HeartbeatExecutor-%d] DEBUG o.s.web.client.RestTemplate - HTTP PUT http://localhost:8761/eureka/apps/ROOM-SERVICE/GT0126:room-service:9003?status=UP&lastDirtyTimestamp=1758718826120
2025-09-25 12:45:44 [DiscoveryClient-HeartbeatExecutor-%d] DEBUG o.s.web.client.RestTemplate - Accept=[application/json, application/*+json]
2025-09-25 12:45:44 [DiscoveryClient-HeartbeatExecutor-%d] DEBUG o.s.web.client.RestTemplate - Response 200 OK
2025-09-25 12:46:13 [DiscoveryClient-CacheRefreshExecutor-%d] DEBUG o.s.web.client.RestTemplate - HTTP GET http://localhost:8761/eureka/apps/delta
2025-09-25 12:46:13 [DiscoveryClient-CacheRefreshExecutor-%d] DEBUG o.s.web.client.RestTemplate - Accept=[application/json, application/*+json]
2025-09-25 12:46:13 [DiscoveryClient-CacheRefreshExecutor-%d] DEBUG o.s.web.client.RestTemplate - Response 200 OK
2025-09-25 12:46:13 [DiscoveryClient-CacheRefreshExecutor-%d] DEBUG o.s.web.client.RestTemplate - Reading to [org.springframework.cloud.netflix.eureka.http.EurekaApplications]
2025-09-25 12:46:14 [DiscoveryClient-HeartbeatExecutor-%d] DEBUG o.s.web.client.RestTemplate - HTTP PUT http://localhost:8761/eureka/apps/ROOM-SERVICE/GT0126:room-service:9003?status=UP&lastDirtyTimestamp=1758718826120
2025-09-25 12:46:14 [DiscoveryClient-HeartbeatExecutor-%d] DEBUG o.s.web.client.RestTemplate - Accept=[application/json, application/*+json]
2025-09-25 12:46:14 [DiscoveryClient-HeartbeatExecutor-%d] DEBUG o.s.web.client.RestTemplate - Response 200 OK
2025-09-25 12:46:43 [DiscoveryClient-CacheRefreshExecutor-%d] DEBUG o.s.web.client.RestTemplate - HTTP GET http://localhost:8761/eureka/apps/delta
2025-09-25 12:46:43 [DiscoveryClient-CacheRefreshExecutor-%d] DEBUG o.s.web.client.RestTemplate - Accept=[application/json, application/*+json]
2025-09-25 12:46:43 [DiscoveryClient-CacheRefreshExecutor-%d] DEBUG o.s.web.client.RestTemplate - Response 200 OK
2025-09-25 12:46:43 [DiscoveryClient-CacheRefreshExecutor-%d] DEBUG o.s.web.client.RestTemplate - Reading to [org.springframework.cloud.netflix.eureka.http.EurekaApplications]
2025-09-25 12:46:44 [DiscoveryClient-HeartbeatExecutor-%d] DEBUG o.s.web.client.RestTemplate - HTTP PUT http://localhost:8761/eureka/apps/ROOM-SERVICE/GT0126:room-service:9003?status=UP&lastDirtyTimestamp=1758718826120
2025-09-25 12:46:44 [DiscoveryClient-HeartbeatExecutor-%d] DEBUG o.s.web.client.RestTemplate - Accept=[application/json, application/*+json]
2025-09-25 12:46:44 [DiscoveryClient-HeartbeatExecutor-%d] DEBUG o.s.web.client.RestTemplate - Response 200 OK
2025-09-25 12:47:13 [DiscoveryClient-CacheRefreshExecutor-%d] DEBUG o.s.web.client.RestTemplate - HTTP GET http://localhost:8761/eureka/apps/delta
2025-09-25 12:47:13 [DiscoveryClient-CacheRefreshExecutor-%d] DEBUG o.s.web.client.RestTemplate - Accept=[application/json, application/*+json]
2025-09-25 12:47:13 [DiscoveryClient-CacheRefreshExecutor-%d] DEBUG o.s.web.client.RestTemplate - Response 200 OK
2025-09-25 12:47:13 [DiscoveryClient-CacheRefreshExecutor-%d] DEBUG o.s.web.client.RestTemplate - Reading to [org.springframework.cloud.netflix.eureka.http.EurekaApplications]
2025-09-25 12:47:14 [DiscoveryClient-HeartbeatExecutor-%d] DEBUG o.s.web.client.RestTemplate - HTTP PUT http://localhost:8761/eureka/apps/ROOM-SERVICE/GT0126:room-service:9003?status=UP&lastDirtyTimestamp=1758718826120
2025-09-25 12:47:14 [DiscoveryClient-HeartbeatExecutor-%d] DEBUG o.s.web.client.RestTemplate - Accept=[application/json, application/*+json]
2025-09-25 12:47:14 [DiscoveryClient-HeartbeatExecutor-%d] DEBUG o.s.web.client.RestTemplate - Response 200 OK
2025-09-25 12:47:43 [DiscoveryClient-CacheRefreshExecutor-%d] DEBUG o.s.web.client.RestTemplate - HTTP GET http://localhost:8761/eureka/apps/delta
2025-09-25 12:47:43 [DiscoveryClient-CacheRefreshExecutor-%d] DEBUG o.s.web.client.RestTemplate - Accept=[application/json, application/*+json]
2025-09-25 12:47:43 [DiscoveryClient-CacheRefreshExecutor-%d] DEBUG o.s.web.client.RestTemplate - Response 200 OK
2025-09-25 12:47:43 [DiscoveryClient-CacheRefreshExecutor-%d] DEBUG o.s.web.client.RestTemplate - Reading to [org.springframework.cloud.netflix.eureka.http.EurekaApplications]
2025-09-25 12:47:44 [DiscoveryClient-HeartbeatExecutor-%d] DEBUG o.s.web.client.RestTemplate - HTTP PUT http://localhost:8761/eureka/apps/ROOM-SERVICE/GT0126:room-service:9003?status=UP&lastDirtyTimestamp=1758718826120
2025-09-25 12:47:44 [DiscoveryClient-HeartbeatExecutor-%d] DEBUG o.s.web.client.RestTemplate - Accept=[application/json, application/*+json]
2025-09-25 12:47:44 [DiscoveryClient-HeartbeatExecutor-%d] DEBUG o.s.web.client.RestTemplate - Response 200 OK
2025-09-25 12:48:13 [DiscoveryClient-CacheRefreshExecutor-%d] DEBUG o.s.web.client.RestTemplate - HTTP GET http://localhost:8761/eureka/apps/delta
2025-09-25 12:48:13 [DiscoveryClient-CacheRefreshExecutor-%d] DEBUG o.s.web.client.RestTemplate - Accept=[application/json, application/*+json]
2025-09-25 12:48:13 [DiscoveryClient-CacheRefreshExecutor-%d] DEBUG o.s.web.client.RestTemplate - Response 200 OK
2025-09-25 12:48:13 [DiscoveryClient-CacheRefreshExecutor-%d] DEBUG o.s.web.client.RestTemplate - Reading to [org.springframework.cloud.netflix.eureka.http.EurekaApplications]
2025-09-25 12:48:14 [DiscoveryClient-HeartbeatExecutor-%d] DEBUG o.s.web.client.RestTemplate - HTTP PUT http://localhost:8761/eureka/apps/ROOM-SERVICE/GT0126:room-service:9003?status=UP&lastDirtyTimestamp=1758718826120
2025-09-25 12:48:14 [DiscoveryClient-HeartbeatExecutor-%d] DEBUG o.s.web.client.RestTemplate - Accept=[application/json, application/*+json]
2025-09-25 12:48:14 [DiscoveryClient-HeartbeatExecutor-%d] DEBUG o.s.web.client.RestTemplate - Response 200 OK
2025-09-25 12:48:43 [DiscoveryClient-CacheRefreshExecutor-%d] DEBUG o.s.web.client.RestTemplate - HTTP GET http://localhost:8761/eureka/apps/delta
2025-09-25 12:48:43 [DiscoveryClient-CacheRefreshExecutor-%d] DEBUG o.s.web.client.RestTemplate - Accept=[application/json, application/*+json]
2025-09-25 12:48:43 [DiscoveryClient-CacheRefreshExecutor-%d] DEBUG o.s.web.client.RestTemplate - Response 200 OK
2025-09-25 12:48:43 [DiscoveryClient-CacheRefreshExecutor-%d] DEBUG o.s.web.client.RestTemplate - Reading to [org.springframework.cloud.netflix.eureka.http.EurekaApplications]
2025-09-25 12:48:44 [DiscoveryClient-HeartbeatExecutor-%d] DEBUG o.s.web.client.RestTemplate - HTTP PUT http://localhost:8761/eureka/apps/ROOM-SERVICE/GT0126:room-service:9003?status=UP&lastDirtyTimestamp=1758718826120
2025-09-25 12:48:44 [DiscoveryClient-HeartbeatExecutor-%d] DEBUG o.s.web.client.RestTemplate - Accept=[application/json, application/*+json]
2025-09-25 12:48:44 [DiscoveryClient-HeartbeatExecutor-%d] DEBUG o.s.web.client.RestTemplate - Response 200 OK
2025-09-25 12:49:13 [DiscoveryClient-CacheRefreshExecutor-%d] DEBUG o.s.web.client.RestTemplate - HTTP GET http://localhost:8761/eureka/apps/delta
2025-09-25 12:49:13 [DiscoveryClient-CacheRefreshExecutor-%d] DEBUG o.s.web.client.RestTemplate - Accept=[application/json, application/*+json]
2025-09-25 12:49:13 [DiscoveryClient-CacheRefreshExecutor-%d] DEBUG o.s.web.client.RestTemplate - Response 200 OK
2025-09-25 12:49:13 [DiscoveryClient-CacheRefreshExecutor-%d] DEBUG o.s.web.client.RestTemplate - Reading to [org.springframework.cloud.netflix.eureka.http.EurekaApplications]
2025-09-25 12:49:14 [DiscoveryClient-HeartbeatExecutor-%d] DEBUG o.s.web.client.RestTemplate - HTTP PUT http://localhost:8761/eureka/apps/ROOM-SERVICE/GT0126:room-service:9003?status=UP&lastDirtyTimestamp=1758718826120
2025-09-25 12:49:14 [DiscoveryClient-HeartbeatExecutor-%d] DEBUG o.s.web.client.RestTemplate - Accept=[application/json, application/*+json]
2025-09-25 12:49:14 [DiscoveryClient-HeartbeatExecutor-%d] DEBUG o.s.web.client.RestTemplate - Response 200 OK
2025-09-25 12:49:29 [AsyncResolver-bootstrap-executor-%d] INFO  c.n.d.s.r.aws.ConfigClusterResolver - Resolving eureka endpoints via configuration
2025-09-25 12:49:43 [DiscoveryClient-CacheRefreshExecutor-%d] DEBUG o.s.web.client.RestTemplate - HTTP GET http://localhost:8761/eureka/apps/delta
2025-09-25 12:49:43 [DiscoveryClient-CacheRefreshExecutor-%d] DEBUG o.s.web.client.RestTemplate - Accept=[application/json, application/*+json]
2025-09-25 12:49:43 [DiscoveryClient-CacheRefreshExecutor-%d] DEBUG o.s.web.client.RestTemplate - Response 200 OK
2025-09-25 12:49:43 [DiscoveryClient-CacheRefreshExecutor-%d] DEBUG o.s.web.client.RestTemplate - Reading to [org.springframework.cloud.netflix.eureka.http.EurekaApplications]
2025-09-25 12:49:44 [DiscoveryClient-HeartbeatExecutor-%d] DEBUG o.s.web.client.RestTemplate - HTTP PUT http://localhost:8761/eureka/apps/ROOM-SERVICE/GT0126:room-service:9003?status=UP&lastDirtyTimestamp=1758718826120
2025-09-25 12:49:44 [DiscoveryClient-HeartbeatExecutor-%d] DEBUG o.s.web.client.RestTemplate - Accept=[application/json, application/*+json]
2025-09-25 12:49:44 [DiscoveryClient-HeartbeatExecutor-%d] DEBUG o.s.web.client.RestTemplate - Response 200 OK
2025-09-25 12:50:13 [DiscoveryClient-CacheRefreshExecutor-%d] DEBUG o.s.web.client.RestTemplate - HTTP GET http://localhost:8761/eureka/apps/delta
2025-09-25 12:50:13 [DiscoveryClient-CacheRefreshExecutor-%d] DEBUG o.s.web.client.RestTemplate - Accept=[application/json, application/*+json]
2025-09-25 12:50:13 [DiscoveryClient-CacheRefreshExecutor-%d] DEBUG o.s.web.client.RestTemplate - Response 200 OK
2025-09-25 12:50:13 [DiscoveryClient-CacheRefreshExecutor-%d] DEBUG o.s.web.client.RestTemplate - Reading to [org.springframework.cloud.netflix.eureka.http.EurekaApplications]
2025-09-25 12:50:14 [DiscoveryClient-HeartbeatExecutor-%d] DEBUG o.s.web.client.RestTemplate - HTTP PUT http://localhost:8761/eureka/apps/ROOM-SERVICE/GT0126:room-service:9003?status=UP&lastDirtyTimestamp=1758718826120
2025-09-25 12:50:14 [DiscoveryClient-HeartbeatExecutor-%d] DEBUG o.s.web.client.RestTemplate - Accept=[application/json, application/*+json]
2025-09-25 12:50:14 [DiscoveryClient-HeartbeatExecutor-%d] DEBUG o.s.web.client.RestTemplate - Response 200 OK
2025-09-25 12:50:43 [DiscoveryClient-CacheRefreshExecutor-%d] DEBUG o.s.web.client.RestTemplate - HTTP GET http://localhost:8761/eureka/apps/delta
2025-09-25 12:50:44 [DiscoveryClient-CacheRefreshExecutor-%d] DEBUG o.s.web.client.RestTemplate - Accept=[application/json, application/*+json]
2025-09-25 12:50:44 [DiscoveryClient-CacheRefreshExecutor-%d] DEBUG o.s.web.client.RestTemplate - Response 200 OK
2025-09-25 12:50:44 [DiscoveryClient-CacheRefreshExecutor-%d] DEBUG o.s.web.client.RestTemplate - Reading to [org.springframework.cloud.netflix.eureka.http.EurekaApplications]
2025-09-25 12:50:44 [DiscoveryClient-HeartbeatExecutor-%d] DEBUG o.s.web.client.RestTemplate - HTTP PUT http://localhost:8761/eureka/apps/ROOM-SERVICE/GT0126:room-service:9003?status=UP&lastDirtyTimestamp=1758718826120
2025-09-25 12:50:44 [DiscoveryClient-HeartbeatExecutor-%d] DEBUG o.s.web.client.RestTemplate - Accept=[application/json, application/*+json]
2025-09-25 12:50:44 [DiscoveryClient-HeartbeatExecutor-%d] DEBUG o.s.web.client.RestTemplate - Response 200 OK
2025-09-25 12:51:14 [DiscoveryClient-CacheRefreshExecutor-%d] DEBUG o.s.web.client.RestTemplate - HTTP GET http://localhost:8761/eureka/apps/delta
2025-09-25 12:51:14 [DiscoveryClient-CacheRefreshExecutor-%d] DEBUG o.s.web.client.RestTemplate - Accept=[application/json, application/*+json]
2025-09-25 12:51:14 [DiscoveryClient-CacheRefreshExecutor-%d] DEBUG o.s.web.client.RestTemplate - Response 200 OK
2025-09-25 12:51:14 [DiscoveryClient-CacheRefreshExecutor-%d] DEBUG o.s.web.client.RestTemplate - Reading to [org.springframework.cloud.netflix.eureka.http.EurekaApplications]
2025-09-25 12:51:14 [DiscoveryClient-HeartbeatExecutor-%d] DEBUG o.s.web.client.RestTemplate - HTTP PUT http://localhost:8761/eureka/apps/ROOM-SERVICE/GT0126:room-service:9003?status=UP&lastDirtyTimestamp=1758718826120
2025-09-25 12:51:14 [DiscoveryClient-HeartbeatExecutor-%d] DEBUG o.s.web.client.RestTemplate - Accept=[application/json, application/*+json]
2025-09-25 12:51:14 [DiscoveryClient-HeartbeatExecutor-%d] DEBUG o.s.web.client.RestTemplate - Response 200 OK
2025-09-25 12:51:44 [DiscoveryClient-CacheRefreshExecutor-%d] DEBUG o.s.web.client.RestTemplate - HTTP GET http://localhost:8761/eureka/apps/delta
2025-09-25 12:51:44 [DiscoveryClient-CacheRefreshExecutor-%d] DEBUG o.s.web.client.RestTemplate - Accept=[application/json, application/*+json]
2025-09-25 12:51:44 [DiscoveryClient-CacheRefreshExecutor-%d] DEBUG o.s.web.client.RestTemplate - Response 200 OK
2025-09-25 12:51:44 [DiscoveryClient-CacheRefreshExecutor-%d] DEBUG o.s.web.client.RestTemplate - Reading to [org.springframework.cloud.netflix.eureka.http.EurekaApplications]
2025-09-25 12:51:44 [DiscoveryClient-HeartbeatExecutor-%d] DEBUG o.s.web.client.RestTemplate - HTTP PUT http://localhost:8761/eureka/apps/ROOM-SERVICE/GT0126:room-service:9003?status=UP&lastDirtyTimestamp=1758718826120
2025-09-25 12:51:44 [DiscoveryClient-HeartbeatExecutor-%d] DEBUG o.s.web.client.RestTemplate - Accept=[application/json, application/*+json]
2025-09-25 12:51:44 [DiscoveryClient-HeartbeatExecutor-%d] DEBUG o.s.web.client.RestTemplate - Response 200 OK
2025-09-25 12:52:14 [DiscoveryClient-CacheRefreshExecutor-%d] DEBUG o.s.web.client.RestTemplate - HTTP GET http://localhost:8761/eureka/apps/delta
2025-09-25 12:52:14 [DiscoveryClient-CacheRefreshExecutor-%d] DEBUG o.s.web.client.RestTemplate - Accept=[application/json, application/*+json]
2025-09-25 12:52:14 [DiscoveryClient-CacheRefreshExecutor-%d] DEBUG o.s.web.client.RestTemplate - Response 200 OK
2025-09-25 12:52:14 [DiscoveryClient-CacheRefreshExecutor-%d] DEBUG o.s.web.client.RestTemplate - Reading to [org.springframework.cloud.netflix.eureka.http.EurekaApplications]
2025-09-25 12:52:14 [DiscoveryClient-HeartbeatExecutor-%d] DEBUG o.s.web.client.RestTemplate - HTTP PUT http://localhost:8761/eureka/apps/ROOM-SERVICE/GT0126:room-service:9003?status=UP&lastDirtyTimestamp=1758718826120
2025-09-25 12:52:14 [DiscoveryClient-HeartbeatExecutor-%d] DEBUG o.s.web.client.RestTemplate - Accept=[application/json, application/*+json]
2025-09-25 12:52:14 [DiscoveryClient-HeartbeatExecutor-%d] DEBUG o.s.web.client.RestTemplate - Response 200 OK
2025-09-25 12:52:44 [DiscoveryClient-CacheRefreshExecutor-%d] DEBUG o.s.web.client.RestTemplate - HTTP GET http://localhost:8761/eureka/apps/delta
2025-09-25 12:52:44 [DiscoveryClient-CacheRefreshExecutor-%d] DEBUG o.s.web.client.RestTemplate - Accept=[application/json, application/*+json]
2025-09-25 12:52:44 [DiscoveryClient-CacheRefreshExecutor-%d] DEBUG o.s.web.client.RestTemplate - Response 200 OK
2025-09-25 12:52:44 [DiscoveryClient-CacheRefreshExecutor-%d] DEBUG o.s.web.client.RestTemplate - Reading to [org.springframework.cloud.netflix.eureka.http.EurekaApplications]
2025-09-25 12:52:44 [DiscoveryClient-HeartbeatExecutor-%d] DEBUG o.s.web.client.RestTemplate - HTTP PUT http://localhost:8761/eureka/apps/ROOM-SERVICE/GT0126:room-service:9003?status=UP&lastDirtyTimestamp=1758718826120
2025-09-25 12:52:44 [DiscoveryClient-HeartbeatExecutor-%d] DEBUG o.s.web.client.RestTemplate - Accept=[application/json, application/*+json]
2025-09-25 12:52:44 [DiscoveryClient-HeartbeatExecutor-%d] DEBUG o.s.web.client.RestTemplate - Response 200 OK
2025-09-25 12:53:14 [DiscoveryClient-CacheRefreshExecutor-%d] DEBUG o.s.web.client.RestTemplate - HTTP GET http://localhost:8761/eureka/apps/delta
2025-09-25 12:53:14 [DiscoveryClient-CacheRefreshExecutor-%d] DEBUG o.s.web.client.RestTemplate - Accept=[application/json, application/*+json]
2025-09-25 12:53:14 [DiscoveryClient-CacheRefreshExecutor-%d] DEBUG o.s.web.client.RestTemplate - Response 200 OK
2025-09-25 12:53:14 [DiscoveryClient-CacheRefreshExecutor-%d] DEBUG o.s.web.client.RestTemplate - Reading to [org.springframework.cloud.netflix.eureka.http.EurekaApplications]
2025-09-25 12:53:14 [DiscoveryClient-HeartbeatExecutor-%d] DEBUG o.s.web.client.RestTemplate - HTTP PUT http://localhost:8761/eureka/apps/ROOM-SERVICE/GT0126:room-service:9003?status=UP&lastDirtyTimestamp=1758718826120
2025-09-25 12:53:14 [DiscoveryClient-HeartbeatExecutor-%d] DEBUG o.s.web.client.RestTemplate - Accept=[application/json, application/*+json]
2025-09-25 12:53:14 [DiscoveryClient-HeartbeatExecutor-%d] DEBUG o.s.web.client.RestTemplate - Response 200 OK
2025-09-25 12:53:44 [DiscoveryClient-CacheRefreshExecutor-%d] DEBUG o.s.web.client.RestTemplate - HTTP GET http://localhost:8761/eureka/apps/delta
2025-09-25 12:53:44 [DiscoveryClient-CacheRefreshExecutor-%d] DEBUG o.s.web.client.RestTemplate - Accept=[application/json, application/*+json]
2025-09-25 12:53:44 [DiscoveryClient-CacheRefreshExecutor-%d] DEBUG o.s.web.client.RestTemplate - Response 200 OK
2025-09-25 12:53:44 [DiscoveryClient-CacheRefreshExecutor-%d] DEBUG o.s.web.client.RestTemplate - Reading to [org.springframework.cloud.netflix.eureka.http.EurekaApplications]
2025-09-25 12:53:44 [DiscoveryClient-HeartbeatExecutor-%d] DEBUG o.s.web.client.RestTemplate - HTTP PUT http://localhost:8761/eureka/apps/ROOM-SERVICE/GT0126:room-service:9003?status=UP&lastDirtyTimestamp=1758718826120
2025-09-25 12:53:44 [DiscoveryClient-HeartbeatExecutor-%d] DEBUG o.s.web.client.RestTemplate - Accept=[application/json, application/*+json]
2025-09-25 12:53:44 [DiscoveryClient-HeartbeatExecutor-%d] DEBUG o.s.web.client.RestTemplate - Response 200 OK
2025-09-25 12:54:14 [DiscoveryClient-CacheRefreshExecutor-%d] DEBUG o.s.web.client.RestTemplate - HTTP GET http://localhost:8761/eureka/apps/delta
2025-09-25 12:54:14 [DiscoveryClient-CacheRefreshExecutor-%d] DEBUG o.s.web.client.RestTemplate - Accept=[application/json, application/*+json]
2025-09-25 12:54:14 [DiscoveryClient-CacheRefreshExecutor-%d] DEBUG o.s.web.client.RestTemplate - Response 200 OK
2025-09-25 12:54:14 [DiscoveryClient-CacheRefreshExecutor-%d] DEBUG o.s.web.client.RestTemplate - Reading to [org.springframework.cloud.netflix.eureka.http.EurekaApplications]
2025-09-25 12:54:14 [DiscoveryClient-HeartbeatExecutor-%d] DEBUG o.s.web.client.RestTemplate - HTTP PUT http://localhost:8761/eureka/apps/ROOM-SERVICE/GT0126:room-service:9003?status=UP&lastDirtyTimestamp=1758718826120
2025-09-25 12:54:14 [DiscoveryClient-HeartbeatExecutor-%d] DEBUG o.s.web.client.RestTemplate - Accept=[application/json, application/*+json]
2025-09-25 12:54:14 [DiscoveryClient-HeartbeatExecutor-%d] DEBUG o.s.web.client.RestTemplate - Response 200 OK
2025-09-25 12:54:29 [AsyncResolver-bootstrap-executor-%d] INFO  c.n.d.s.r.aws.ConfigClusterResolver - Resolving eureka endpoints via configuration
2025-09-25 12:54:44 [DiscoveryClient-CacheRefreshExecutor-%d] DEBUG o.s.web.client.RestTemplate - HTTP GET http://localhost:8761/eureka/apps/delta
2025-09-25 12:54:44 [DiscoveryClient-CacheRefreshExecutor-%d] DEBUG o.s.web.client.RestTemplate - Accept=[application/json, application/*+json]
2025-09-25 12:54:44 [DiscoveryClient-CacheRefreshExecutor-%d] DEBUG o.s.web.client.RestTemplate - Response 200 OK
2025-09-25 12:54:44 [DiscoveryClient-CacheRefreshExecutor-%d] DEBUG o.s.web.client.RestTemplate - Reading to [org.springframework.cloud.netflix.eureka.http.EurekaApplications]
2025-09-25 12:54:44 [DiscoveryClient-HeartbeatExecutor-%d] DEBUG o.s.web.client.RestTemplate - HTTP PUT http://localhost:8761/eureka/apps/ROOM-SERVICE/GT0126:room-service:9003?status=UP&lastDirtyTimestamp=1758718826120
2025-09-25 12:54:44 [DiscoveryClient-HeartbeatExecutor-%d] DEBUG o.s.web.client.RestTemplate - Accept=[application/json, application/*+json]
2025-09-25 12:54:44 [DiscoveryClient-HeartbeatExecutor-%d] DEBUG o.s.web.client.RestTemplate - Response 200 OK
2025-09-25 12:55:14 [DiscoveryClient-CacheRefreshExecutor-%d] DEBUG o.s.web.client.RestTemplate - HTTP GET http://localhost:8761/eureka/apps/delta
2025-09-25 12:55:14 [DiscoveryClient-CacheRefreshExecutor-%d] DEBUG o.s.web.client.RestTemplate - Accept=[application/json, application/*+json]
2025-09-25 12:55:14 [DiscoveryClient-CacheRefreshExecutor-%d] DEBUG o.s.web.client.RestTemplate - Response 200 OK
2025-09-25 12:55:14 [DiscoveryClient-CacheRefreshExecutor-%d] DEBUG o.s.web.client.RestTemplate - Reading to [org.springframework.cloud.netflix.eureka.http.EurekaApplications]
2025-09-25 12:55:14 [DiscoveryClient-HeartbeatExecutor-%d] DEBUG o.s.web.client.RestTemplate - HTTP PUT http://localhost:8761/eureka/apps/ROOM-SERVICE/GT0126:room-service:9003?status=UP&lastDirtyTimestamp=1758718826120
2025-09-25 12:55:14 [DiscoveryClient-HeartbeatExecutor-%d] DEBUG o.s.web.client.RestTemplate - Accept=[application/json, application/*+json]
2025-09-25 12:55:14 [DiscoveryClient-HeartbeatExecutor-%d] DEBUG o.s.web.client.RestTemplate - Response 200 OK
2025-09-25 12:55:44 [DiscoveryClient-CacheRefreshExecutor-%d] DEBUG o.s.web.client.RestTemplate - HTTP GET http://localhost:8761/eureka/apps/delta
2025-09-25 12:55:44 [DiscoveryClient-CacheRefreshExecutor-%d] DEBUG o.s.web.client.RestTemplate - Accept=[application/json, application/*+json]
2025-09-25 12:55:44 [DiscoveryClient-CacheRefreshExecutor-%d] DEBUG o.s.web.client.RestTemplate - Response 200 OK
2025-09-25 12:55:44 [DiscoveryClient-CacheRefreshExecutor-%d] DEBUG o.s.web.client.RestTemplate - Reading to [org.springframework.cloud.netflix.eureka.http.EurekaApplications]
2025-09-25 12:55:44 [DiscoveryClient-HeartbeatExecutor-%d] DEBUG o.s.web.client.RestTemplate - HTTP PUT http://localhost:8761/eureka/apps/ROOM-SERVICE/GT0126:room-service:9003?status=UP&lastDirtyTimestamp=1758718826120
2025-09-25 12:55:44 [DiscoveryClient-HeartbeatExecutor-%d] DEBUG o.s.web.client.RestTemplate - Accept=[application/json, application/*+json]
2025-09-25 12:55:44 [DiscoveryClient-HeartbeatExecutor-%d] DEBUG o.s.web.client.RestTemplate - Response 200 OK
2025-09-25 12:56:14 [DiscoveryClient-CacheRefreshExecutor-%d] DEBUG o.s.web.client.RestTemplate - HTTP GET http://localhost:8761/eureka/apps/delta
2025-09-25 12:56:14 [DiscoveryClient-CacheRefreshExecutor-%d] DEBUG o.s.web.client.RestTemplate - Accept=[application/json, application/*+json]
2025-09-25 12:56:14 [DiscoveryClient-CacheRefreshExecutor-%d] DEBUG o.s.web.client.RestTemplate - Response 200 OK
2025-09-25 12:56:14 [DiscoveryClient-CacheRefreshExecutor-%d] DEBUG o.s.web.client.RestTemplate - Reading to [org.springframework.cloud.netflix.eureka.http.EurekaApplications]
2025-09-25 12:56:14 [DiscoveryClient-HeartbeatExecutor-%d] DEBUG o.s.web.client.RestTemplate - HTTP PUT http://localhost:8761/eureka/apps/ROOM-SERVICE/GT0126:room-service:9003?status=UP&lastDirtyTimestamp=1758718826120
2025-09-25 12:56:14 [DiscoveryClient-HeartbeatExecutor-%d] DEBUG o.s.web.client.RestTemplate - Accept=[application/json, application/*+json]
2025-09-25 12:56:14 [DiscoveryClient-HeartbeatExecutor-%d] DEBUG o.s.web.client.RestTemplate - Response 200 OK
2025-09-25 12:56:44 [DiscoveryClient-CacheRefreshExecutor-%d] DEBUG o.s.web.client.RestTemplate - HTTP GET http://localhost:8761/eureka/apps/delta
2025-09-25 12:56:44 [DiscoveryClient-CacheRefreshExecutor-%d] DEBUG o.s.web.client.RestTemplate - Accept=[application/json, application/*+json]
2025-09-25 12:56:44 [DiscoveryClient-CacheRefreshExecutor-%d] DEBUG o.s.web.client.RestTemplate - Response 200 OK
2025-09-25 12:56:44 [DiscoveryClient-CacheRefreshExecutor-%d] DEBUG o.s.web.client.RestTemplate - Reading to [org.springframework.cloud.netflix.eureka.http.EurekaApplications]
2025-09-25 12:56:44 [DiscoveryClient-HeartbeatExecutor-%d] DEBUG o.s.web.client.RestTemplate - HTTP PUT http://localhost:8761/eureka/apps/ROOM-SERVICE/GT0126:room-service:9003?status=UP&lastDirtyTimestamp=1758718826120
2025-09-25 12:56:44 [DiscoveryClient-HeartbeatExecutor-%d] DEBUG o.s.web.client.RestTemplate - Accept=[application/json, application/*+json]
2025-09-25 12:56:44 [DiscoveryClient-HeartbeatExecutor-%d] DEBUG o.s.web.client.RestTemplate - Response 200 OK
2025-09-25 12:57:14 [DiscoveryClient-CacheRefreshExecutor-%d] DEBUG o.s.web.client.RestTemplate - HTTP GET http://localhost:8761/eureka/apps/delta
2025-09-25 12:57:14 [DiscoveryClient-CacheRefreshExecutor-%d] DEBUG o.s.web.client.RestTemplate - Accept=[application/json, application/*+json]
2025-09-25 12:57:14 [DiscoveryClient-CacheRefreshExecutor-%d] DEBUG o.s.web.client.RestTemplate - Response 200 OK
2025-09-25 12:57:14 [DiscoveryClient-CacheRefreshExecutor-%d] DEBUG o.s.web.client.RestTemplate - Reading to [org.springframework.cloud.netflix.eureka.http.EurekaApplications]
2025-09-25 12:57:14 [DiscoveryClient-HeartbeatExecutor-%d] DEBUG o.s.web.client.RestTemplate - HTTP PUT http://localhost:8761/eureka/apps/ROOM-SERVICE/GT0126:room-service:9003?status=UP&lastDirtyTimestamp=1758718826120
2025-09-25 12:57:14 [DiscoveryClient-HeartbeatExecutor-%d] DEBUG o.s.web.client.RestTemplate - Accept=[application/json, application/*+json]
2025-09-25 12:57:15 [DiscoveryClient-HeartbeatExecutor-%d] DEBUG o.s.web.client.RestTemplate - Response 200 OK
2025-09-25 12:57:44 [DiscoveryClient-CacheRefreshExecutor-%d] DEBUG o.s.web.client.RestTemplate - HTTP GET http://localhost:8761/eureka/apps/delta
2025-09-25 12:57:44 [DiscoveryClient-CacheRefreshExecutor-%d] DEBUG o.s.web.client.RestTemplate - Accept=[application/json, application/*+json]
2025-09-25 12:57:44 [DiscoveryClient-CacheRefreshExecutor-%d] DEBUG o.s.web.client.RestTemplate - Response 200 OK
2025-09-25 12:57:44 [DiscoveryClient-CacheRefreshExecutor-%d] DEBUG o.s.web.client.RestTemplate - Reading to [org.springframework.cloud.netflix.eureka.http.EurekaApplications]
2025-09-25 12:57:45 [DiscoveryClient-HeartbeatExecutor-%d] DEBUG o.s.web.client.RestTemplate - HTTP PUT http://localhost:8761/eureka/apps/ROOM-SERVICE/GT0126:room-service:9003?status=UP&lastDirtyTimestamp=1758718826120
2025-09-25 12:57:45 [DiscoveryClient-HeartbeatExecutor-%d] DEBUG o.s.web.client.RestTemplate - Accept=[application/json, application/*+json]
2025-09-25 12:57:45 [DiscoveryClient-HeartbeatExecutor-%d] DEBUG o.s.web.client.RestTemplate - Response 200 OK
2025-09-25 12:58:14 [DiscoveryClient-CacheRefreshExecutor-%d] DEBUG o.s.web.client.RestTemplate - HTTP GET http://localhost:8761/eureka/apps/delta
2025-09-25 12:58:14 [DiscoveryClient-CacheRefreshExecutor-%d] DEBUG o.s.web.client.RestTemplate - Accept=[application/json, application/*+json]
2025-09-25 12:58:14 [DiscoveryClient-CacheRefreshExecutor-%d] DEBUG o.s.web.client.RestTemplate - Response 200 OK
2025-09-25 12:58:14 [DiscoveryClient-CacheRefreshExecutor-%d] DEBUG o.s.web.client.RestTemplate - Reading to [org.springframework.cloud.netflix.eureka.http.EurekaApplications]
2025-09-25 12:58:15 [DiscoveryClient-HeartbeatExecutor-%d] DEBUG o.s.web.client.RestTemplate - HTTP PUT http://localhost:8761/eureka/apps/ROOM-SERVICE/GT0126:room-service:9003?status=UP&lastDirtyTimestamp=1758718826120
2025-09-25 12:58:15 [DiscoveryClient-HeartbeatExecutor-%d] DEBUG o.s.web.client.RestTemplate - Accept=[application/json, application/*+json]
2025-09-25 12:58:15 [DiscoveryClient-HeartbeatExecutor-%d] DEBUG o.s.web.client.RestTemplate - Response 200 OK
2025-09-25 12:58:44 [DiscoveryClient-CacheRefreshExecutor-%d] DEBUG o.s.web.client.RestTemplate - HTTP GET http://localhost:8761/eureka/apps/delta
2025-09-25 12:58:44 [DiscoveryClient-CacheRefreshExecutor-%d] DEBUG o.s.web.client.RestTemplate - Accept=[application/json, application/*+json]
2025-09-25 12:58:44 [DiscoveryClient-CacheRefreshExecutor-%d] DEBUG o.s.web.client.RestTemplate - Response 200 OK
2025-09-25 12:58:44 [DiscoveryClient-CacheRefreshExecutor-%d] DEBUG o.s.web.client.RestTemplate - Reading to [org.springframework.cloud.netflix.eureka.http.EurekaApplications]
2025-09-25 12:58:45 [DiscoveryClient-HeartbeatExecutor-%d] DEBUG o.s.web.client.RestTemplate - HTTP PUT http://localhost:8761/eureka/apps/ROOM-SERVICE/GT0126:room-service:9003?status=UP&lastDirtyTimestamp=1758718826120
2025-09-25 12:58:45 [DiscoveryClient-HeartbeatExecutor-%d] DEBUG o.s.web.client.RestTemplate - Accept=[application/json, application/*+json]
2025-09-25 12:58:45 [DiscoveryClient-HeartbeatExecutor-%d] DEBUG o.s.web.client.RestTemplate - Response 200 OK
2025-09-25 12:59:14 [DiscoveryClient-CacheRefreshExecutor-%d] DEBUG o.s.web.client.RestTemplate - HTTP GET http://localhost:8761/eureka/apps/delta
2025-09-25 12:59:14 [DiscoveryClient-CacheRefreshExecutor-%d] DEBUG o.s.web.client.RestTemplate - Accept=[application/json, application/*+json]
2025-09-25 12:59:14 [DiscoveryClient-CacheRefreshExecutor-%d] DEBUG o.s.web.client.RestTemplate - Response 200 OK
2025-09-25 12:59:14 [DiscoveryClient-CacheRefreshExecutor-%d] DEBUG o.s.web.client.RestTemplate - Reading to [org.springframework.cloud.netflix.eureka.http.EurekaApplications]
2025-09-25 12:59:15 [DiscoveryClient-HeartbeatExecutor-%d] DEBUG o.s.web.client.RestTemplate - HTTP PUT http://localhost:8761/eureka/apps/ROOM-SERVICE/GT0126:room-service:9003?status=UP&lastDirtyTimestamp=1758718826120
2025-09-25 12:59:15 [DiscoveryClient-HeartbeatExecutor-%d] DEBUG o.s.web.client.RestTemplate - Accept=[application/json, application/*+json]
2025-09-25 12:59:15 [DiscoveryClient-HeartbeatExecutor-%d] DEBUG o.s.web.client.RestTemplate - Response 200 OK
2025-09-25 12:59:29 [AsyncResolver-bootstrap-executor-%d] INFO  c.n.d.s.r.aws.ConfigClusterResolver - Resolving eureka endpoints via configuration
2025-09-25 12:59:44 [DiscoveryClient-CacheRefreshExecutor-%d] DEBUG o.s.web.client.RestTemplate - HTTP GET http://localhost:8761/eureka/apps/delta
2025-09-25 12:59:44 [DiscoveryClient-CacheRefreshExecutor-%d] DEBUG o.s.web.client.RestTemplate - Accept=[application/json, application/*+json]
2025-09-25 12:59:44 [DiscoveryClient-CacheRefreshExecutor-%d] DEBUG o.s.web.client.RestTemplate - Response 200 OK
2025-09-25 12:59:44 [DiscoveryClient-CacheRefreshExecutor-%d] DEBUG o.s.web.client.RestTemplate - Reading to [org.springframework.cloud.netflix.eureka.http.EurekaApplications]
2025-09-25 12:59:45 [DiscoveryClient-HeartbeatExecutor-%d] DEBUG o.s.web.client.RestTemplate - HTTP PUT http://localhost:8761/eureka/apps/ROOM-SERVICE/GT0126:room-service:9003?status=UP&lastDirtyTimestamp=1758718826120
2025-09-25 12:59:45 [DiscoveryClient-HeartbeatExecutor-%d] DEBUG o.s.web.client.RestTemplate - Accept=[application/json, application/*+json]
2025-09-25 12:59:45 [DiscoveryClient-HeartbeatExecutor-%d] DEBUG o.s.web.client.RestTemplate - Response 200 OK
2025-09-25 13:00:14 [DiscoveryClient-CacheRefreshExecutor-%d] DEBUG o.s.web.client.RestTemplate - HTTP GET http://localhost:8761/eureka/apps/delta
2025-09-25 13:00:14 [DiscoveryClient-CacheRefreshExecutor-%d] DEBUG o.s.web.client.RestTemplate - Accept=[application/json, application/*+json]
2025-09-25 13:00:14 [DiscoveryClient-CacheRefreshExecutor-%d] DEBUG o.s.web.client.RestTemplate - Response 200 OK
2025-09-25 13:00:14 [DiscoveryClient-CacheRefreshExecutor-%d] DEBUG o.s.web.client.RestTemplate - Reading to [org.springframework.cloud.netflix.eureka.http.EurekaApplications]
2025-09-25 13:00:15 [DiscoveryClient-HeartbeatExecutor-%d] DEBUG o.s.web.client.RestTemplate - HTTP PUT http://localhost:8761/eureka/apps/ROOM-SERVICE/GT0126:room-service:9003?status=UP&lastDirtyTimestamp=1758718826120
2025-09-25 13:00:15 [DiscoveryClient-HeartbeatExecutor-%d] DEBUG o.s.web.client.RestTemplate - Accept=[application/json, application/*+json]
2025-09-25 13:00:15 [DiscoveryClient-HeartbeatExecutor-%d] DEBUG o.s.web.client.RestTemplate - Response 200 OK
2025-09-25 13:00:44 [DiscoveryClient-CacheRefreshExecutor-%d] DEBUG o.s.web.client.RestTemplate - HTTP GET http://localhost:8761/eureka/apps/delta
2025-09-25 13:00:44 [DiscoveryClient-CacheRefreshExecutor-%d] DEBUG o.s.web.client.RestTemplate - Accept=[application/json, application/*+json]
2025-09-25 13:00:44 [DiscoveryClient-CacheRefreshExecutor-%d] DEBUG o.s.web.client.RestTemplate - Response 200 OK
2025-09-25 13:00:44 [DiscoveryClient-CacheRefreshExecutor-%d] DEBUG o.s.web.client.RestTemplate - Reading to [org.springframework.cloud.netflix.eureka.http.EurekaApplications]
2025-09-25 13:00:45 [DiscoveryClient-HeartbeatExecutor-%d] DEBUG o.s.web.client.RestTemplate - HTTP PUT http://localhost:8761/eureka/apps/ROOM-SERVICE/GT0126:room-service:9003?status=UP&lastDirtyTimestamp=1758718826120
2025-09-25 13:00:45 [DiscoveryClient-HeartbeatExecutor-%d] DEBUG o.s.web.client.RestTemplate - Accept=[application/json, application/*+json]
2025-09-25 13:00:45 [DiscoveryClient-HeartbeatExecutor-%d] DEBUG o.s.web.client.RestTemplate - Response 200 OK
2025-09-25 13:01:14 [DiscoveryClient-CacheRefreshExecutor-%d] DEBUG o.s.web.client.RestTemplate - HTTP GET http://localhost:8761/eureka/apps/delta
2025-09-25 13:01:14 [DiscoveryClient-CacheRefreshExecutor-%d] DEBUG o.s.web.client.RestTemplate - Accept=[application/json, application/*+json]
2025-09-25 13:01:14 [DiscoveryClient-CacheRefreshExecutor-%d] DEBUG o.s.web.client.RestTemplate - Response 200 OK
2025-09-25 13:01:14 [DiscoveryClient-CacheRefreshExecutor-%d] DEBUG o.s.web.client.RestTemplate - Reading to [org.springframework.cloud.netflix.eureka.http.EurekaApplications]
2025-09-25 13:01:15 [DiscoveryClient-HeartbeatExecutor-%d] DEBUG o.s.web.client.RestTemplate - HTTP PUT http://localhost:8761/eureka/apps/ROOM-SERVICE/GT0126:room-service:9003?status=UP&lastDirtyTimestamp=1758718826120
2025-09-25 13:01:15 [DiscoveryClient-HeartbeatExecutor-%d] DEBUG o.s.web.client.RestTemplate - Accept=[application/json, application/*+json]
2025-09-25 13:01:15 [DiscoveryClient-HeartbeatExecutor-%d] DEBUG o.s.web.client.RestTemplate - Response 200 OK
2025-09-25 13:01:44 [DiscoveryClient-CacheRefreshExecutor-%d] DEBUG o.s.web.client.RestTemplate - HTTP GET http://localhost:8761/eureka/apps/delta
2025-09-25 13:01:44 [DiscoveryClient-CacheRefreshExecutor-%d] DEBUG o.s.web.client.RestTemplate - Accept=[application/json, application/*+json]
2025-09-25 13:01:44 [DiscoveryClient-CacheRefreshExecutor-%d] DEBUG o.s.web.client.RestTemplate - Response 200 OK
2025-09-25 13:01:44 [DiscoveryClient-CacheRefreshExecutor-%d] DEBUG o.s.web.client.RestTemplate - Reading to [org.springframework.cloud.netflix.eureka.http.EurekaApplications]
2025-09-25 13:01:45 [DiscoveryClient-HeartbeatExecutor-%d] DEBUG o.s.web.client.RestTemplate - HTTP PUT http://localhost:8761/eureka/apps/ROOM-SERVICE/GT0126:room-service:9003?status=UP&lastDirtyTimestamp=1758718826120
2025-09-25 13:01:45 [DiscoveryClient-HeartbeatExecutor-%d] DEBUG o.s.web.client.RestTemplate - Accept=[application/json, application/*+json]
2025-09-25 13:01:45 [DiscoveryClient-HeartbeatExecutor-%d] DEBUG o.s.web.client.RestTemplate - Response 200 OK
2025-09-25 13:02:14 [DiscoveryClient-CacheRefreshExecutor-%d] DEBUG o.s.web.client.RestTemplate - HTTP GET http://localhost:8761/eureka/apps/delta
2025-09-25 13:02:14 [DiscoveryClient-CacheRefreshExecutor-%d] DEBUG o.s.web.client.RestTemplate - Accept=[application/json, application/*+json]
2025-09-25 13:02:14 [DiscoveryClient-CacheRefreshExecutor-%d] DEBUG o.s.web.client.RestTemplate - Response 200 OK
2025-09-25 13:02:14 [DiscoveryClient-CacheRefreshExecutor-%d] DEBUG o.s.web.client.RestTemplate - Reading to [org.springframework.cloud.netflix.eureka.http.EurekaApplications]
2025-09-25 13:02:15 [DiscoveryClient-HeartbeatExecutor-%d] DEBUG o.s.web.client.RestTemplate - HTTP PUT http://localhost:8761/eureka/apps/ROOM-SERVICE/GT0126:room-service:9003?status=UP&lastDirtyTimestamp=1758718826120
2025-09-25 13:02:15 [DiscoveryClient-HeartbeatExecutor-%d] DEBUG o.s.web.client.RestTemplate - Accept=[application/json, application/*+json]
2025-09-25 13:02:15 [DiscoveryClient-HeartbeatExecutor-%d] DEBUG o.s.web.client.RestTemplate - Response 200 OK
2025-09-25 13:02:44 [DiscoveryClient-CacheRefreshExecutor-%d] DEBUG o.s.web.client.RestTemplate - HTTP GET http://localhost:8761/eureka/apps/delta
2025-09-25 13:02:44 [DiscoveryClient-CacheRefreshExecutor-%d] DEBUG o.s.web.client.RestTemplate - Accept=[application/json, application/*+json]
2025-09-25 13:02:44 [DiscoveryClient-CacheRefreshExecutor-%d] DEBUG o.s.web.client.RestTemplate - Response 200 OK
2025-09-25 13:02:44 [DiscoveryClient-CacheRefreshExecutor-%d] DEBUG o.s.web.client.RestTemplate - Reading to [org.springframework.cloud.netflix.eureka.http.EurekaApplications]
2025-09-25 13:02:45 [DiscoveryClient-HeartbeatExecutor-%d] DEBUG o.s.web.client.RestTemplate - HTTP PUT http://localhost:8761/eureka/apps/ROOM-SERVICE/GT0126:room-service:9003?status=UP&lastDirtyTimestamp=1758718826120
2025-09-25 13:02:45 [DiscoveryClient-HeartbeatExecutor-%d] DEBUG o.s.web.client.RestTemplate - Accept=[application/json, application/*+json]
2025-09-25 13:02:45 [DiscoveryClient-HeartbeatExecutor-%d] DEBUG o.s.web.client.RestTemplate - Response 200 OK
2025-09-25 13:03:14 [DiscoveryClient-CacheRefreshExecutor-%d] DEBUG o.s.web.client.RestTemplate - HTTP GET http://localhost:8761/eureka/apps/delta
2025-09-25 13:03:14 [DiscoveryClient-CacheRefreshExecutor-%d] DEBUG o.s.web.client.RestTemplate - Accept=[application/json, application/*+json]
2025-09-25 13:03:14 [DiscoveryClient-CacheRefreshExecutor-%d] DEBUG o.s.web.client.RestTemplate - Response 200 OK
2025-09-25 13:03:14 [DiscoveryClient-CacheRefreshExecutor-%d] DEBUG o.s.web.client.RestTemplate - Reading to [org.springframework.cloud.netflix.eureka.http.EurekaApplications]
2025-09-25 13:03:15 [DiscoveryClient-HeartbeatExecutor-%d] DEBUG o.s.web.client.RestTemplate - HTTP PUT http://localhost:8761/eureka/apps/ROOM-SERVICE/GT0126:room-service:9003?status=UP&lastDirtyTimestamp=1758718826120
2025-09-25 13:03:15 [DiscoveryClient-HeartbeatExecutor-%d] DEBUG o.s.web.client.RestTemplate - Accept=[application/json, application/*+json]
2025-09-25 13:03:15 [DiscoveryClient-HeartbeatExecutor-%d] DEBUG o.s.web.client.RestTemplate - Response 200 OK
2025-09-25 13:03:44 [DiscoveryClient-CacheRefreshExecutor-%d] DEBUG o.s.web.client.RestTemplate - HTTP GET http://localhost:8761/eureka/apps/delta
2025-09-25 13:03:44 [DiscoveryClient-CacheRefreshExecutor-%d] DEBUG o.s.web.client.RestTemplate - Accept=[application/json, application/*+json]
2025-09-25 13:03:44 [DiscoveryClient-CacheRefreshExecutor-%d] DEBUG o.s.web.client.RestTemplate - Response 200 OK
2025-09-25 13:03:44 [DiscoveryClient-CacheRefreshExecutor-%d] DEBUG o.s.web.client.RestTemplate - Reading to [org.springframework.cloud.netflix.eureka.http.EurekaApplications]
2025-09-25 13:03:45 [DiscoveryClient-HeartbeatExecutor-%d] DEBUG o.s.web.client.RestTemplate - HTTP PUT http://localhost:8761/eureka/apps/ROOM-SERVICE/GT0126:room-service:9003?status=UP&lastDirtyTimestamp=1758718826120
2025-09-25 13:03:45 [DiscoveryClient-HeartbeatExecutor-%d] DEBUG o.s.web.client.RestTemplate - Accept=[application/json, application/*+json]
2025-09-25 13:03:45 [DiscoveryClient-HeartbeatExecutor-%d] DEBUG o.s.web.client.RestTemplate - Response 200 OK
2025-09-25 13:04:14 [DiscoveryClient-CacheRefreshExecutor-%d] DEBUG o.s.web.client.RestTemplate - HTTP GET http://localhost:8761/eureka/apps/delta
2025-09-25 13:04:14 [DiscoveryClient-CacheRefreshExecutor-%d] DEBUG o.s.web.client.RestTemplate - Accept=[application/json, application/*+json]
2025-09-25 13:04:14 [DiscoveryClient-CacheRefreshExecutor-%d] DEBUG o.s.web.client.RestTemplate - Response 200 OK
2025-09-25 13:04:14 [DiscoveryClient-CacheRefreshExecutor-%d] DEBUG o.s.web.client.RestTemplate - Reading to [org.springframework.cloud.netflix.eureka.http.EurekaApplications]
2025-09-25 13:04:15 [DiscoveryClient-HeartbeatExecutor-%d] DEBUG o.s.web.client.RestTemplate - HTTP PUT http://localhost:8761/eureka/apps/ROOM-SERVICE/GT0126:room-service:9003?status=UP&lastDirtyTimestamp=1758718826120
2025-09-25 13:04:15 [DiscoveryClient-HeartbeatExecutor-%d] DEBUG o.s.web.client.RestTemplate - Accept=[application/json, application/*+json]
2025-09-25 13:04:15 [DiscoveryClient-HeartbeatExecutor-%d] DEBUG o.s.web.client.RestTemplate - Response 200 OK
2025-09-25 13:04:29 [AsyncResolver-bootstrap-executor-%d] INFO  c.n.d.s.r.aws.ConfigClusterResolver - Resolving eureka endpoints via configuration
2025-09-25 13:04:44 [DiscoveryClient-CacheRefreshExecutor-%d] DEBUG o.s.web.client.RestTemplate - HTTP GET http://localhost:8761/eureka/apps/delta
2025-09-25 13:04:44 [DiscoveryClient-CacheRefreshExecutor-%d] DEBUG o.s.web.client.RestTemplate - Accept=[application/json, application/*+json]
2025-09-25 13:04:44 [DiscoveryClient-CacheRefreshExecutor-%d] DEBUG o.s.web.client.RestTemplate - Response 200 OK
2025-09-25 13:04:44 [DiscoveryClient-CacheRefreshExecutor-%d] DEBUG o.s.web.client.RestTemplate - Reading to [org.springframework.cloud.netflix.eureka.http.EurekaApplications]
2025-09-25 13:04:45 [DiscoveryClient-HeartbeatExecutor-%d] DEBUG o.s.web.client.RestTemplate - HTTP PUT http://localhost:8761/eureka/apps/ROOM-SERVICE/GT0126:room-service:9003?status=UP&lastDirtyTimestamp=1758718826120
2025-09-25 13:04:45 [DiscoveryClient-HeartbeatExecutor-%d] DEBUG o.s.web.client.RestTemplate - Accept=[application/json, application/*+json]
2025-09-25 13:04:45 [DiscoveryClient-HeartbeatExecutor-%d] DEBUG o.s.web.client.RestTemplate - Response 200 OK
2025-09-25 13:05:14 [DiscoveryClient-CacheRefreshExecutor-%d] DEBUG o.s.web.client.RestTemplate - HTTP GET http://localhost:8761/eureka/apps/delta
2025-09-25 13:05:15 [DiscoveryClient-CacheRefreshExecutor-%d] DEBUG o.s.web.client.RestTemplate - Accept=[application/json, application/*+json]
2025-09-25 13:05:15 [DiscoveryClient-CacheRefreshExecutor-%d] DEBUG o.s.web.client.RestTemplate - Response 200 OK
2025-09-25 13:05:15 [DiscoveryClient-CacheRefreshExecutor-%d] DEBUG o.s.web.client.RestTemplate - Reading to [org.springframework.cloud.netflix.eureka.http.EurekaApplications]
2025-09-25 13:05:15 [DiscoveryClient-HeartbeatExecutor-%d] DEBUG o.s.web.client.RestTemplate - HTTP PUT http://localhost:8761/eureka/apps/ROOM-SERVICE/GT0126:room-service:9003?status=UP&lastDirtyTimestamp=1758718826120
2025-09-25 13:05:15 [DiscoveryClient-HeartbeatExecutor-%d] DEBUG o.s.web.client.RestTemplate - Accept=[application/json, application/*+json]
2025-09-25 13:05:15 [DiscoveryClient-HeartbeatExecutor-%d] DEBUG o.s.web.client.RestTemplate - Response 200 OK
2025-09-25 13:05:45 [DiscoveryClient-CacheRefreshExecutor-%d] DEBUG o.s.web.client.RestTemplate - HTTP GET http://localhost:8761/eureka/apps/delta
2025-09-25 13:05:45 [DiscoveryClient-CacheRefreshExecutor-%d] DEBUG o.s.web.client.RestTemplate - Accept=[application/json, application/*+json]
2025-09-25 13:05:45 [DiscoveryClient-CacheRefreshExecutor-%d] DEBUG o.s.web.client.RestTemplate - Response 200 OK
2025-09-25 13:05:45 [DiscoveryClient-CacheRefreshExecutor-%d] DEBUG o.s.web.client.RestTemplate - Reading to [org.springframework.cloud.netflix.eureka.http.EurekaApplications]
2025-09-25 13:05:45 [DiscoveryClient-HeartbeatExecutor-%d] DEBUG o.s.web.client.RestTemplate - HTTP PUT http://localhost:8761/eureka/apps/ROOM-SERVICE/GT0126:room-service:9003?status=UP&lastDirtyTimestamp=1758718826120
2025-09-25 13:05:45 [DiscoveryClient-HeartbeatExecutor-%d] DEBUG o.s.web.client.RestTemplate - Accept=[application/json, application/*+json]
2025-09-25 13:05:45 [DiscoveryClient-HeartbeatExecutor-%d] DEBUG o.s.web.client.RestTemplate - Response 200 OK
2025-09-25 13:06:15 [DiscoveryClient-CacheRefreshExecutor-%d] DEBUG o.s.web.client.RestTemplate - HTTP GET http://localhost:8761/eureka/apps/delta
2025-09-25 13:06:15 [DiscoveryClient-CacheRefreshExecutor-%d] DEBUG o.s.web.client.RestTemplate - Accept=[application/json, application/*+json]
2025-09-25 13:06:15 [DiscoveryClient-CacheRefreshExecutor-%d] DEBUG o.s.web.client.RestTemplate - Response 200 OK
2025-09-25 13:06:15 [DiscoveryClient-CacheRefreshExecutor-%d] DEBUG o.s.web.client.RestTemplate - Reading to [org.springframework.cloud.netflix.eureka.http.EurekaApplications]
2025-09-25 13:06:15 [DiscoveryClient-HeartbeatExecutor-%d] DEBUG o.s.web.client.RestTemplate - HTTP PUT http://localhost:8761/eureka/apps/ROOM-SERVICE/GT0126:room-service:9003?status=UP&lastDirtyTimestamp=1758718826120
2025-09-25 13:06:15 [DiscoveryClient-HeartbeatExecutor-%d] DEBUG o.s.web.client.RestTemplate - Accept=[application/json, application/*+json]
2025-09-25 13:06:15 [DiscoveryClient-HeartbeatExecutor-%d] DEBUG o.s.web.client.RestTemplate - Response 200 OK
2025-09-25 13:06:45 [DiscoveryClient-CacheRefreshExecutor-%d] DEBUG o.s.web.client.RestTemplate - HTTP GET http://localhost:8761/eureka/apps/delta
2025-09-25 13:06:45 [DiscoveryClient-CacheRefreshExecutor-%d] DEBUG o.s.web.client.RestTemplate - Accept=[application/json, application/*+json]
2025-09-25 13:06:45 [DiscoveryClient-CacheRefreshExecutor-%d] DEBUG o.s.web.client.RestTemplate - Response 200 OK
2025-09-25 13:06:45 [DiscoveryClient-CacheRefreshExecutor-%d] DEBUG o.s.web.client.RestTemplate - Reading to [org.springframework.cloud.netflix.eureka.http.EurekaApplications]
2025-09-25 13:06:45 [DiscoveryClient-HeartbeatExecutor-%d] DEBUG o.s.web.client.RestTemplate - HTTP PUT http://localhost:8761/eureka/apps/ROOM-SERVICE/GT0126:room-service:9003?status=UP&lastDirtyTimestamp=1758718826120
2025-09-25 13:06:45 [DiscoveryClient-HeartbeatExecutor-%d] DEBUG o.s.web.client.RestTemplate - Accept=[application/json, application/*+json]
2025-09-25 13:06:45 [DiscoveryClient-HeartbeatExecutor-%d] DEBUG o.s.web.client.RestTemplate - Response 200 OK
2025-09-25 13:07:15 [DiscoveryClient-CacheRefreshExecutor-%d] DEBUG o.s.web.client.RestTemplate - HTTP GET http://localhost:8761/eureka/apps/delta
2025-09-25 13:07:15 [DiscoveryClient-CacheRefreshExecutor-%d] DEBUG o.s.web.client.RestTemplate - Accept=[application/json, application/*+json]
2025-09-25 13:07:15 [DiscoveryClient-CacheRefreshExecutor-%d] DEBUG o.s.web.client.RestTemplate - Response 200 OK
2025-09-25 13:07:15 [DiscoveryClient-CacheRefreshExecutor-%d] DEBUG o.s.web.client.RestTemplate - Reading to [org.springframework.cloud.netflix.eureka.http.EurekaApplications]
2025-09-25 13:07:15 [DiscoveryClient-HeartbeatExecutor-%d] DEBUG o.s.web.client.RestTemplate - HTTP PUT http://localhost:8761/eureka/apps/ROOM-SERVICE/GT0126:room-service:9003?status=UP&lastDirtyTimestamp=1758718826120
2025-09-25 13:07:15 [DiscoveryClient-HeartbeatExecutor-%d] DEBUG o.s.web.client.RestTemplate - Accept=[application/json, application/*+json]
2025-09-25 13:07:15 [DiscoveryClient-HeartbeatExecutor-%d] DEBUG o.s.web.client.RestTemplate - Response 200 OK
2025-09-25 13:07:19 [SpringApplicationShutdownHook] INFO  o.s.c.n.e.s.EurekaServiceRegistry - Unregistering application ROOM-SERVICE with eureka with status DOWN
2025-09-25 13:07:19 [SpringApplicationShutdownHook] INFO  c.netflix.discovery.DiscoveryClient - Saw local status change event StatusChangeEvent [timestamp=1758785839800, current=DOWN, previous=UP]
2025-09-25 13:07:19 [DiscoveryClient-InstanceInfoReplicator-%d] INFO  c.netflix.discovery.DiscoveryClient - DiscoveryClient_ROOM-SERVICE/GT0126:room-service:9003: registering service...
2025-09-25 13:07:19 [DiscoveryClient-InstanceInfoReplicator-%d] DEBUG o.s.web.client.RestTemplate - HTTP POST http://localhost:8761/eureka/apps/ROOM-SERVICE
2025-09-25 13:07:19 [DiscoveryClient-InstanceInfoReplicator-%d] DEBUG o.s.web.client.RestTemplate - Accept=[application/json, application/*+json]
2025-09-25 13:07:19 [DiscoveryClient-InstanceInfoReplicator-%d] DEBUG o.s.web.client.RestTemplate - Writing [InstanceInfo [instanceId = GT0126:room-service:9003, appName = ROOM-SERVICE, hostName = GT0126, status = DOWN, ipAddr = 172.16.2.155, port = 9003, securePort = 443, dataCenterInfo = com.netflix.appinfo.MyDataCenterInfo@76639714] as "application/json"
2025-09-25 13:07:19 [DiscoveryClient-InstanceInfoReplicator-%d] DEBUG o.s.web.client.RestTemplate - Response 204 NO_CONTENT
2025-09-25 13:07:19 [DiscoveryClient-InstanceInfoReplicator-%d] INFO  c.netflix.discovery.DiscoveryClient - DiscoveryClient_ROOM-SERVICE/GT0126:room-service:9003 - registration status: 204
2025-09-25 13:07:20 [SpringApplicationShutdownHook] INFO  o.s.b.w.e.tomcat.GracefulShutdown - Commencing graceful shutdown. Waiting for active requests to complete
2025-09-25 13:07:20 [tomcat-shutdown] INFO  o.s.b.w.e.tomcat.GracefulShutdown - Graceful shutdown complete
2025-09-25 13:07:20 [SpringApplicationShutdownHook] INFO  o.s.o.j.LocalContainerEntityManagerFactoryBean - Closing JPA EntityManagerFactory for persistence unit 'default'
2025-09-25 13:07:20 [SpringApplicationShutdownHook] INFO  com.zaxxer.hikari.HikariDataSource - HikariPool-1 - Shutdown initiated...
2025-09-25 13:07:20 [SpringApplicationShutdownHook] INFO  com.zaxxer.hikari.HikariDataSource - HikariPool-1 - Shutdown completed.
2025-09-25 13:07:20 [SpringApplicationShutdownHook] INFO  c.netflix.discovery.DiscoveryClient - Shutting down DiscoveryClient ...
2025-09-25 13:07:23 [SpringApplicationShutdownHook] INFO  c.netflix.discovery.DiscoveryClient - Unregistering ...
2025-09-25 13:07:23 [SpringApplicationShutdownHook] DEBUG o.s.web.client.RestTemplate - HTTP DELETE http://localhost:8761/eureka/apps/ROOM-SERVICE/GT0126:room-service:9003
2025-09-25 13:07:23 [SpringApplicationShutdownHook] DEBUG o.s.web.client.RestTemplate - Accept=[application/json, application/*+json]
2025-09-25 13:07:23 [SpringApplicationShutdownHook] DEBUG o.s.web.client.RestTemplate - Response 200 OK
2025-09-25 13:07:23 [SpringApplicationShutdownHook] INFO  c.netflix.discovery.DiscoveryClient - DiscoveryClient_ROOM-SERVICE/GT0126:room-service:9003 - deregister  status: 200
2025-09-25 13:07:23 [SpringApplicationShutdownHook] INFO  c.netflix.discovery.DiscoveryClient - Completed shut down of DiscoveryClient
2025-09-25 13:07:57 [main] INFO  c.h.r.RoomServiceApplication - Starting RoomServiceApplication using Java 21.0.3 with PID 4188 (C:\Users\srinivasboya\Downloads\HOTEL-MANAGEMENT\room-service\target\classes started by srinivasboya in C:\Users\srinivasboya\Downloads\HOTEL-MANAGEMENT)
2025-09-25 13:07:57 [main] DEBUG c.h.r.RoomServiceApplication - Running with Spring Boot v3.5.3, Spring v6.2.8
2025-09-25 13:07:57 [main] INFO  c.h.r.RoomServiceApplication - The following 1 profile is active: "local"
2025-09-25 13:07:57 [main] INFO  o.s.c.c.c.ConfigServerConfigDataLoader - Fetching config from server at : http://localhost:8888
2025-09-25 13:07:57 [main] INFO  o.s.c.c.c.ConfigServerConfigDataLoader - Located environment: name=room-service, profiles=[default], label=null, version=null, state=null
2025-09-25 13:07:57 [main] INFO  o.s.c.c.c.ConfigServerConfigDataLoader - Fetching config from server at : http://localhost:8888
2025-09-25 13:07:57 [main] INFO  o.s.c.c.c.ConfigServerConfigDataLoader - Located environment: name=room-service, profiles=[local], label=null, version=null, state=null
2025-09-25 13:07:59 [main] INFO  o.s.d.r.c.RepositoryConfigurationDelegate - Bootstrapping Spring Data JPA repositories in DEFAULT mode.
2025-09-25 13:08:00 [main] INFO  o.s.d.r.c.RepositoryConfigurationDelegate - Finished Spring Data repository scanning in 435 ms. Found 1 JPA repository interface.
2025-09-25 13:08:00 [main] INFO  o.s.cloud.context.scope.GenericScope - BeanFactory id=7ca19b80-f771-3a34-b12e-f9a3ca41adb7
2025-09-25 13:08:02 [main] INFO  o.s.b.w.e.tomcat.TomcatWebServer - Tomcat initialized with port 9003 (http)
2025-09-25 13:08:02 [main] INFO  o.a.catalina.core.StandardService - Starting service [Tomcat]
2025-09-25 13:08:02 [main] INFO  o.a.catalina.core.StandardEngine - Starting Servlet engine: [Apache Tomcat/10.1.42]
2025-09-25 13:08:02 [main] INFO  o.a.c.c.C.[Tomcat].[localhost].[/] - Initializing Spring embedded WebApplicationContext
2025-09-25 13:08:02 [main] INFO  o.s.b.w.s.c.ServletWebServerApplicationContext - Root WebApplicationContext: initialization completed in 5355 ms
2025-09-25 13:08:03 [main] DEBUG o.s.w.f.ServerHttpObservationFilter - Filter 'webMvcObservationFilter' configured for use
2025-09-25 13:08:03 [main] DEBUG o.s.o.j.LocalContainerEntityManagerFactoryBean - Building JPA container EntityManagerFactory for persistence unit 'default'
2025-09-25 13:08:03 [main] INFO  o.h.jpa.internal.util.LogHelper - HHH000204: Processing PersistenceUnitInfo [name: default]
2025-09-25 13:08:03 [main] INFO  org.hibernate.Version - HHH000412: Hibernate ORM core version 6.6.18.Final
2025-09-25 13:08:03 [main] INFO  o.h.c.i.RegionFactoryInitiator - HHH000026: Second-level cache disabled
2025-09-25 13:08:04 [main] INFO  o.s.o.j.p.SpringPersistenceUnitInfo - No LoadTimeWeaver setup: ignoring JPA class transformer
2025-09-25 13:08:04 [main] INFO  com.zaxxer.hikari.HikariDataSource - HikariPool-1 - Starting...
2025-09-25 13:08:05 [main] INFO  com.zaxxer.hikari.pool.HikariPool - HikariPool-1 - Added connection org.postgresql.jdbc.PgConnection@21d48c40
2025-09-25 13:08:05 [main] INFO  com.zaxxer.hikari.HikariDataSource - HikariPool-1 - Start completed.
2025-09-25 13:08:05 [main] WARN  org.hibernate.orm.deprecation - HHH90000025: PostgreSQLDialect does not need to be specified explicitly using 'hibernate.dialect' (remove the property setting and it will be selected by default)
2025-09-25 13:08:05 [main] INFO  o.hibernate.orm.connections.pooling - HHH10001005: Database info:
	Database JDBC URL [Connecting through datasource 'HikariDataSource (HikariPool-1)']
	Database driver: undefined/unknown
	Database version: 16.2
	Autocommit mode: undefined/unknown
	Isolation level: undefined/unknown
	Minimum pool size: undefined/unknown
	Maximum pool size: undefined/unknown
2025-09-25 13:08:07 [main] INFO  o.h.e.t.j.p.i.JtaPlatformInitiator - HHH000489: No JTA platform available (set 'hibernate.transaction.jta.platform' to enable JTA platform integration)
2025-09-25 13:08:07 [main] INFO  o.hibernate.orm.connections.access - HHH10001501: Connection obtained from JdbcConnectionAccess [org.hibernate.engine.jdbc.env.internal.JdbcEnvironmentInitiator$ConnectionProviderJdbcConnectionAccess@3884e858] for (non-JTA) DDL execution was not in auto-commit mode; the Connection 'local transaction' will be committed and the Connection will be set into auto-commit mode.
2025-09-25 13:08:08 [main] INFO  o.s.o.j.LocalContainerEntityManagerFactoryBean - Initialized JPA EntityManagerFactory for persistence unit 'default'
2025-09-25 13:08:08 [main] DEBUG o.s.d.j.r.c.JpaMetamodelMappingContextFactoryBean - Initializing JpaMetamodelMappingContext…
2025-09-25 13:08:08 [main] DEBUG o.s.d.j.r.c.JpaMetamodelMappingContextFactoryBean - Finished initializing JpaMetamodelMappingContext
2025-09-25 13:08:08 [main] DEBUG o.s.d.j.repository.query.NamedQuery - Looking up named query 'Room.findByHotelIdAndStatusOrderByRoomNumber'
2025-09-25 13:08:08 [main] DEBUG o.s.d.j.repository.query.NamedQuery - Did not find named query Room.findByHotelIdAndStatusOrderByRoomNumber
2025-09-25 13:08:09 [main] DEBUG o.s.d.j.repository.query.NamedQuery - Looking up named query 'Room.findByHotelIdAndStatusOrderByPricePerNight'
2025-09-25 13:08:09 [main] DEBUG o.s.d.j.repository.query.NamedQuery - Did not find named query Room.findByHotelIdAndStatusOrderByPricePerNight
2025-09-25 13:08:09 [main] DEBUG o.s.d.j.repository.query.NamedQuery - Looking up named query 'Room.findByFloor'
2025-09-25 13:08:09 [main] DEBUG o.s.d.j.repository.query.NamedQuery - Did not find named query Room.findByFloor
2025-09-25 13:08:09 [main] DEBUG o.s.d.j.repository.query.NamedQuery - Looking up named query 'Room.findByIsAccessibleTrue'
2025-09-25 13:08:09 [main] DEBUG o.s.d.j.repository.query.NamedQuery - Did not find named query Room.findByIsAccessibleTrue
2025-09-25 13:08:09 [main] DEBUG o.s.d.j.repository.query.NamedQuery - Looking up named query 'Room.findByRoomNumberAndHotelId'
2025-09-25 13:08:09 [main] DEBUG o.s.d.j.repository.query.NamedQuery - Did not find named query Room.findByRoomNumberAndHotelId
2025-09-25 13:08:09 [main] DEBUG o.s.d.j.repository.query.NamedQuery - Looking up named query 'Room.findByHasBalconyTrue'
2025-09-25 13:08:09 [main] DEBUG o.s.d.j.repository.query.NamedQuery - Did not find named query Room.findByHasBalconyTrue
2025-09-25 13:08:09 [main] DEBUG o.s.d.j.repository.query.NamedQuery - Looking up named query 'Room.findByIsSmokingAllowedTrue'
2025-09-25 13:08:09 [main] DEBUG o.s.d.j.repository.query.NamedQuery - Did not find named query Room.findByIsSmokingAllowedTrue
2025-09-25 13:08:09 [main] DEBUG o.s.d.j.repository.query.NamedQuery - Looking up named query 'Room.findByHasSeaViewTrue'
2025-09-25 13:08:09 [main] DEBUG o.s.d.j.repository.query.NamedQuery - Did not find named query Room.findByHasSeaViewTrue
2025-09-25 13:08:09 [main] DEBUG o.s.d.j.repository.query.NamedQuery - Looking up named query 'Room.countByHotelIdAndStatus'
2025-09-25 13:08:09 [main] DEBUG o.s.d.j.repository.query.NamedQuery - Did not find named query Room.countByHotelIdAndStatus
2025-09-25 13:08:09 [main] DEBUG o.s.d.j.repository.query.NamedQuery - Did not find named query Room.findAvailableRoomsByHotelIdAndRoomType.count
2025-09-25 13:08:09 [main] INFO  o.s.d.j.r.query.QueryEnhancerFactory - Hibernate is in classpath; If applicable, HQL parser will be used.
2025-09-25 13:08:10 [main] DEBUG o.s.d.j.repository.query.NamedQuery - Did not find named query Room.findByHotelIdAndAmenitiesContaining.count
2025-09-25 13:08:10 [main] DEBUG o.s.d.j.repository.query.NamedQuery - Looking up named query 'Room.findByHotelIdAndPricePerNightBetween'
2025-09-25 13:08:10 [main] DEBUG o.s.d.j.repository.query.NamedQuery - Did not find named query Room.findByHotelIdAndPricePerNightBetween
2025-09-25 13:08:10 [main] DEBUG o.s.d.j.repository.query.NamedQuery - Did not find named query Room.findAvailableRoomsByHotelIdAndMinOccupancy.count
2025-09-25 13:08:10 [main] DEBUG o.s.d.j.repository.query.NamedQuery - Looking up named query 'Room.findByPricePerNightBetween'
2025-09-25 13:08:10 [main] DEBUG o.s.d.j.repository.query.NamedQuery - Did not find named query Room.findByPricePerNightBetween
2025-09-25 13:08:10 [main] DEBUG o.s.d.j.repository.query.NamedQuery - Looking up named query 'Room.findByRoomNumberContaining'
2025-09-25 13:08:10 [main] DEBUG o.s.d.j.repository.query.NamedQuery - Did not find named query Room.findByRoomNumberContaining
2025-09-25 13:08:10 [main] DEBUG o.s.d.j.repository.query.NamedQuery - Looking up named query 'Room.findByHotelIdAndFloor'
2025-09-25 13:08:10 [main] DEBUG o.s.d.j.repository.query.NamedQuery - Did not find named query Room.findByHotelIdAndFloor
2025-09-25 13:08:10 [main] DEBUG o.s.d.j.repository.query.NamedQuery - Looking up named query 'Room.findByRoomType'
2025-09-25 13:08:10 [main] DEBUG o.s.d.j.repository.query.NamedQuery - Did not find named query Room.findByRoomType
2025-09-25 13:08:10 [main] DEBUG o.s.d.j.repository.query.NamedQuery - Looking up named query 'Room.findByStatus'
2025-09-25 13:08:10 [main] DEBUG o.s.d.j.repository.query.NamedQuery - Did not find named query Room.findByStatus
2025-09-25 13:08:10 [main] DEBUG o.s.d.j.repository.query.NamedQuery - Looking up named query 'Room.findByMaxOccupancy'
2025-09-25 13:08:10 [main] DEBUG o.s.d.j.repository.query.NamedQuery - Did not find named query Room.findByMaxOccupancy
2025-09-25 13:08:10 [main] DEBUG o.s.d.j.repository.query.NamedQuery - Looking up named query 'Room.findByHotelId'
2025-09-25 13:08:10 [main] DEBUG o.s.d.j.repository.query.NamedQuery - Did not find named query Room.findByHotelId
2025-09-25 13:08:10 [main] DEBUG o.s.d.j.repository.query.NamedQuery - Looking up named query 'Room.countByHotelId'
2025-09-25 13:08:10 [main] DEBUG o.s.d.j.repository.query.NamedQuery - Did not find named query Room.countByHotelId
2025-09-25 13:08:10 [main] DEBUG o.s.d.j.repository.query.NamedQuery - Looking up named query 'Room.countByStatus'
2025-09-25 13:08:10 [main] DEBUG o.s.d.j.repository.query.NamedQuery - Did not find named query Room.countByStatus
2025-09-25 13:08:10 [main] DEBUG o.s.d.j.repository.query.NamedQuery - Did not find named query Room.findByAmenitiesContaining.count
2025-09-25 13:08:10 [main] DEBUG o.s.d.j.repository.query.NamedQuery - Looking up named query 'Room.findByHotelIdAndHasSeaViewTrue'
2025-09-25 13:08:10 [main] DEBUG o.s.d.j.repository.query.NamedQuery - Did not find named query Room.findByHotelIdAndHasSeaViewTrue
2025-09-25 13:08:10 [main] DEBUG o.s.d.j.repository.query.NamedQuery - Looking up named query 'Room.findByHotelIdOrderByRoomNumber'
2025-09-25 13:08:10 [main] DEBUG o.s.d.j.repository.query.NamedQuery - Did not find named query Room.findByHotelIdOrderByRoomNumber
2025-09-25 13:08:10 [main] DEBUG o.s.d.j.repository.query.NamedQuery - Looking up named query 'Room.findByHotelIdAndHasBalconyTrue'
2025-09-25 13:08:10 [main] DEBUG o.s.d.j.repository.query.NamedQuery - Did not find named query Room.findByHotelIdAndHasBalconyTrue
2025-09-25 13:08:10 [main] DEBUG o.s.d.j.repository.query.NamedQuery - Looking up named query 'Room.findByHotelIdAndMaxOccupancy'
2025-09-25 13:08:10 [main] DEBUG o.s.d.j.repository.query.NamedQuery - Did not find named query Room.findByHotelIdAndMaxOccupancy
2025-09-25 13:08:10 [main] DEBUG o.s.d.j.repository.query.NamedQuery - Looking up named query 'Room.findByHotelIdAndIsAccessibleTrue'
2025-09-25 13:08:10 [main] DEBUG o.s.d.j.repository.query.NamedQuery - Did not find named query Room.findByHotelIdAndIsAccessibleTrue
2025-09-25 13:08:10 [main] DEBUG o.s.d.j.repository.query.NamedQuery - Looking up named query 'Room.findByHotelIdOrderByPricePerNight'
2025-09-25 13:08:10 [main] DEBUG o.s.d.j.repository.query.NamedQuery - Did not find named query Room.findByHotelIdOrderByPricePerNight
2025-09-25 13:08:10 [main] DEBUG o.s.d.j.repository.query.NamedQuery - Looking up named query 'Room.existsByRoomNumberAndHotelId'
2025-09-25 13:08:10 [main] DEBUG o.s.d.j.repository.query.NamedQuery - Did not find named query Room.existsByRoomNumberAndHotelId
2025-09-25 13:08:10 [main] DEBUG o.s.d.j.repository.query.NamedQuery - Did not find named query Room.findAvailableRoomsByHotelId.count
2025-09-25 13:08:10 [main] DEBUG o.s.d.j.repository.query.NamedQuery - Did not find named query Room.countAvailableRoomsByHotelId.count
2025-09-25 13:08:10 [main] DEBUG o.s.d.j.repository.query.NamedQuery - Looking up named query 'Room.findByHotelIdAndStatus'
2025-09-25 13:08:10 [main] DEBUG o.s.d.j.repository.query.NamedQuery - Did not find named query Room.findByHotelIdAndStatus
2025-09-25 13:08:10 [main] DEBUG o.s.d.j.repository.query.NamedQuery - Looking up named query 'Room.findByHotelIdAndRoomType'
2025-09-25 13:08:10 [main] DEBUG o.s.d.j.repository.query.NamedQuery - Did not find named query Room.findByHotelIdAndRoomType
2025-09-25 13:08:11 [main] WARN  o.s.b.a.o.j.JpaBaseConfiguration$JpaWebConfiguration - spring.jpa.open-in-view is enabled by default. Therefore, database queries may be performed during view rendering. Explicitly configure spring.jpa.open-in-view to disable this warning
2025-09-25 13:08:11 [main] INFO  o.s.c.o.FeignClientFactoryBean - For 'notification-service' URL not provided. Will try picking an instance via load-balancing.
2025-09-25 13:08:12 [main] DEBUG o.s.w.s.m.m.a.RequestMappingHandlerMapping - 39 mappings in 'requestMappingHandlerMapping'
2025-09-25 13:08:12 [main] DEBUG o.s.w.s.h.SimpleUrlHandlerMapping - Patterns [/webjars/**, /**] in 'resourceHandlerMapping'
2025-09-25 13:08:12 [main] DEBUG o.s.w.s.m.m.a.RequestMappingHandlerAdapter - ControllerAdvice beans: 0 @ModelAttribute, 0 @InitBinder, 1 RequestBodyAdvice, 1 ResponseBodyAdvice
2025-09-25 13:08:12 [main] DEBUG o.s.w.s.m.m.a.ExceptionHandlerExceptionResolver - ControllerAdvice beans: 1 @ExceptionHandler, 1 ResponseBodyAdvice
2025-09-25 13:08:13 [main] INFO  o.s.c.n.e.c.DiscoveryClientOptionalArgsConfiguration - Eureka HTTP Client uses RestTemplate.
2025-09-25 13:08:13 [main] WARN  o.s.c.l.c.LoadBalancerCacheAutoConfiguration$LoadBalancerCaffeineWarnLogger - Spring Cloud LoadBalancer is currently working with the default cache. While this cache implementation is useful for development and tests, it's recommended to use Caffeine cache in production.You can switch to using Caffeine cache, by adding it and org.springframework.cache.caffeine.CaffeineCacheManager to the classpath.
2025-09-25 13:08:13 [main] INFO  o.s.b.a.e.web.EndpointLinksResolver - Exposing 17 endpoints beneath base path '/actuator'
2025-09-25 13:08:14 [main] INFO  o.s.c.n.eureka.InstanceInfoFactory - Setting initial instance status as: STARTING
2025-09-25 13:08:14 [main] INFO  c.netflix.discovery.DiscoveryClient - Initializing Eureka in region us-east-1
2025-09-25 13:08:14 [main] INFO  c.n.d.s.r.aws.ConfigClusterResolver - Resolving eureka endpoints via configuration
2025-09-25 13:08:14 [main] INFO  c.netflix.discovery.DiscoveryClient - Disable delta property : false
2025-09-25 13:08:14 [main] INFO  c.netflix.discovery.DiscoveryClient - Single vip registry refresh property : null
2025-09-25 13:08:14 [main] INFO  c.netflix.discovery.DiscoveryClient - Force full registry fetch : false
2025-09-25 13:08:14 [main] INFO  c.netflix.discovery.DiscoveryClient - Application is null : false
2025-09-25 13:08:14 [main] INFO  c.netflix.discovery.DiscoveryClient - Registered Applications size is zero : true
2025-09-25 13:08:14 [main] INFO  c.netflix.discovery.DiscoveryClient - Application version is -1: true
2025-09-25 13:08:14 [main] INFO  c.netflix.discovery.DiscoveryClient - Getting all instance registry info from the eureka server
2025-09-25 13:08:14 [main] DEBUG o.s.web.client.RestTemplate - HTTP GET http://localhost:8761/eureka/apps/
2025-09-25 13:08:14 [main] DEBUG o.s.web.client.RestTemplate - Accept=[application/json, application/*+json]
2025-09-25 13:08:15 [main] DEBUG o.s.web.client.RestTemplate - Response 200 OK
2025-09-25 13:08:15 [main] DEBUG o.s.web.client.RestTemplate - Reading to [org.springframework.cloud.netflix.eureka.http.EurekaApplications]
2025-09-25 13:08:15 [main] INFO  c.netflix.discovery.DiscoveryClient - The response status is 200
2025-09-25 13:08:15 [main] INFO  c.netflix.discovery.DiscoveryClient - Starting heartbeat executor: renew interval is: 30
2025-09-25 13:08:15 [main] INFO  c.n.discovery.InstanceInfoReplicator - InstanceInfoReplicator onDemand update allowed rate per min is 4
2025-09-25 13:08:15 [main] INFO  c.netflix.discovery.DiscoveryClient - Discovery Client initialized at timestamp 1758785895143 with initial instances count: 3
2025-09-25 13:08:15 [main] INFO  o.s.c.n.e.s.EurekaServiceRegistry - Registering application ROOM-SERVICE with eureka with status UP
2025-09-25 13:08:15 [main] INFO  c.netflix.discovery.DiscoveryClient - Saw local status change event StatusChangeEvent [timestamp=1758785895153, current=UP, previous=STARTING]
2025-09-25 13:08:15 [DiscoveryClient-InstanceInfoReplicator-%d] INFO  c.netflix.discovery.DiscoveryClient - DiscoveryClient_ROOM-SERVICE/GT0126:room-service:9003: registering service...
2025-09-25 13:08:15 [DiscoveryClient-InstanceInfoReplicator-%d] DEBUG o.s.web.client.RestTemplate - HTTP POST http://localhost:8761/eureka/apps/ROOM-SERVICE
2025-09-25 13:08:15 [DiscoveryClient-InstanceInfoReplicator-%d] DEBUG o.s.web.client.RestTemplate - Accept=[application/json, application/*+json]
2025-09-25 13:08:15 [DiscoveryClient-InstanceInfoReplicator-%d] DEBUG o.s.web.client.RestTemplate - Writing [InstanceInfo [instanceId = GT0126:room-service:9003, appName = ROOM-SERVICE, hostName = GT0126, status = UP, ipAddr = 172.16.2.155, port = 9003, securePort = 443, dataCenterInfo = com.netflix.appinfo.MyDataCenterInfo@4abfdad1] as "application/json"
2025-09-25 13:08:15 [main] INFO  o.s.b.w.e.tomcat.TomcatWebServer - Tomcat started on port 9003 (http) with context path '/'
2025-09-25 13:08:15 [main] INFO  o.s.c.n.e.s.EurekaAutoServiceRegistration - Updating port to 9003
2025-09-25 13:08:15 [main] INFO  c.h.r.RoomServiceApplication - Started RoomServiceApplication in 21.054 seconds (process running for 23.168)
2025-09-25 13:08:15 [DiscoveryClient-InstanceInfoReplicator-%d] DEBUG o.s.web.client.RestTemplate - Response 204 NO_CONTENT
2025-09-25 13:08:15 [DiscoveryClient-InstanceInfoReplicator-%d] INFO  c.netflix.discovery.DiscoveryClient - DiscoveryClient_ROOM-SERVICE/GT0126:room-service:9003 - registration status: 204
2025-09-25 13:08:45 [DiscoveryClient-HeartbeatExecutor-%d] DEBUG o.s.web.client.RestTemplate - HTTP PUT http://localhost:8761/eureka/apps/ROOM-SERVICE/GT0126:room-service:9003?status=UP&lastDirtyTimestamp=1758785895152
2025-09-25 13:08:45 [DiscoveryClient-CacheRefreshExecutor-%d] DEBUG o.s.web.client.RestTemplate - HTTP GET http://localhost:8761/eureka/apps/delta
2025-09-25 13:08:45 [DiscoveryClient-HeartbeatExecutor-%d] DEBUG o.s.web.client.RestTemplate - Accept=[application/json, application/*+json]
2025-09-25 13:08:45 [DiscoveryClient-CacheRefreshExecutor-%d] DEBUG o.s.web.client.RestTemplate - Accept=[application/json, application/*+json]
2025-09-25 13:08:45 [DiscoveryClient-HeartbeatExecutor-%d] DEBUG o.s.web.client.RestTemplate - Response 200 OK
2025-09-25 13:08:45 [DiscoveryClient-CacheRefreshExecutor-%d] DEBUG o.s.web.client.RestTemplate - Response 200 OK
2025-09-25 13:08:45 [DiscoveryClient-CacheRefreshExecutor-%d] DEBUG o.s.web.client.RestTemplate - Reading to [org.springframework.cloud.netflix.eureka.http.EurekaApplications]
2025-09-25 13:09:15 [DiscoveryClient-HeartbeatExecutor-%d] DEBUG o.s.web.client.RestTemplate - HTTP PUT http://localhost:8761/eureka/apps/ROOM-SERVICE/GT0126:room-service:9003?status=UP&lastDirtyTimestamp=1758785895152
2025-09-25 13:09:15 [DiscoveryClient-HeartbeatExecutor-%d] DEBUG o.s.web.client.RestTemplate - Accept=[application/json, application/*+json]
2025-09-25 13:09:15 [DiscoveryClient-HeartbeatExecutor-%d] DEBUG o.s.web.client.RestTemplate - Response 200 OK
2025-09-25 13:09:15 [DiscoveryClient-CacheRefreshExecutor-%d] DEBUG o.s.web.client.RestTemplate - HTTP GET http://localhost:8761/eureka/apps/delta
2025-09-25 13:09:15 [DiscoveryClient-CacheRefreshExecutor-%d] DEBUG o.s.web.client.RestTemplate - Accept=[application/json, application/*+json]
2025-09-25 13:09:15 [DiscoveryClient-CacheRefreshExecutor-%d] DEBUG o.s.web.client.RestTemplate - Response 200 OK
2025-09-25 13:09:15 [DiscoveryClient-CacheRefreshExecutor-%d] DEBUG o.s.web.client.RestTemplate - Reading to [org.springframework.cloud.netflix.eureka.http.EurekaApplications]
2025-09-25 13:09:45 [DiscoveryClient-HeartbeatExecutor-%d] DEBUG o.s.web.client.RestTemplate - HTTP PUT http://localhost:8761/eureka/apps/ROOM-SERVICE/GT0126:room-service:9003?status=UP&lastDirtyTimestamp=1758785895152
2025-09-25 13:09:45 [DiscoveryClient-HeartbeatExecutor-%d] DEBUG o.s.web.client.RestTemplate - Accept=[application/json, application/*+json]
2025-09-25 13:09:45 [DiscoveryClient-CacheRefreshExecutor-%d] DEBUG o.s.web.client.RestTemplate - HTTP GET http://localhost:8761/eureka/apps/delta
2025-09-25 13:09:45 [DiscoveryClient-CacheRefreshExecutor-%d] DEBUG o.s.web.client.RestTemplate - Accept=[application/json, application/*+json]
2025-09-25 13:09:45 [DiscoveryClient-HeartbeatExecutor-%d] DEBUG o.s.web.client.RestTemplate - Response 200 OK
2025-09-25 13:09:45 [DiscoveryClient-CacheRefreshExecutor-%d] DEBUG o.s.web.client.RestTemplate - Response 200 OK
2025-09-25 13:09:45 [DiscoveryClient-CacheRefreshExecutor-%d] DEBUG o.s.web.client.RestTemplate - Reading to [org.springframework.cloud.netflix.eureka.http.EurekaApplications]
2025-09-25 13:10:15 [DiscoveryClient-HeartbeatExecutor-%d] DEBUG o.s.web.client.RestTemplate - HTTP PUT http://localhost:8761/eureka/apps/ROOM-SERVICE/GT0126:room-service:9003?status=UP&lastDirtyTimestamp=1758785895152
2025-09-25 13:10:15 [DiscoveryClient-HeartbeatExecutor-%d] DEBUG o.s.web.client.RestTemplate - Accept=[application/json, application/*+json]
2025-09-25 13:10:15 [DiscoveryClient-CacheRefreshExecutor-%d] DEBUG o.s.web.client.RestTemplate - HTTP GET http://localhost:8761/eureka/apps/delta
2025-09-25 13:10:15 [DiscoveryClient-CacheRefreshExecutor-%d] DEBUG o.s.web.client.RestTemplate - Accept=[application/json, application/*+json]
2025-09-25 13:10:15 [DiscoveryClient-HeartbeatExecutor-%d] DEBUG o.s.web.client.RestTemplate - Response 200 OK
2025-09-25 13:10:15 [DiscoveryClient-CacheRefreshExecutor-%d] DEBUG o.s.web.client.RestTemplate - Response 200 OK
2025-09-25 13:10:15 [DiscoveryClient-CacheRefreshExecutor-%d] DEBUG o.s.web.client.RestTemplate - Reading to [org.springframework.cloud.netflix.eureka.http.EurekaApplications]
2025-09-25 13:10:45 [DiscoveryClient-HeartbeatExecutor-%d] DEBUG o.s.web.client.RestTemplate - HTTP PUT http://localhost:8761/eureka/apps/ROOM-SERVICE/GT0126:room-service:9003?status=UP&lastDirtyTimestamp=1758785895152
2025-09-25 13:10:45 [DiscoveryClient-HeartbeatExecutor-%d] DEBUG o.s.web.client.RestTemplate - Accept=[application/json, application/*+json]
2025-09-25 13:10:45 [DiscoveryClient-HeartbeatExecutor-%d] DEBUG o.s.web.client.RestTemplate - Response 200 OK
2025-09-25 13:10:45 [DiscoveryClient-CacheRefreshExecutor-%d] DEBUG o.s.web.client.RestTemplate - HTTP GET http://localhost:8761/eureka/apps/delta
2025-09-25 13:10:45 [DiscoveryClient-CacheRefreshExecutor-%d] DEBUG o.s.web.client.RestTemplate - Accept=[application/json, application/*+json]
2025-09-25 13:10:45 [DiscoveryClient-CacheRefreshExecutor-%d] DEBUG o.s.web.client.RestTemplate - Response 200 OK
2025-09-25 13:10:45 [DiscoveryClient-CacheRefreshExecutor-%d] DEBUG o.s.web.client.RestTemplate - Reading to [org.springframework.cloud.netflix.eureka.http.EurekaApplications]
2025-09-25 13:11:15 [DiscoveryClient-HeartbeatExecutor-%d] DEBUG o.s.web.client.RestTemplate - HTTP PUT http://localhost:8761/eureka/apps/ROOM-SERVICE/GT0126:room-service:9003?status=UP&lastDirtyTimestamp=1758785895152
2025-09-25 13:11:15 [DiscoveryClient-HeartbeatExecutor-%d] DEBUG o.s.web.client.RestTemplate - Accept=[application/json, application/*+json]
2025-09-25 13:11:15 [DiscoveryClient-CacheRefreshExecutor-%d] DEBUG o.s.web.client.RestTemplate - HTTP GET http://localhost:8761/eureka/apps/delta
2025-09-25 13:11:15 [DiscoveryClient-CacheRefreshExecutor-%d] DEBUG o.s.web.client.RestTemplate - Accept=[application/json, application/*+json]
2025-09-25 13:11:15 [DiscoveryClient-HeartbeatExecutor-%d] DEBUG o.s.web.client.RestTemplate - Response 200 OK
2025-09-25 13:11:15 [DiscoveryClient-CacheRefreshExecutor-%d] DEBUG o.s.web.client.RestTemplate - Response 200 OK
2025-09-25 13:11:15 [DiscoveryClient-CacheRefreshExecutor-%d] DEBUG o.s.web.client.RestTemplate - Reading to [org.springframework.cloud.netflix.eureka.http.EurekaApplications]
2025-09-25 13:11:45 [DiscoveryClient-HeartbeatExecutor-%d] DEBUG o.s.web.client.RestTemplate - HTTP PUT http://localhost:8761/eureka/apps/ROOM-SERVICE/GT0126:room-service:9003?status=UP&lastDirtyTimestamp=1758785895152
2025-09-25 13:11:45 [DiscoveryClient-HeartbeatExecutor-%d] DEBUG o.s.web.client.RestTemplate - Accept=[application/json, application/*+json]
2025-09-25 13:11:45 [DiscoveryClient-CacheRefreshExecutor-%d] DEBUG o.s.web.client.RestTemplate - HTTP GET http://localhost:8761/eureka/apps/delta
2025-09-25 13:11:45 [DiscoveryClient-CacheRefreshExecutor-%d] DEBUG o.s.web.client.RestTemplate - Accept=[application/json, application/*+json]
2025-09-25 13:11:45 [DiscoveryClient-HeartbeatExecutor-%d] DEBUG o.s.web.client.RestTemplate - Response 200 OK
2025-09-25 13:11:45 [DiscoveryClient-CacheRefreshExecutor-%d] DEBUG o.s.web.client.RestTemplate - Response 200 OK
2025-09-25 13:11:45 [DiscoveryClient-CacheRefreshExecutor-%d] DEBUG o.s.web.client.RestTemplate - Reading to [org.springframework.cloud.netflix.eureka.http.EurekaApplications]
2025-09-25 13:12:15 [DiscoveryClient-HeartbeatExecutor-%d] DEBUG o.s.web.client.RestTemplate - HTTP PUT http://localhost:8761/eureka/apps/ROOM-SERVICE/GT0126:room-service:9003?status=UP&lastDirtyTimestamp=1758785895152
2025-09-25 13:12:15 [DiscoveryClient-HeartbeatExecutor-%d] DEBUG o.s.web.client.RestTemplate - Accept=[application/json, application/*+json]
2025-09-25 13:12:15 [DiscoveryClient-CacheRefreshExecutor-%d] DEBUG o.s.web.client.RestTemplate - HTTP GET http://localhost:8761/eureka/apps/delta
2025-09-25 13:12:15 [DiscoveryClient-CacheRefreshExecutor-%d] DEBUG o.s.web.client.RestTemplate - Accept=[application/json, application/*+json]
2025-09-25 13:12:15 [DiscoveryClient-HeartbeatExecutor-%d] DEBUG o.s.web.client.RestTemplate - Response 200 OK
2025-09-25 13:12:15 [DiscoveryClient-CacheRefreshExecutor-%d] DEBUG o.s.web.client.RestTemplate - Response 200 OK
2025-09-25 13:12:15 [DiscoveryClient-CacheRefreshExecutor-%d] DEBUG o.s.web.client.RestTemplate - Reading to [org.springframework.cloud.netflix.eureka.http.EurekaApplications]
2025-09-25 13:12:45 [DiscoveryClient-HeartbeatExecutor-%d] DEBUG o.s.web.client.RestTemplate - HTTP PUT http://localhost:8761/eureka/apps/ROOM-SERVICE/GT0126:room-service:9003?status=UP&lastDirtyTimestamp=1758785895152
2025-09-25 13:12:45 [DiscoveryClient-HeartbeatExecutor-%d] DEBUG o.s.web.client.RestTemplate - Accept=[application/json, application/*+json]
2025-09-25 13:12:45 [DiscoveryClient-CacheRefreshExecutor-%d] DEBUG o.s.web.client.RestTemplate - HTTP GET http://localhost:8761/eureka/apps/delta
2025-09-25 13:12:45 [DiscoveryClient-CacheRefreshExecutor-%d] DEBUG o.s.web.client.RestTemplate - Accept=[application/json, application/*+json]
2025-09-25 13:12:45 [DiscoveryClient-HeartbeatExecutor-%d] DEBUG o.s.web.client.RestTemplate - Response 200 OK
2025-09-25 13:12:45 [DiscoveryClient-CacheRefreshExecutor-%d] DEBUG o.s.web.client.RestTemplate - Response 200 OK
2025-09-25 13:12:45 [DiscoveryClient-CacheRefreshExecutor-%d] DEBUG o.s.web.client.RestTemplate - Reading to [org.springframework.cloud.netflix.eureka.http.EurekaApplications]
2025-09-25 13:13:14 [AsyncResolver-bootstrap-executor-%d] INFO  c.n.d.s.r.aws.ConfigClusterResolver - Resolving eureka endpoints via configuration
2025-09-25 13:13:15 [DiscoveryClient-HeartbeatExecutor-%d] DEBUG o.s.web.client.RestTemplate - HTTP PUT http://localhost:8761/eureka/apps/ROOM-SERVICE/GT0126:room-service:9003?status=UP&lastDirtyTimestamp=1758785895152
2025-09-25 13:13:15 [DiscoveryClient-HeartbeatExecutor-%d] DEBUG o.s.web.client.RestTemplate - Accept=[application/json, application/*+json]
2025-09-25 13:13:15 [DiscoveryClient-CacheRefreshExecutor-%d] DEBUG o.s.web.client.RestTemplate - HTTP GET http://localhost:8761/eureka/apps/delta
2025-09-25 13:13:15 [DiscoveryClient-CacheRefreshExecutor-%d] DEBUG o.s.web.client.RestTemplate - Accept=[application/json, application/*+json]
2025-09-25 13:13:15 [DiscoveryClient-HeartbeatExecutor-%d] DEBUG o.s.web.client.RestTemplate - Response 200 OK
2025-09-25 13:13:15 [DiscoveryClient-CacheRefreshExecutor-%d] DEBUG o.s.web.client.RestTemplate - Response 200 OK
2025-09-25 13:13:15 [DiscoveryClient-CacheRefreshExecutor-%d] DEBUG o.s.web.client.RestTemplate - Reading to [org.springframework.cloud.netflix.eureka.http.EurekaApplications]
2025-09-25 13:13:45 [DiscoveryClient-HeartbeatExecutor-%d] DEBUG o.s.web.client.RestTemplate - HTTP PUT http://localhost:8761/eureka/apps/ROOM-SERVICE/GT0126:room-service:9003?status=UP&lastDirtyTimestamp=1758785895152
2025-09-25 13:13:45 [DiscoveryClient-HeartbeatExecutor-%d] DEBUG o.s.web.client.RestTemplate - Accept=[application/json, application/*+json]
2025-09-25 13:13:45 [DiscoveryClient-CacheRefreshExecutor-%d] DEBUG o.s.web.client.RestTemplate - HTTP GET http://localhost:8761/eureka/apps/delta
2025-09-25 13:13:45 [DiscoveryClient-CacheRefreshExecutor-%d] DEBUG o.s.web.client.RestTemplate - Accept=[application/json, application/*+json]
2025-09-25 13:13:45 [DiscoveryClient-HeartbeatExecutor-%d] DEBUG o.s.web.client.RestTemplate - Response 200 OK
2025-09-25 13:13:45 [DiscoveryClient-CacheRefreshExecutor-%d] DEBUG o.s.web.client.RestTemplate - Response 200 OK
2025-09-25 13:13:45 [DiscoveryClient-CacheRefreshExecutor-%d] DEBUG o.s.web.client.RestTemplate - Reading to [org.springframework.cloud.netflix.eureka.http.EurekaApplications]
2025-09-25 13:14:15 [DiscoveryClient-CacheRefreshExecutor-%d] DEBUG o.s.web.client.RestTemplate - HTTP GET http://localhost:8761/eureka/apps/delta
2025-09-25 13:14:15 [DiscoveryClient-HeartbeatExecutor-%d] DEBUG o.s.web.client.RestTemplate - HTTP PUT http://localhost:8761/eureka/apps/ROOM-SERVICE/GT0126:room-service:9003?status=UP&lastDirtyTimestamp=1758785895152
2025-09-25 13:14:15 [DiscoveryClient-CacheRefreshExecutor-%d] DEBUG o.s.web.client.RestTemplate - Accept=[application/json, application/*+json]
2025-09-25 13:14:15 [DiscoveryClient-HeartbeatExecutor-%d] DEBUG o.s.web.client.RestTemplate - Accept=[application/json, application/*+json]
2025-09-25 13:14:15 [DiscoveryClient-HeartbeatExecutor-%d] DEBUG o.s.web.client.RestTemplate - Response 200 OK
2025-09-25 13:14:15 [DiscoveryClient-CacheRefreshExecutor-%d] DEBUG o.s.web.client.RestTemplate - Response 200 OK
2025-09-25 13:14:15 [DiscoveryClient-CacheRefreshExecutor-%d] DEBUG o.s.web.client.RestTemplate - Reading to [org.springframework.cloud.netflix.eureka.http.EurekaApplications]
2025-09-25 13:14:45 [DiscoveryClient-HeartbeatExecutor-%d] DEBUG o.s.web.client.RestTemplate - HTTP PUT http://localhost:8761/eureka/apps/ROOM-SERVICE/GT0126:room-service:9003?status=UP&lastDirtyTimestamp=1758785895152
2025-09-25 13:14:45 [DiscoveryClient-HeartbeatExecutor-%d] DEBUG o.s.web.client.RestTemplate - Accept=[application/json, application/*+json]
2025-09-25 13:14:45 [DiscoveryClient-HeartbeatExecutor-%d] DEBUG o.s.web.client.RestTemplate - Response 200 OK
2025-09-25 13:14:45 [DiscoveryClient-CacheRefreshExecutor-%d] DEBUG o.s.web.client.RestTemplate - HTTP GET http://localhost:8761/eureka/apps/delta
2025-09-25 13:14:45 [DiscoveryClient-CacheRefreshExecutor-%d] DEBUG o.s.web.client.RestTemplate - Accept=[application/json, application/*+json]
2025-09-25 13:14:45 [DiscoveryClient-CacheRefreshExecutor-%d] DEBUG o.s.web.client.RestTemplate - Response 200 OK
2025-09-25 13:14:45 [DiscoveryClient-CacheRefreshExecutor-%d] DEBUG o.s.web.client.RestTemplate - Reading to [org.springframework.cloud.netflix.eureka.http.EurekaApplications]
2025-09-25 13:15:15 [DiscoveryClient-HeartbeatExecutor-%d] DEBUG o.s.web.client.RestTemplate - HTTP PUT http://localhost:8761/eureka/apps/ROOM-SERVICE/GT0126:room-service:9003?status=UP&lastDirtyTimestamp=1758785895152
2025-09-25 13:15:15 [DiscoveryClient-HeartbeatExecutor-%d] DEBUG o.s.web.client.RestTemplate - Accept=[application/json, application/*+json]
2025-09-25 13:15:15 [DiscoveryClient-HeartbeatExecutor-%d] DEBUG o.s.web.client.RestTemplate - Response 200 OK
2025-09-25 13:15:15 [DiscoveryClient-CacheRefreshExecutor-%d] DEBUG o.s.web.client.RestTemplate - HTTP GET http://localhost:8761/eureka/apps/delta
2025-09-25 13:15:15 [DiscoveryClient-CacheRefreshExecutor-%d] DEBUG o.s.web.client.RestTemplate - Accept=[application/json, application/*+json]
2025-09-25 13:15:15 [DiscoveryClient-CacheRefreshExecutor-%d] DEBUG o.s.web.client.RestTemplate - Response 200 OK
2025-09-25 13:15:15 [DiscoveryClient-CacheRefreshExecutor-%d] DEBUG o.s.web.client.RestTemplate - Reading to [org.springframework.cloud.netflix.eureka.http.EurekaApplications]
2025-09-25 13:15:45 [DiscoveryClient-HeartbeatExecutor-%d] DEBUG o.s.web.client.RestTemplate - HTTP PUT http://localhost:8761/eureka/apps/ROOM-SERVICE/GT0126:room-service:9003?status=UP&lastDirtyTimestamp=1758785895152
2025-09-25 13:15:45 [DiscoveryClient-HeartbeatExecutor-%d] DEBUG o.s.web.client.RestTemplate - Accept=[application/json, application/*+json]
2025-09-25 13:15:45 [DiscoveryClient-HeartbeatExecutor-%d] DEBUG o.s.web.client.RestTemplate - Response 200 OK
2025-09-25 13:15:45 [DiscoveryClient-CacheRefreshExecutor-%d] DEBUG o.s.web.client.RestTemplate - HTTP GET http://localhost:8761/eureka/apps/delta
2025-09-25 13:15:45 [DiscoveryClient-CacheRefreshExecutor-%d] DEBUG o.s.web.client.RestTemplate - Accept=[application/json, application/*+json]
2025-09-25 13:15:45 [DiscoveryClient-CacheRefreshExecutor-%d] DEBUG o.s.web.client.RestTemplate - Response 200 OK
2025-09-25 13:15:45 [DiscoveryClient-CacheRefreshExecutor-%d] DEBUG o.s.web.client.RestTemplate - Reading to [org.springframework.cloud.netflix.eureka.http.EurekaApplications]
2025-09-25 13:16:15 [DiscoveryClient-HeartbeatExecutor-%d] DEBUG o.s.web.client.RestTemplate - HTTP PUT http://localhost:8761/eureka/apps/ROOM-SERVICE/GT0126:room-service:9003?status=UP&lastDirtyTimestamp=1758785895152
2025-09-25 13:16:15 [DiscoveryClient-HeartbeatExecutor-%d] DEBUG o.s.web.client.RestTemplate - Accept=[application/json, application/*+json]
2025-09-25 13:16:15 [DiscoveryClient-HeartbeatExecutor-%d] DEBUG o.s.web.client.RestTemplate - Response 200 OK
2025-09-25 13:16:15 [DiscoveryClient-CacheRefreshExecutor-%d] DEBUG o.s.web.client.RestTemplate - HTTP GET http://localhost:8761/eureka/apps/delta
2025-09-25 13:16:15 [DiscoveryClient-CacheRefreshExecutor-%d] DEBUG o.s.web.client.RestTemplate - Accept=[application/json, application/*+json]
2025-09-25 13:16:15 [DiscoveryClient-CacheRefreshExecutor-%d] DEBUG o.s.web.client.RestTemplate - Response 200 OK
2025-09-25 13:16:15 [DiscoveryClient-CacheRefreshExecutor-%d] DEBUG o.s.web.client.RestTemplate - Reading to [org.springframework.cloud.netflix.eureka.http.EurekaApplications]
2025-09-25 13:16:45 [DiscoveryClient-HeartbeatExecutor-%d] DEBUG o.s.web.client.RestTemplate - HTTP PUT http://localhost:8761/eureka/apps/ROOM-SERVICE/GT0126:room-service:9003?status=UP&lastDirtyTimestamp=1758785895152
2025-09-25 13:16:45 [DiscoveryClient-HeartbeatExecutor-%d] DEBUG o.s.web.client.RestTemplate - Accept=[application/json, application/*+json]
2025-09-25 13:16:45 [DiscoveryClient-HeartbeatExecutor-%d] DEBUG o.s.web.client.RestTemplate - Response 200 OK
2025-09-25 13:16:45 [DiscoveryClient-CacheRefreshExecutor-%d] DEBUG o.s.web.client.RestTemplate - HTTP GET http://localhost:8761/eureka/apps/delta
2025-09-25 13:16:45 [DiscoveryClient-CacheRefreshExecutor-%d] DEBUG o.s.web.client.RestTemplate - Accept=[application/json, application/*+json]
2025-09-25 13:16:45 [DiscoveryClient-CacheRefreshExecutor-%d] DEBUG o.s.web.client.RestTemplate - Response 200 OK
2025-09-25 13:16:45 [DiscoveryClient-CacheRefreshExecutor-%d] DEBUG o.s.web.client.RestTemplate - Reading to [org.springframework.cloud.netflix.eureka.http.EurekaApplications]
2025-09-25 13:17:15 [DiscoveryClient-HeartbeatExecutor-%d] DEBUG o.s.web.client.RestTemplate - HTTP PUT http://localhost:8761/eureka/apps/ROOM-SERVICE/GT0126:room-service:9003?status=UP&lastDirtyTimestamp=1758785895152
2025-09-25 13:17:15 [DiscoveryClient-HeartbeatExecutor-%d] DEBUG o.s.web.client.RestTemplate - Accept=[application/json, application/*+json]
2025-09-25 13:17:15 [DiscoveryClient-HeartbeatExecutor-%d] DEBUG o.s.web.client.RestTemplate - Response 200 OK
2025-09-25 13:17:15 [DiscoveryClient-CacheRefreshExecutor-%d] DEBUG o.s.web.client.RestTemplate - HTTP GET http://localhost:8761/eureka/apps/delta
2025-09-25 13:17:15 [DiscoveryClient-CacheRefreshExecutor-%d] DEBUG o.s.web.client.RestTemplate - Accept=[application/json, application/*+json]
2025-09-25 13:17:15 [DiscoveryClient-CacheRefreshExecutor-%d] DEBUG o.s.web.client.RestTemplate - Response 200 OK
2025-09-25 13:17:15 [DiscoveryClient-CacheRefreshExecutor-%d] DEBUG o.s.web.client.RestTemplate - Reading to [org.springframework.cloud.netflix.eureka.http.EurekaApplications]
2025-09-25 13:17:45 [DiscoveryClient-HeartbeatExecutor-%d] DEBUG o.s.web.client.RestTemplate - HTTP PUT http://localhost:8761/eureka/apps/ROOM-SERVICE/GT0126:room-service:9003?status=UP&lastDirtyTimestamp=1758785895152
2025-09-25 13:17:45 [DiscoveryClient-HeartbeatExecutor-%d] DEBUG o.s.web.client.RestTemplate - Accept=[application/json, application/*+json]
2025-09-25 13:17:45 [DiscoveryClient-HeartbeatExecutor-%d] DEBUG o.s.web.client.RestTemplate - Response 200 OK
2025-09-25 13:17:45 [DiscoveryClient-CacheRefreshExecutor-%d] DEBUG o.s.web.client.RestTemplate - HTTP GET http://localhost:8761/eureka/apps/delta
2025-09-25 13:17:45 [DiscoveryClient-CacheRefreshExecutor-%d] DEBUG o.s.web.client.RestTemplate - Accept=[application/json, application/*+json]
2025-09-25 13:17:45 [DiscoveryClient-CacheRefreshExecutor-%d] DEBUG o.s.web.client.RestTemplate - Response 200 OK
2025-09-25 13:17:45 [DiscoveryClient-CacheRefreshExecutor-%d] DEBUG o.s.web.client.RestTemplate - Reading to [org.springframework.cloud.netflix.eureka.http.EurekaApplications]
2025-09-25 13:18:14 [AsyncResolver-bootstrap-executor-%d] INFO  c.n.d.s.r.aws.ConfigClusterResolver - Resolving eureka endpoints via configuration
2025-09-25 13:18:15 [DiscoveryClient-HeartbeatExecutor-%d] DEBUG o.s.web.client.RestTemplate - HTTP PUT http://localhost:8761/eureka/apps/ROOM-SERVICE/GT0126:room-service:9003?status=UP&lastDirtyTimestamp=1758785895152
2025-09-25 13:18:15 [DiscoveryClient-HeartbeatExecutor-%d] DEBUG o.s.web.client.RestTemplate - Accept=[application/json, application/*+json]
2025-09-25 13:18:15 [DiscoveryClient-HeartbeatExecutor-%d] DEBUG o.s.web.client.RestTemplate - Response 200 OK
2025-09-25 13:18:15 [DiscoveryClient-CacheRefreshExecutor-%d] DEBUG o.s.web.client.RestTemplate - HTTP GET http://localhost:8761/eureka/apps/delta
2025-09-25 13:18:15 [DiscoveryClient-CacheRefreshExecutor-%d] DEBUG o.s.web.client.RestTemplate - Accept=[application/json, application/*+json]
2025-09-25 13:18:15 [DiscoveryClient-CacheRefreshExecutor-%d] DEBUG o.s.web.client.RestTemplate - Response 200 OK
2025-09-25 13:18:15 [DiscoveryClient-CacheRefreshExecutor-%d] DEBUG o.s.web.client.RestTemplate - Reading to [org.springframework.cloud.netflix.eureka.http.EurekaApplications]
2025-09-25 13:18:45 [DiscoveryClient-HeartbeatExecutor-%d] DEBUG o.s.web.client.RestTemplate - HTTP PUT http://localhost:8761/eureka/apps/ROOM-SERVICE/GT0126:room-service:9003?status=UP&lastDirtyTimestamp=1758785895152
2025-09-25 13:18:45 [DiscoveryClient-HeartbeatExecutor-%d] DEBUG o.s.web.client.RestTemplate - Accept=[application/json, application/*+json]
2025-09-25 13:18:45 [DiscoveryClient-HeartbeatExecutor-%d] DEBUG o.s.web.client.RestTemplate - Response 200 OK
2025-09-25 13:18:45 [DiscoveryClient-CacheRefreshExecutor-%d] DEBUG o.s.web.client.RestTemplate - HTTP GET http://localhost:8761/eureka/apps/delta
2025-09-25 13:18:45 [DiscoveryClient-CacheRefreshExecutor-%d] DEBUG o.s.web.client.RestTemplate - Accept=[application/json, application/*+json]
2025-09-25 13:18:45 [DiscoveryClient-CacheRefreshExecutor-%d] DEBUG o.s.web.client.RestTemplate - Response 200 OK
2025-09-25 13:18:45 [DiscoveryClient-CacheRefreshExecutor-%d] DEBUG o.s.web.client.RestTemplate - Reading to [org.springframework.cloud.netflix.eureka.http.EurekaApplications]
2025-09-25 13:19:15 [DiscoveryClient-HeartbeatExecutor-%d] DEBUG o.s.web.client.RestTemplate - HTTP PUT http://localhost:8761/eureka/apps/ROOM-SERVICE/GT0126:room-service:9003?status=UP&lastDirtyTimestamp=1758785895152
2025-09-25 13:19:15 [DiscoveryClient-HeartbeatExecutor-%d] DEBUG o.s.web.client.RestTemplate - Accept=[application/json, application/*+json]
2025-09-25 13:19:15 [DiscoveryClient-HeartbeatExecutor-%d] DEBUG o.s.web.client.RestTemplate - Response 200 OK
2025-09-25 13:19:16 [DiscoveryClient-CacheRefreshExecutor-%d] DEBUG o.s.web.client.RestTemplate - HTTP GET http://localhost:8761/eureka/apps/delta
2025-09-25 13:19:16 [DiscoveryClient-CacheRefreshExecutor-%d] DEBUG o.s.web.client.RestTemplate - Accept=[application/json, application/*+json]
2025-09-25 13:19:16 [DiscoveryClient-CacheRefreshExecutor-%d] DEBUG o.s.web.client.RestTemplate - Response 200 OK
2025-09-25 13:19:16 [DiscoveryClient-CacheRefreshExecutor-%d] DEBUG o.s.web.client.RestTemplate - Reading to [org.springframework.cloud.netflix.eureka.http.EurekaApplications]
2025-09-25 13:19:45 [DiscoveryClient-HeartbeatExecutor-%d] DEBUG o.s.web.client.RestTemplate - HTTP PUT http://localhost:8761/eureka/apps/ROOM-SERVICE/GT0126:room-service:9003?status=UP&lastDirtyTimestamp=1758785895152
2025-09-25 13:19:45 [DiscoveryClient-HeartbeatExecutor-%d] DEBUG o.s.web.client.RestTemplate - Accept=[application/json, application/*+json]
2025-09-25 13:19:46 [DiscoveryClient-HeartbeatExecutor-%d] DEBUG o.s.web.client.RestTemplate - Response 200 OK
2025-09-25 13:19:46 [DiscoveryClient-CacheRefreshExecutor-%d] DEBUG o.s.web.client.RestTemplate - HTTP GET http://localhost:8761/eureka/apps/delta
2025-09-25 13:19:46 [DiscoveryClient-CacheRefreshExecutor-%d] DEBUG o.s.web.client.RestTemplate - Accept=[application/json, application/*+json]
2025-09-25 13:19:46 [DiscoveryClient-CacheRefreshExecutor-%d] DEBUG o.s.web.client.RestTemplate - Response 200 OK
2025-09-25 13:19:46 [DiscoveryClient-CacheRefreshExecutor-%d] DEBUG o.s.web.client.RestTemplate - Reading to [org.springframework.cloud.netflix.eureka.http.EurekaApplications]
2025-09-25 13:20:16 [DiscoveryClient-HeartbeatExecutor-%d] DEBUG o.s.web.client.RestTemplate - HTTP PUT http://localhost:8761/eureka/apps/ROOM-SERVICE/GT0126:room-service:9003?status=UP&lastDirtyTimestamp=1758785895152
2025-09-25 13:20:16 [DiscoveryClient-HeartbeatExecutor-%d] DEBUG o.s.web.client.RestTemplate - Accept=[application/json, application/*+json]
2025-09-25 13:20:16 [DiscoveryClient-HeartbeatExecutor-%d] DEBUG o.s.web.client.RestTemplate - Response 200 OK
2025-09-25 13:20:16 [DiscoveryClient-CacheRefreshExecutor-%d] DEBUG o.s.web.client.RestTemplate - HTTP GET http://localhost:8761/eureka/apps/delta
2025-09-25 13:20:16 [DiscoveryClient-CacheRefreshExecutor-%d] DEBUG o.s.web.client.RestTemplate - Accept=[application/json, application/*+json]
2025-09-25 13:20:16 [DiscoveryClient-CacheRefreshExecutor-%d] DEBUG o.s.web.client.RestTemplate - Response 200 OK
2025-09-25 13:20:16 [DiscoveryClient-CacheRefreshExecutor-%d] DEBUG o.s.web.client.RestTemplate - Reading to [org.springframework.cloud.netflix.eureka.http.EurekaApplications]
2025-09-25 13:20:46 [DiscoveryClient-HeartbeatExecutor-%d] DEBUG o.s.web.client.RestTemplate - HTTP PUT http://localhost:8761/eureka/apps/ROOM-SERVICE/GT0126:room-service:9003?status=UP&lastDirtyTimestamp=1758785895152
2025-09-25 13:20:46 [DiscoveryClient-HeartbeatExecutor-%d] DEBUG o.s.web.client.RestTemplate - Accept=[application/json, application/*+json]
2025-09-25 13:20:46 [DiscoveryClient-HeartbeatExecutor-%d] DEBUG o.s.web.client.RestTemplate - Response 200 OK
2025-09-25 13:20:46 [DiscoveryClient-CacheRefreshExecutor-%d] DEBUG o.s.web.client.RestTemplate - HTTP GET http://localhost:8761/eureka/apps/delta
2025-09-25 13:20:46 [DiscoveryClient-CacheRefreshExecutor-%d] DEBUG o.s.web.client.RestTemplate - Accept=[application/json, application/*+json]
2025-09-25 13:20:46 [DiscoveryClient-CacheRefreshExecutor-%d] DEBUG o.s.web.client.RestTemplate - Response 200 OK
2025-09-25 13:20:46 [DiscoveryClient-CacheRefreshExecutor-%d] DEBUG o.s.web.client.RestTemplate - Reading to [org.springframework.cloud.netflix.eureka.http.EurekaApplications]
2025-09-25 13:21:16 [DiscoveryClient-HeartbeatExecutor-%d] DEBUG o.s.web.client.RestTemplate - HTTP PUT http://localhost:8761/eureka/apps/ROOM-SERVICE/GT0126:room-service:9003?status=UP&lastDirtyTimestamp=1758785895152
2025-09-25 13:21:16 [DiscoveryClient-HeartbeatExecutor-%d] DEBUG o.s.web.client.RestTemplate - Accept=[application/json, application/*+json]
2025-09-25 13:21:16 [DiscoveryClient-HeartbeatExecutor-%d] DEBUG o.s.web.client.RestTemplate - Response 200 OK
2025-09-25 13:21:16 [DiscoveryClient-CacheRefreshExecutor-%d] DEBUG o.s.web.client.RestTemplate - HTTP GET http://localhost:8761/eureka/apps/delta
2025-09-25 13:21:16 [DiscoveryClient-CacheRefreshExecutor-%d] DEBUG o.s.web.client.RestTemplate - Accept=[application/json, application/*+json]
2025-09-25 13:21:16 [DiscoveryClient-CacheRefreshExecutor-%d] DEBUG o.s.web.client.RestTemplate - Response 200 OK
2025-09-25 13:21:16 [DiscoveryClient-CacheRefreshExecutor-%d] DEBUG o.s.web.client.RestTemplate - Reading to [org.springframework.cloud.netflix.eureka.http.EurekaApplications]
2025-09-25 13:21:46 [DiscoveryClient-HeartbeatExecutor-%d] DEBUG o.s.web.client.RestTemplate - HTTP PUT http://localhost:8761/eureka/apps/ROOM-SERVICE/GT0126:room-service:9003?status=UP&lastDirtyTimestamp=1758785895152
2025-09-25 13:21:46 [DiscoveryClient-HeartbeatExecutor-%d] DEBUG o.s.web.client.RestTemplate - Accept=[application/json, application/*+json]
2025-09-25 13:21:46 [DiscoveryClient-HeartbeatExecutor-%d] DEBUG o.s.web.client.RestTemplate - Response 200 OK
2025-09-25 13:21:46 [DiscoveryClient-CacheRefreshExecutor-%d] DEBUG o.s.web.client.RestTemplate - HTTP GET http://localhost:8761/eureka/apps/delta
2025-09-25 13:21:46 [DiscoveryClient-CacheRefreshExecutor-%d] DEBUG o.s.web.client.RestTemplate - Accept=[application/json, application/*+json]
2025-09-25 13:21:46 [DiscoveryClient-CacheRefreshExecutor-%d] DEBUG o.s.web.client.RestTemplate - Response 200 OK
2025-09-25 13:21:46 [DiscoveryClient-CacheRefreshExecutor-%d] DEBUG o.s.web.client.RestTemplate - Reading to [org.springframework.cloud.netflix.eureka.http.EurekaApplications]
2025-09-25 13:22:16 [DiscoveryClient-HeartbeatExecutor-%d] DEBUG o.s.web.client.RestTemplate - HTTP PUT http://localhost:8761/eureka/apps/ROOM-SERVICE/GT0126:room-service:9003?status=UP&lastDirtyTimestamp=1758785895152
2025-09-25 13:22:16 [DiscoveryClient-HeartbeatExecutor-%d] DEBUG o.s.web.client.RestTemplate - Accept=[application/json, application/*+json]
2025-09-25 13:22:16 [DiscoveryClient-HeartbeatExecutor-%d] DEBUG o.s.web.client.RestTemplate - Response 200 OK
2025-09-25 13:22:16 [DiscoveryClient-CacheRefreshExecutor-%d] DEBUG o.s.web.client.RestTemplate - HTTP GET http://localhost:8761/eureka/apps/delta
2025-09-25 13:22:16 [DiscoveryClient-CacheRefreshExecutor-%d] DEBUG o.s.web.client.RestTemplate - Accept=[application/json, application/*+json]
2025-09-25 13:22:16 [DiscoveryClient-CacheRefreshExecutor-%d] DEBUG o.s.web.client.RestTemplate - Response 200 OK
2025-09-25 13:22:16 [DiscoveryClient-CacheRefreshExecutor-%d] DEBUG o.s.web.client.RestTemplate - Reading to [org.springframework.cloud.netflix.eureka.http.EurekaApplications]
2025-09-25 13:22:46 [DiscoveryClient-HeartbeatExecutor-%d] DEBUG o.s.web.client.RestTemplate - HTTP PUT http://localhost:8761/eureka/apps/ROOM-SERVICE/GT0126:room-service:9003?status=UP&lastDirtyTimestamp=1758785895152
2025-09-25 13:22:46 [DiscoveryClient-HeartbeatExecutor-%d] DEBUG o.s.web.client.RestTemplate - Accept=[application/json, application/*+json]
2025-09-25 13:22:46 [DiscoveryClient-HeartbeatExecutor-%d] DEBUG o.s.web.client.RestTemplate - Response 200 OK
2025-09-25 13:22:46 [DiscoveryClient-CacheRefreshExecutor-%d] DEBUG o.s.web.client.RestTemplate - HTTP GET http://localhost:8761/eureka/apps/delta
2025-09-25 13:22:46 [DiscoveryClient-CacheRefreshExecutor-%d] DEBUG o.s.web.client.RestTemplate - Accept=[application/json, application/*+json]
2025-09-25 13:22:46 [DiscoveryClient-CacheRefreshExecutor-%d] DEBUG o.s.web.client.RestTemplate - Response 200 OK
2025-09-25 13:22:46 [DiscoveryClient-CacheRefreshExecutor-%d] DEBUG o.s.web.client.RestTemplate - Reading to [org.springframework.cloud.netflix.eureka.http.EurekaApplications]
2025-09-25 13:23:14 [AsyncResolver-bootstrap-executor-%d] INFO  c.n.d.s.r.aws.ConfigClusterResolver - Resolving eureka endpoints via configuration
2025-09-25 13:23:16 [DiscoveryClient-HeartbeatExecutor-%d] DEBUG o.s.web.client.RestTemplate - HTTP PUT http://localhost:8761/eureka/apps/ROOM-SERVICE/GT0126:room-service:9003?status=UP&lastDirtyTimestamp=1758785895152
2025-09-25 13:23:16 [DiscoveryClient-HeartbeatExecutor-%d] DEBUG o.s.web.client.RestTemplate - Accept=[application/json, application/*+json]
2025-09-25 13:23:16 [DiscoveryClient-HeartbeatExecutor-%d] DEBUG o.s.web.client.RestTemplate - Response 200 OK
2025-09-25 13:23:16 [DiscoveryClient-CacheRefreshExecutor-%d] DEBUG o.s.web.client.RestTemplate - HTTP GET http://localhost:8761/eureka/apps/delta
2025-09-25 13:23:16 [DiscoveryClient-CacheRefreshExecutor-%d] DEBUG o.s.web.client.RestTemplate - Accept=[application/json, application/*+json]
2025-09-25 13:23:16 [DiscoveryClient-CacheRefreshExecutor-%d] DEBUG o.s.web.client.RestTemplate - Response 200 OK
2025-09-25 13:23:16 [DiscoveryClient-CacheRefreshExecutor-%d] DEBUG o.s.web.client.RestTemplate - Reading to [org.springframework.cloud.netflix.eureka.http.EurekaApplications]
2025-09-25 13:23:46 [DiscoveryClient-HeartbeatExecutor-%d] DEBUG o.s.web.client.RestTemplate - HTTP PUT http://localhost:8761/eureka/apps/ROOM-SERVICE/GT0126:room-service:9003?status=UP&lastDirtyTimestamp=1758785895152
2025-09-25 13:23:46 [DiscoveryClient-HeartbeatExecutor-%d] DEBUG o.s.web.client.RestTemplate - Accept=[application/json, application/*+json]
2025-09-25 13:23:46 [DiscoveryClient-HeartbeatExecutor-%d] DEBUG o.s.web.client.RestTemplate - Response 200 OK
2025-09-25 13:23:46 [DiscoveryClient-CacheRefreshExecutor-%d] DEBUG o.s.web.client.RestTemplate - HTTP GET http://localhost:8761/eureka/apps/delta
2025-09-25 13:23:46 [DiscoveryClient-CacheRefreshExecutor-%d] DEBUG o.s.web.client.RestTemplate - Accept=[application/json, application/*+json]
2025-09-25 13:23:46 [DiscoveryClient-CacheRefreshExecutor-%d] DEBUG o.s.web.client.RestTemplate - Response 200 OK
2025-09-25 13:23:46 [DiscoveryClient-CacheRefreshExecutor-%d] DEBUG o.s.web.client.RestTemplate - Reading to [org.springframework.cloud.netflix.eureka.http.EurekaApplications]
2025-09-25 13:24:16 [DiscoveryClient-HeartbeatExecutor-%d] DEBUG o.s.web.client.RestTemplate - HTTP PUT http://localhost:8761/eureka/apps/ROOM-SERVICE/GT0126:room-service:9003?status=UP&lastDirtyTimestamp=1758785895152
2025-09-25 13:24:16 [DiscoveryClient-HeartbeatExecutor-%d] DEBUG o.s.web.client.RestTemplate - Accept=[application/json, application/*+json]
2025-09-25 13:24:16 [DiscoveryClient-HeartbeatExecutor-%d] DEBUG o.s.web.client.RestTemplate - Response 200 OK
2025-09-25 13:24:16 [DiscoveryClient-CacheRefreshExecutor-%d] DEBUG o.s.web.client.RestTemplate - HTTP GET http://localhost:8761/eureka/apps/delta
2025-09-25 13:24:16 [DiscoveryClient-CacheRefreshExecutor-%d] DEBUG o.s.web.client.RestTemplate - Accept=[application/json, application/*+json]
2025-09-25 13:24:16 [DiscoveryClient-CacheRefreshExecutor-%d] DEBUG o.s.web.client.RestTemplate - Response 200 OK
2025-09-25 13:24:16 [DiscoveryClient-CacheRefreshExecutor-%d] DEBUG o.s.web.client.RestTemplate - Reading to [org.springframework.cloud.netflix.eureka.http.EurekaApplications]
2025-09-25 13:24:46 [DiscoveryClient-HeartbeatExecutor-%d] DEBUG o.s.web.client.RestTemplate - HTTP PUT http://localhost:8761/eureka/apps/ROOM-SERVICE/GT0126:room-service:9003?status=UP&lastDirtyTimestamp=1758785895152
2025-09-25 13:24:46 [DiscoveryClient-HeartbeatExecutor-%d] DEBUG o.s.web.client.RestTemplate - Accept=[application/json, application/*+json]
2025-09-25 13:24:46 [DiscoveryClient-HeartbeatExecutor-%d] DEBUG o.s.web.client.RestTemplate - Response 200 OK
2025-09-25 13:24:46 [DiscoveryClient-CacheRefreshExecutor-%d] DEBUG o.s.web.client.RestTemplate - HTTP GET http://localhost:8761/eureka/apps/delta
2025-09-25 13:24:46 [DiscoveryClient-CacheRefreshExecutor-%d] DEBUG o.s.web.client.RestTemplate - Accept=[application/json, application/*+json]
2025-09-25 13:24:46 [DiscoveryClient-CacheRefreshExecutor-%d] DEBUG o.s.web.client.RestTemplate - Response 200 OK
2025-09-25 13:24:46 [DiscoveryClient-CacheRefreshExecutor-%d] DEBUG o.s.web.client.RestTemplate - Reading to [org.springframework.cloud.netflix.eureka.http.EurekaApplications]
2025-09-25 13:25:16 [DiscoveryClient-HeartbeatExecutor-%d] DEBUG o.s.web.client.RestTemplate - HTTP PUT http://localhost:8761/eureka/apps/ROOM-SERVICE/GT0126:room-service:9003?status=UP&lastDirtyTimestamp=1758785895152
2025-09-25 13:25:16 [DiscoveryClient-HeartbeatExecutor-%d] DEBUG o.s.web.client.RestTemplate - Accept=[application/json, application/*+json]
2025-09-25 13:25:16 [DiscoveryClient-HeartbeatExecutor-%d] DEBUG o.s.web.client.RestTemplate - Response 200 OK
2025-09-25 13:25:16 [DiscoveryClient-CacheRefreshExecutor-%d] DEBUG o.s.web.client.RestTemplate - HTTP GET http://localhost:8761/eureka/apps/delta
2025-09-25 13:25:16 [DiscoveryClient-CacheRefreshExecutor-%d] DEBUG o.s.web.client.RestTemplate - Accept=[application/json, application/*+json]
2025-09-25 13:25:16 [DiscoveryClient-CacheRefreshExecutor-%d] DEBUG o.s.web.client.RestTemplate - Response 200 OK
2025-09-25 13:25:16 [DiscoveryClient-CacheRefreshExecutor-%d] DEBUG o.s.web.client.RestTemplate - Reading to [org.springframework.cloud.netflix.eureka.http.EurekaApplications]
2025-09-25 13:25:46 [DiscoveryClient-HeartbeatExecutor-%d] DEBUG o.s.web.client.RestTemplate - HTTP PUT http://localhost:8761/eureka/apps/ROOM-SERVICE/GT0126:room-service:9003?status=UP&lastDirtyTimestamp=1758785895152
2025-09-25 13:25:46 [DiscoveryClient-HeartbeatExecutor-%d] DEBUG o.s.web.client.RestTemplate - Accept=[application/json, application/*+json]
2025-09-25 13:25:46 [DiscoveryClient-HeartbeatExecutor-%d] DEBUG o.s.web.client.RestTemplate - Response 200 OK
2025-09-25 13:25:46 [DiscoveryClient-CacheRefreshExecutor-%d] DEBUG o.s.web.client.RestTemplate - HTTP GET http://localhost:8761/eureka/apps/delta
2025-09-25 13:25:46 [DiscoveryClient-CacheRefreshExecutor-%d] DEBUG o.s.web.client.RestTemplate - Accept=[application/json, application/*+json]
2025-09-25 13:25:46 [DiscoveryClient-CacheRefreshExecutor-%d] DEBUG o.s.web.client.RestTemplate - Response 200 OK
2025-09-25 13:25:46 [DiscoveryClient-CacheRefreshExecutor-%d] DEBUG o.s.web.client.RestTemplate - Reading to [org.springframework.cloud.netflix.eureka.http.EurekaApplications]
2025-09-25 13:26:16 [DiscoveryClient-HeartbeatExecutor-%d] DEBUG o.s.web.client.RestTemplate - HTTP PUT http://localhost:8761/eureka/apps/ROOM-SERVICE/GT0126:room-service:9003?status=UP&lastDirtyTimestamp=1758785895152
2025-09-25 13:26:16 [DiscoveryClient-HeartbeatExecutor-%d] DEBUG o.s.web.client.RestTemplate - Accept=[application/json, application/*+json]
2025-09-25 13:26:16 [DiscoveryClient-HeartbeatExecutor-%d] DEBUG o.s.web.client.RestTemplate - Response 200 OK
2025-09-25 13:26:16 [DiscoveryClient-CacheRefreshExecutor-%d] DEBUG o.s.web.client.RestTemplate - HTTP GET http://localhost:8761/eureka/apps/delta
2025-09-25 13:26:16 [DiscoveryClient-CacheRefreshExecutor-%d] DEBUG o.s.web.client.RestTemplate - Accept=[application/json, application/*+json]
2025-09-25 13:26:16 [DiscoveryClient-CacheRefreshExecutor-%d] DEBUG o.s.web.client.RestTemplate - Response 200 OK
2025-09-25 13:26:16 [DiscoveryClient-CacheRefreshExecutor-%d] DEBUG o.s.web.client.RestTemplate - Reading to [org.springframework.cloud.netflix.eureka.http.EurekaApplications]
2025-09-25 13:26:46 [DiscoveryClient-HeartbeatExecutor-%d] DEBUG o.s.web.client.RestTemplate - HTTP PUT http://localhost:8761/eureka/apps/ROOM-SERVICE/GT0126:room-service:9003?status=UP&lastDirtyTimestamp=1758785895152
2025-09-25 13:26:46 [DiscoveryClient-HeartbeatExecutor-%d] DEBUG o.s.web.client.RestTemplate - Accept=[application/json, application/*+json]
2025-09-25 13:26:46 [DiscoveryClient-HeartbeatExecutor-%d] DEBUG o.s.web.client.RestTemplate - Response 200 OK
2025-09-25 13:26:46 [DiscoveryClient-CacheRefreshExecutor-%d] DEBUG o.s.web.client.RestTemplate - HTTP GET http://localhost:8761/eureka/apps/delta
2025-09-25 13:26:46 [DiscoveryClient-CacheRefreshExecutor-%d] DEBUG o.s.web.client.RestTemplate - Accept=[application/json, application/*+json]
2025-09-25 13:26:46 [DiscoveryClient-CacheRefreshExecutor-%d] DEBUG o.s.web.client.RestTemplate - Response 200 OK
2025-09-25 13:26:46 [DiscoveryClient-CacheRefreshExecutor-%d] DEBUG o.s.web.client.RestTemplate - Reading to [org.springframework.cloud.netflix.eureka.http.EurekaApplications]
2025-09-25 13:27:16 [DiscoveryClient-HeartbeatExecutor-%d] DEBUG o.s.web.client.RestTemplate - HTTP PUT http://localhost:8761/eureka/apps/ROOM-SERVICE/GT0126:room-service:9003?status=UP&lastDirtyTimestamp=1758785895152
2025-09-25 13:27:16 [DiscoveryClient-HeartbeatExecutor-%d] DEBUG o.s.web.client.RestTemplate - Accept=[application/json, application/*+json]
2025-09-25 13:27:16 [DiscoveryClient-HeartbeatExecutor-%d] DEBUG o.s.web.client.RestTemplate - Response 200 OK
2025-09-25 13:27:16 [DiscoveryClient-CacheRefreshExecutor-%d] DEBUG o.s.web.client.RestTemplate - HTTP GET http://localhost:8761/eureka/apps/delta
2025-09-25 13:27:16 [DiscoveryClient-CacheRefreshExecutor-%d] DEBUG o.s.web.client.RestTemplate - Accept=[application/json, application/*+json]
2025-09-25 13:27:16 [DiscoveryClient-CacheRefreshExecutor-%d] DEBUG o.s.web.client.RestTemplate - Response 200 OK
2025-09-25 13:27:16 [DiscoveryClient-CacheRefreshExecutor-%d] DEBUG o.s.web.client.RestTemplate - Reading to [org.springframework.cloud.netflix.eureka.http.EurekaApplications]
2025-09-25 13:27:46 [DiscoveryClient-HeartbeatExecutor-%d] DEBUG o.s.web.client.RestTemplate - HTTP PUT http://localhost:8761/eureka/apps/ROOM-SERVICE/GT0126:room-service:9003?status=UP&lastDirtyTimestamp=1758785895152
2025-09-25 13:27:46 [DiscoveryClient-HeartbeatExecutor-%d] DEBUG o.s.web.client.RestTemplate - Accept=[application/json, application/*+json]
2025-09-25 13:27:46 [DiscoveryClient-HeartbeatExecutor-%d] DEBUG o.s.web.client.RestTemplate - Response 200 OK
2025-09-25 13:27:46 [DiscoveryClient-CacheRefreshExecutor-%d] DEBUG o.s.web.client.RestTemplate - HTTP GET http://localhost:8761/eureka/apps/delta
2025-09-25 13:27:46 [DiscoveryClient-CacheRefreshExecutor-%d] DEBUG o.s.web.client.RestTemplate - Accept=[application/json, application/*+json]
2025-09-25 13:27:46 [DiscoveryClient-CacheRefreshExecutor-%d] DEBUG o.s.web.client.RestTemplate - Response 200 OK
2025-09-25 13:27:46 [DiscoveryClient-CacheRefreshExecutor-%d] DEBUG o.s.web.client.RestTemplate - Reading to [org.springframework.cloud.netflix.eureka.http.EurekaApplications]
2025-09-25 13:28:14 [AsyncResolver-bootstrap-executor-%d] INFO  c.n.d.s.r.aws.ConfigClusterResolver - Resolving eureka endpoints via configuration
2025-09-25 13:28:16 [DiscoveryClient-HeartbeatExecutor-%d] DEBUG o.s.web.client.RestTemplate - HTTP PUT http://localhost:8761/eureka/apps/ROOM-SERVICE/GT0126:room-service:9003?status=UP&lastDirtyTimestamp=1758785895152
2025-09-25 13:28:16 [DiscoveryClient-HeartbeatExecutor-%d] DEBUG o.s.web.client.RestTemplate - Accept=[application/json, application/*+json]
2025-09-25 13:28:16 [DiscoveryClient-HeartbeatExecutor-%d] DEBUG o.s.web.client.RestTemplate - Response 200 OK
2025-09-25 13:28:16 [DiscoveryClient-CacheRefreshExecutor-%d] DEBUG o.s.web.client.RestTemplate - HTTP GET http://localhost:8761/eureka/apps/delta
2025-09-25 13:28:16 [DiscoveryClient-CacheRefreshExecutor-%d] DEBUG o.s.web.client.RestTemplate - Accept=[application/json, application/*+json]
2025-09-25 13:28:16 [DiscoveryClient-CacheRefreshExecutor-%d] DEBUG o.s.web.client.RestTemplate - Response 200 OK
2025-09-25 13:28:16 [DiscoveryClient-CacheRefreshExecutor-%d] DEBUG o.s.web.client.RestTemplate - Reading to [org.springframework.cloud.netflix.eureka.http.EurekaApplications]
2025-09-25 13:28:46 [DiscoveryClient-HeartbeatExecutor-%d] DEBUG o.s.web.client.RestTemplate - HTTP PUT http://localhost:8761/eureka/apps/ROOM-SERVICE/GT0126:room-service:9003?status=UP&lastDirtyTimestamp=1758785895152
2025-09-25 13:28:46 [DiscoveryClient-HeartbeatExecutor-%d] DEBUG o.s.web.client.RestTemplate - Accept=[application/json, application/*+json]
2025-09-25 13:28:46 [DiscoveryClient-HeartbeatExecutor-%d] DEBUG o.s.web.client.RestTemplate - Response 200 OK
2025-09-25 13:28:46 [DiscoveryClient-CacheRefreshExecutor-%d] DEBUG o.s.web.client.RestTemplate - HTTP GET http://localhost:8761/eureka/apps/delta
2025-09-25 13:28:46 [DiscoveryClient-CacheRefreshExecutor-%d] DEBUG o.s.web.client.RestTemplate - Accept=[application/json, application/*+json]
2025-09-25 13:28:46 [DiscoveryClient-CacheRefreshExecutor-%d] DEBUG o.s.web.client.RestTemplate - Response 200 OK
2025-09-25 13:28:46 [DiscoveryClient-CacheRefreshExecutor-%d] DEBUG o.s.web.client.RestTemplate - Reading to [org.springframework.cloud.netflix.eureka.http.EurekaApplications]
2025-09-25 13:29:16 [DiscoveryClient-HeartbeatExecutor-%d] DEBUG o.s.web.client.RestTemplate - HTTP PUT http://localhost:8761/eureka/apps/ROOM-SERVICE/GT0126:room-service:9003?status=UP&lastDirtyTimestamp=1758785895152
2025-09-25 13:29:16 [DiscoveryClient-HeartbeatExecutor-%d] DEBUG o.s.web.client.RestTemplate - Accept=[application/json, application/*+json]
2025-09-25 13:29:16 [DiscoveryClient-HeartbeatExecutor-%d] DEBUG o.s.web.client.RestTemplate - Response 200 OK
2025-09-25 13:29:16 [DiscoveryClient-CacheRefreshExecutor-%d] DEBUG o.s.web.client.RestTemplate - HTTP GET http://localhost:8761/eureka/apps/delta
2025-09-25 13:29:16 [DiscoveryClient-CacheRefreshExecutor-%d] DEBUG o.s.web.client.RestTemplate - Accept=[application/json, application/*+json]
2025-09-25 13:29:17 [DiscoveryClient-CacheRefreshExecutor-%d] DEBUG o.s.web.client.RestTemplate - Response 200 OK
2025-09-25 13:29:17 [DiscoveryClient-CacheRefreshExecutor-%d] DEBUG o.s.web.client.RestTemplate - Reading to [org.springframework.cloud.netflix.eureka.http.EurekaApplications]
2025-09-25 13:29:46 [DiscoveryClient-HeartbeatExecutor-%d] DEBUG o.s.web.client.RestTemplate - HTTP PUT http://localhost:8761/eureka/apps/ROOM-SERVICE/GT0126:room-service:9003?status=UP&lastDirtyTimestamp=1758785895152
2025-09-25 13:29:46 [DiscoveryClient-HeartbeatExecutor-%d] DEBUG o.s.web.client.RestTemplate - Accept=[application/json, application/*+json]
2025-09-25 13:29:46 [DiscoveryClient-HeartbeatExecutor-%d] DEBUG o.s.web.client.RestTemplate - Response 200 OK
2025-09-25 13:29:47 [DiscoveryClient-CacheRefreshExecutor-%d] DEBUG o.s.web.client.RestTemplate - HTTP GET http://localhost:8761/eureka/apps/delta
2025-09-25 13:29:47 [DiscoveryClient-CacheRefreshExecutor-%d] DEBUG o.s.web.client.RestTemplate - Accept=[application/json, application/*+json]
2025-09-25 13:29:47 [DiscoveryClient-CacheRefreshExecutor-%d] DEBUG o.s.web.client.RestTemplate - Response 200 OK
2025-09-25 13:29:47 [DiscoveryClient-CacheRefreshExecutor-%d] DEBUG o.s.web.client.RestTemplate - Reading to [org.springframework.cloud.netflix.eureka.http.EurekaApplications]
2025-09-25 13:30:16 [DiscoveryClient-HeartbeatExecutor-%d] DEBUG o.s.web.client.RestTemplate - HTTP PUT http://localhost:8761/eureka/apps/ROOM-SERVICE/GT0126:room-service:9003?status=UP&lastDirtyTimestamp=1758785895152
2025-09-25 13:30:16 [DiscoveryClient-HeartbeatExecutor-%d] DEBUG o.s.web.client.RestTemplate - Accept=[application/json, application/*+json]
2025-09-25 13:30:16 [DiscoveryClient-HeartbeatExecutor-%d] DEBUG o.s.web.client.RestTemplate - Response 200 OK
2025-09-25 13:30:17 [DiscoveryClient-CacheRefreshExecutor-%d] DEBUG o.s.web.client.RestTemplate - HTTP GET http://localhost:8761/eureka/apps/delta
2025-09-25 13:30:17 [DiscoveryClient-CacheRefreshExecutor-%d] DEBUG o.s.web.client.RestTemplate - Accept=[application/json, application/*+json]
2025-09-25 13:30:17 [DiscoveryClient-CacheRefreshExecutor-%d] DEBUG o.s.web.client.RestTemplate - Response 200 OK
2025-09-25 13:30:17 [DiscoveryClient-CacheRefreshExecutor-%d] DEBUG o.s.web.client.RestTemplate - Reading to [org.springframework.cloud.netflix.eureka.http.EurekaApplications]
2025-09-25 13:30:46 [DiscoveryClient-HeartbeatExecutor-%d] DEBUG o.s.web.client.RestTemplate - HTTP PUT http://localhost:8761/eureka/apps/ROOM-SERVICE/GT0126:room-service:9003?status=UP&lastDirtyTimestamp=1758785895152
2025-09-25 13:30:46 [DiscoveryClient-HeartbeatExecutor-%d] DEBUG o.s.web.client.RestTemplate - Accept=[application/json, application/*+json]
2025-09-25 13:30:46 [DiscoveryClient-HeartbeatExecutor-%d] DEBUG o.s.web.client.RestTemplate - Response 200 OK
2025-09-25 13:30:47 [DiscoveryClient-CacheRefreshExecutor-%d] DEBUG o.s.web.client.RestTemplate - HTTP GET http://localhost:8761/eureka/apps/delta
2025-09-25 13:30:47 [DiscoveryClient-CacheRefreshExecutor-%d] DEBUG o.s.web.client.RestTemplate - Accept=[application/json, application/*+json]
2025-09-25 13:30:47 [DiscoveryClient-CacheRefreshExecutor-%d] DEBUG o.s.web.client.RestTemplate - Response 200 OK
2025-09-25 13:30:47 [DiscoveryClient-CacheRefreshExecutor-%d] DEBUG o.s.web.client.RestTemplate - Reading to [org.springframework.cloud.netflix.eureka.http.EurekaApplications]
2025-09-25 13:31:16 [DiscoveryClient-HeartbeatExecutor-%d] DEBUG o.s.web.client.RestTemplate - HTTP PUT http://localhost:8761/eureka/apps/ROOM-SERVICE/GT0126:room-service:9003?status=UP&lastDirtyTimestamp=1758785895152
2025-09-25 13:31:16 [DiscoveryClient-HeartbeatExecutor-%d] DEBUG o.s.web.client.RestTemplate - Accept=[application/json, application/*+json]
2025-09-25 13:31:16 [DiscoveryClient-HeartbeatExecutor-%d] DEBUG o.s.web.client.RestTemplate - Response 200 OK
2025-09-25 13:31:17 [DiscoveryClient-CacheRefreshExecutor-%d] DEBUG o.s.web.client.RestTemplate - HTTP GET http://localhost:8761/eureka/apps/delta
2025-09-25 13:31:17 [DiscoveryClient-CacheRefreshExecutor-%d] DEBUG o.s.web.client.RestTemplate - Accept=[application/json, application/*+json]
2025-09-25 13:31:17 [DiscoveryClient-CacheRefreshExecutor-%d] DEBUG o.s.web.client.RestTemplate - Response 200 OK
2025-09-25 13:31:17 [DiscoveryClient-CacheRefreshExecutor-%d] DEBUG o.s.web.client.RestTemplate - Reading to [org.springframework.cloud.netflix.eureka.http.EurekaApplications]
2025-09-25 13:48:28 [HikariPool-1:housekeeper] WARN  com.zaxxer.hikari.pool.HikariPool - HikariPool-1 - Thread starvation or clock leap detected (housekeeper delta=17m23s71µs100ns).
2025-09-25 13:57:37 [DiscoveryClient-CacheRefreshExecutor-%d] DEBUG o.s.web.client.RestTemplate - HTTP GET http://localhost:8761/eureka/apps/delta
2025-09-25 13:57:37 [DiscoveryClient-HeartbeatExecutor-%d] DEBUG o.s.web.client.RestTemplate - HTTP PUT http://localhost:8761/eureka/apps/ROOM-SERVICE/GT0126:room-service:9003?status=UP&lastDirtyTimestamp=1758785895152
2025-09-25 13:57:37 [DiscoveryClient-CacheRefreshExecutor-%d] DEBUG o.s.web.client.RestTemplate - Accept=[application/json, application/*+json]
2025-09-25 13:57:37 [DiscoveryClient-CacheRefreshExecutor-%d] DEBUG o.s.web.client.RestTemplate - Response 200 OK
2025-09-25 13:57:37 [DiscoveryClient-CacheRefreshExecutor-%d] DEBUG o.s.web.client.RestTemplate - Reading to [org.springframework.cloud.netflix.eureka.http.EurekaApplications]
2025-09-25 13:57:37 [DiscoveryClient-HeartbeatExecutor-%d] DEBUG o.s.web.client.RestTemplate - Accept=[application/json, application/*+json]
2025-09-25 13:57:37 [DiscoveryClient-HeartbeatExecutor-%d] DEBUG o.s.web.client.RestTemplate - Response 200 OK
2025-09-25 14:20:50 [HikariPool-1:housekeeper] WARN  com.zaxxer.hikari.pool.HikariPool - HikariPool-1 - Thread starvation or clock leap detected (housekeeper delta=27m7s3ms718µs200ns).
2025-09-25 14:21:00 [DiscoveryClient-HeartbeatExecutor-%d] DEBUG o.s.web.client.RestTemplate - HTTP PUT http://localhost:8761/eureka/apps/ROOM-SERVICE/GT0126:room-service:9003?status=UP&lastDirtyTimestamp=1758785895152
2025-09-25 14:21:00 [DiscoveryClient-HeartbeatExecutor-%d] DEBUG o.s.web.client.RestTemplate - Accept=[application/json, application/*+json]
2025-09-25 14:21:00 [DiscoveryClient-HeartbeatExecutor-%d] DEBUG o.s.web.client.RestTemplate - Response 200 OK
2025-09-25 14:21:00 [DiscoveryClient-CacheRefreshExecutor-%d] DEBUG o.s.web.client.RestTemplate - HTTP GET http://localhost:8761/eureka/apps/delta
2025-09-25 14:21:00 [DiscoveryClient-CacheRefreshExecutor-%d] DEBUG o.s.web.client.RestTemplate - Accept=[application/json, application/*+json]
2025-09-25 14:21:00 [DiscoveryClient-CacheRefreshExecutor-%d] DEBUG o.s.web.client.RestTemplate - Response 200 OK
2025-09-25 14:21:00 [DiscoveryClient-CacheRefreshExecutor-%d] DEBUG o.s.web.client.RestTemplate - Reading to [org.springframework.cloud.netflix.eureka.http.EurekaApplications]
2025-09-25 14:21:20 [HikariPool-1:housekeeper] WARN  com.zaxxer.hikari.pool.HikariPool - HikariPool-1 - Thread starvation or clock leap detected (housekeeper delta=5m44s329ms542µs500ns).
2025-09-25 14:21:30 [DiscoveryClient-HeartbeatExecutor-%d] DEBUG o.s.web.client.RestTemplate - HTTP PUT http://localhost:8761/eureka/apps/ROOM-SERVICE/GT0126:room-service:9003?status=UP&lastDirtyTimestamp=1758785895152
2025-09-25 14:21:30 [DiscoveryClient-HeartbeatExecutor-%d] DEBUG o.s.web.client.RestTemplate - Accept=[application/json, application/*+json]
2025-09-25 14:21:30 [DiscoveryClient-HeartbeatExecutor-%d] DEBUG o.s.web.client.RestTemplate - Response 200 OK
2025-09-25 14:21:30 [DiscoveryClient-CacheRefreshExecutor-%d] DEBUG o.s.web.client.RestTemplate - HTTP GET http://localhost:8761/eureka/apps/delta
2025-09-25 14:21:30 [DiscoveryClient-CacheRefreshExecutor-%d] DEBUG o.s.web.client.RestTemplate - Accept=[application/json, application/*+json]
2025-09-25 14:21:30 [DiscoveryClient-CacheRefreshExecutor-%d] DEBUG o.s.web.client.RestTemplate - Response 200 OK
2025-09-25 14:21:30 [DiscoveryClient-CacheRefreshExecutor-%d] DEBUG o.s.web.client.RestTemplate - Reading to [org.springframework.cloud.netflix.eureka.http.EurekaApplications]
2025-09-25 14:21:57 [AsyncResolver-bootstrap-executor-%d] INFO  c.n.d.s.r.aws.ConfigClusterResolver - Resolving eureka endpoints via configuration
2025-09-25 14:22:00 [DiscoveryClient-HeartbeatExecutor-%d] DEBUG o.s.web.client.RestTemplate - HTTP PUT http://localhost:8761/eureka/apps/ROOM-SERVICE/GT0126:room-service:9003?status=UP&lastDirtyTimestamp=1758785895152
2025-09-25 14:22:00 [DiscoveryClient-HeartbeatExecutor-%d] DEBUG o.s.web.client.RestTemplate - Accept=[application/json, application/*+json]
2025-09-25 14:22:00 [DiscoveryClient-HeartbeatExecutor-%d] DEBUG o.s.web.client.RestTemplate - Response 200 OK
2025-09-25 14:22:00 [DiscoveryClient-CacheRefreshExecutor-%d] DEBUG o.s.web.client.RestTemplate - HTTP GET http://localhost:8761/eureka/apps/delta
2025-09-25 14:22:00 [DiscoveryClient-CacheRefreshExecutor-%d] DEBUG o.s.web.client.RestTemplate - Accept=[application/json, application/*+json]
2025-09-25 14:22:00 [DiscoveryClient-CacheRefreshExecutor-%d] DEBUG o.s.web.client.RestTemplate - Response 200 OK
2025-09-25 14:22:00 [DiscoveryClient-CacheRefreshExecutor-%d] DEBUG o.s.web.client.RestTemplate - Reading to [org.springframework.cloud.netflix.eureka.http.EurekaApplications]
2025-09-25 14:22:30 [DiscoveryClient-HeartbeatExecutor-%d] DEBUG o.s.web.client.RestTemplate - HTTP PUT http://localhost:8761/eureka/apps/ROOM-SERVICE/GT0126:room-service:9003?status=UP&lastDirtyTimestamp=1758785895152
2025-09-25 14:22:30 [DiscoveryClient-HeartbeatExecutor-%d] DEBUG o.s.web.client.RestTemplate - Accept=[application/json, application/*+json]
2025-09-25 14:22:30 [DiscoveryClient-HeartbeatExecutor-%d] DEBUG o.s.web.client.RestTemplate - Response 200 OK
2025-09-25 14:22:30 [DiscoveryClient-CacheRefreshExecutor-%d] DEBUG o.s.web.client.RestTemplate - HTTP GET http://localhost:8761/eureka/apps/delta
2025-09-25 14:22:30 [DiscoveryClient-CacheRefreshExecutor-%d] DEBUG o.s.web.client.RestTemplate - Accept=[application/json, application/*+json]
2025-09-25 14:22:30 [DiscoveryClient-CacheRefreshExecutor-%d] DEBUG o.s.web.client.RestTemplate - Response 200 OK
2025-09-25 14:22:30 [DiscoveryClient-CacheRefreshExecutor-%d] DEBUG o.s.web.client.RestTemplate - Reading to [org.springframework.cloud.netflix.eureka.http.EurekaApplications]
2025-09-25 14:23:00 [DiscoveryClient-HeartbeatExecutor-%d] DEBUG o.s.web.client.RestTemplate - HTTP PUT http://localhost:8761/eureka/apps/ROOM-SERVICE/GT0126:room-service:9003?status=UP&lastDirtyTimestamp=1758785895152
2025-09-25 14:23:00 [DiscoveryClient-HeartbeatExecutor-%d] DEBUG o.s.web.client.RestTemplate - Accept=[application/json, application/*+json]
2025-09-25 14:23:00 [DiscoveryClient-HeartbeatExecutor-%d] DEBUG o.s.web.client.RestTemplate - Response 200 OK
2025-09-25 14:23:00 [DiscoveryClient-CacheRefreshExecutor-%d] DEBUG o.s.web.client.RestTemplate - HTTP GET http://localhost:8761/eureka/apps/delta
2025-09-25 14:23:00 [DiscoveryClient-CacheRefreshExecutor-%d] DEBUG o.s.web.client.RestTemplate - Accept=[application/json, application/*+json]
2025-09-25 14:23:00 [DiscoveryClient-CacheRefreshExecutor-%d] DEBUG o.s.web.client.RestTemplate - Response 200 OK
2025-09-25 14:23:00 [DiscoveryClient-CacheRefreshExecutor-%d] DEBUG o.s.web.client.RestTemplate - Reading to [org.springframework.cloud.netflix.eureka.http.EurekaApplications]
2025-09-25 14:23:30 [DiscoveryClient-HeartbeatExecutor-%d] DEBUG o.s.web.client.RestTemplate - HTTP PUT http://localhost:8761/eureka/apps/ROOM-SERVICE/GT0126:room-service:9003?status=UP&lastDirtyTimestamp=1758785895152
2025-09-25 14:23:30 [DiscoveryClient-HeartbeatExecutor-%d] DEBUG o.s.web.client.RestTemplate - Accept=[application/json, application/*+json]
2025-09-25 14:23:30 [DiscoveryClient-HeartbeatExecutor-%d] DEBUG o.s.web.client.RestTemplate - Response 200 OK
2025-09-25 14:23:30 [DiscoveryClient-CacheRefreshExecutor-%d] DEBUG o.s.web.client.RestTemplate - HTTP GET http://localhost:8761/eureka/apps/delta
2025-09-25 14:23:30 [DiscoveryClient-CacheRefreshExecutor-%d] DEBUG o.s.web.client.RestTemplate - Accept=[application/json, application/*+json]
2025-09-25 14:23:30 [DiscoveryClient-CacheRefreshExecutor-%d] DEBUG o.s.web.client.RestTemplate - Response 200 OK
2025-09-25 14:23:30 [DiscoveryClient-CacheRefreshExecutor-%d] DEBUG o.s.web.client.RestTemplate - Reading to [org.springframework.cloud.netflix.eureka.http.EurekaApplications]
2025-09-25 14:24:00 [DiscoveryClient-HeartbeatExecutor-%d] DEBUG o.s.web.client.RestTemplate - HTTP PUT http://localhost:8761/eureka/apps/ROOM-SERVICE/GT0126:room-service:9003?status=UP&lastDirtyTimestamp=1758785895152
2025-09-25 14:24:00 [DiscoveryClient-HeartbeatExecutor-%d] DEBUG o.s.web.client.RestTemplate - Accept=[application/json, application/*+json]
2025-09-25 14:24:00 [DiscoveryClient-HeartbeatExecutor-%d] DEBUG o.s.web.client.RestTemplate - Response 200 OK
2025-09-25 14:24:00 [DiscoveryClient-CacheRefreshExecutor-%d] DEBUG o.s.web.client.RestTemplate - HTTP GET http://localhost:8761/eureka/apps/delta
2025-09-25 14:24:00 [DiscoveryClient-CacheRefreshExecutor-%d] DEBUG o.s.web.client.RestTemplate - Accept=[application/json, application/*+json]
2025-09-25 14:24:00 [DiscoveryClient-CacheRefreshExecutor-%d] DEBUG o.s.web.client.RestTemplate - Response 200 OK
2025-09-25 14:24:00 [DiscoveryClient-CacheRefreshExecutor-%d] DEBUG o.s.web.client.RestTemplate - Reading to [org.springframework.cloud.netflix.eureka.http.EurekaApplications]
2025-09-25 14:24:30 [DiscoveryClient-HeartbeatExecutor-%d] DEBUG o.s.web.client.RestTemplate - HTTP PUT http://localhost:8761/eureka/apps/ROOM-SERVICE/GT0126:room-service:9003?status=UP&lastDirtyTimestamp=1758785895152
2025-09-25 14:24:30 [DiscoveryClient-HeartbeatExecutor-%d] DEBUG o.s.web.client.RestTemplate - Accept=[application/json, application/*+json]
2025-09-25 14:24:30 [DiscoveryClient-HeartbeatExecutor-%d] DEBUG o.s.web.client.RestTemplate - Response 200 OK
2025-09-25 14:24:30 [DiscoveryClient-CacheRefreshExecutor-%d] DEBUG o.s.web.client.RestTemplate - HTTP GET http://localhost:8761/eureka/apps/delta
2025-09-25 14:24:30 [DiscoveryClient-CacheRefreshExecutor-%d] DEBUG o.s.web.client.RestTemplate - Accept=[application/json, application/*+json]
2025-09-25 14:24:30 [DiscoveryClient-CacheRefreshExecutor-%d] DEBUG o.s.web.client.RestTemplate - Response 200 OK
2025-09-25 14:24:30 [DiscoveryClient-CacheRefreshExecutor-%d] DEBUG o.s.web.client.RestTemplate - Reading to [org.springframework.cloud.netflix.eureka.http.EurekaApplications]
2025-09-25 14:25:00 [DiscoveryClient-HeartbeatExecutor-%d] DEBUG o.s.web.client.RestTemplate - HTTP PUT http://localhost:8761/eureka/apps/ROOM-SERVICE/GT0126:room-service:9003?status=UP&lastDirtyTimestamp=1758785895152
2025-09-25 14:25:00 [DiscoveryClient-HeartbeatExecutor-%d] DEBUG o.s.web.client.RestTemplate - Accept=[application/json, application/*+json]
2025-09-25 14:25:00 [DiscoveryClient-HeartbeatExecutor-%d] DEBUG o.s.web.client.RestTemplate - Response 200 OK
2025-09-25 14:25:00 [DiscoveryClient-CacheRefreshExecutor-%d] DEBUG o.s.web.client.RestTemplate - HTTP GET http://localhost:8761/eureka/apps/delta
2025-09-25 14:25:00 [DiscoveryClient-CacheRefreshExecutor-%d] DEBUG o.s.web.client.RestTemplate - Accept=[application/json, application/*+json]
2025-09-25 14:25:00 [DiscoveryClient-CacheRefreshExecutor-%d] DEBUG o.s.web.client.RestTemplate - Response 200 OK
2025-09-25 14:25:00 [DiscoveryClient-CacheRefreshExecutor-%d] DEBUG o.s.web.client.RestTemplate - Reading to [org.springframework.cloud.netflix.eureka.http.EurekaApplications]
2025-09-25 14:25:30 [DiscoveryClient-HeartbeatExecutor-%d] DEBUG o.s.web.client.RestTemplate - HTTP PUT http://localhost:8761/eureka/apps/ROOM-SERVICE/GT0126:room-service:9003?status=UP&lastDirtyTimestamp=1758785895152
2025-09-25 14:25:30 [DiscoveryClient-HeartbeatExecutor-%d] DEBUG o.s.web.client.RestTemplate - Accept=[application/json, application/*+json]
2025-09-25 14:25:30 [DiscoveryClient-HeartbeatExecutor-%d] DEBUG o.s.web.client.RestTemplate - Response 200 OK
2025-09-25 14:25:30 [DiscoveryClient-CacheRefreshExecutor-%d] DEBUG o.s.web.client.RestTemplate - HTTP GET http://localhost:8761/eureka/apps/delta
2025-09-25 14:25:30 [DiscoveryClient-CacheRefreshExecutor-%d] DEBUG o.s.web.client.RestTemplate - Accept=[application/json, application/*+json]
2025-09-25 14:25:30 [DiscoveryClient-CacheRefreshExecutor-%d] DEBUG o.s.web.client.RestTemplate - Response 200 OK
2025-09-25 14:25:30 [DiscoveryClient-CacheRefreshExecutor-%d] DEBUG o.s.web.client.RestTemplate - Reading to [org.springframework.cloud.netflix.eureka.http.EurekaApplications]
2025-09-25 14:26:00 [DiscoveryClient-HeartbeatExecutor-%d] DEBUG o.s.web.client.RestTemplate - HTTP PUT http://localhost:8761/eureka/apps/ROOM-SERVICE/GT0126:room-service:9003?status=UP&lastDirtyTimestamp=1758785895152
2025-09-25 14:26:00 [DiscoveryClient-HeartbeatExecutor-%d] DEBUG o.s.web.client.RestTemplate - Accept=[application/json, application/*+json]
2025-09-25 14:26:00 [DiscoveryClient-HeartbeatExecutor-%d] DEBUG o.s.web.client.RestTemplate - Response 200 OK
2025-09-25 14:26:00 [DiscoveryClient-CacheRefreshExecutor-%d] DEBUG o.s.web.client.RestTemplate - HTTP GET http://localhost:8761/eureka/apps/delta
2025-09-25 14:26:00 [DiscoveryClient-CacheRefreshExecutor-%d] DEBUG o.s.web.client.RestTemplate - Accept=[application/json, application/*+json]
2025-09-25 14:26:00 [DiscoveryClient-CacheRefreshExecutor-%d] DEBUG o.s.web.client.RestTemplate - Response 200 OK
2025-09-25 14:26:00 [DiscoveryClient-CacheRefreshExecutor-%d] DEBUG o.s.web.client.RestTemplate - Reading to [org.springframework.cloud.netflix.eureka.http.EurekaApplications]
2025-09-25 14:26:30 [DiscoveryClient-HeartbeatExecutor-%d] DEBUG o.s.web.client.RestTemplate - HTTP PUT http://localhost:8761/eureka/apps/ROOM-SERVICE/GT0126:room-service:9003?status=UP&lastDirtyTimestamp=1758785895152
2025-09-25 14:26:30 [DiscoveryClient-HeartbeatExecutor-%d] DEBUG o.s.web.client.RestTemplate - Accept=[application/json, application/*+json]
2025-09-25 14:26:30 [DiscoveryClient-HeartbeatExecutor-%d] DEBUG o.s.web.client.RestTemplate - Response 200 OK
2025-09-25 14:26:30 [DiscoveryClient-CacheRefreshExecutor-%d] DEBUG o.s.web.client.RestTemplate - HTTP GET http://localhost:8761/eureka/apps/delta
2025-09-25 14:26:30 [DiscoveryClient-CacheRefreshExecutor-%d] DEBUG o.s.web.client.RestTemplate - Accept=[application/json, application/*+json]
2025-09-25 14:26:30 [DiscoveryClient-CacheRefreshExecutor-%d] DEBUG o.s.web.client.RestTemplate - Response 200 OK
2025-09-25 14:26:30 [DiscoveryClient-CacheRefreshExecutor-%d] DEBUG o.s.web.client.RestTemplate - Reading to [org.springframework.cloud.netflix.eureka.http.EurekaApplications]
2025-09-25 14:26:57 [AsyncResolver-bootstrap-executor-%d] INFO  c.n.d.s.r.aws.ConfigClusterResolver - Resolving eureka endpoints via configuration
2025-09-25 14:27:00 [DiscoveryClient-HeartbeatExecutor-%d] DEBUG o.s.web.client.RestTemplate - HTTP PUT http://localhost:8761/eureka/apps/ROOM-SERVICE/GT0126:room-service:9003?status=UP&lastDirtyTimestamp=1758785895152
2025-09-25 14:27:00 [DiscoveryClient-HeartbeatExecutor-%d] DEBUG o.s.web.client.RestTemplate - Accept=[application/json, application/*+json]
2025-09-25 14:27:00 [DiscoveryClient-HeartbeatExecutor-%d] DEBUG o.s.web.client.RestTemplate - Response 200 OK
2025-09-25 14:27:00 [DiscoveryClient-CacheRefreshExecutor-%d] DEBUG o.s.web.client.RestTemplate - HTTP GET http://localhost:8761/eureka/apps/delta
2025-09-25 14:27:00 [DiscoveryClient-CacheRefreshExecutor-%d] DEBUG o.s.web.client.RestTemplate - Accept=[application/json, application/*+json]
2025-09-25 14:27:00 [DiscoveryClient-CacheRefreshExecutor-%d] DEBUG o.s.web.client.RestTemplate - Response 200 OK
2025-09-25 14:27:00 [DiscoveryClient-CacheRefreshExecutor-%d] DEBUG o.s.web.client.RestTemplate - Reading to [org.springframework.cloud.netflix.eureka.http.EurekaApplications]
2025-09-25 14:27:30 [DiscoveryClient-HeartbeatExecutor-%d] DEBUG o.s.web.client.RestTemplate - HTTP PUT http://localhost:8761/eureka/apps/ROOM-SERVICE/GT0126:room-service:9003?status=UP&lastDirtyTimestamp=1758785895152
2025-09-25 14:27:30 [DiscoveryClient-HeartbeatExecutor-%d] DEBUG o.s.web.client.RestTemplate - Accept=[application/json, application/*+json]
2025-09-25 14:27:30 [DiscoveryClient-HeartbeatExecutor-%d] DEBUG o.s.web.client.RestTemplate - Response 200 OK
2025-09-25 14:27:30 [DiscoveryClient-CacheRefreshExecutor-%d] DEBUG o.s.web.client.RestTemplate - HTTP GET http://localhost:8761/eureka/apps/delta
2025-09-25 14:27:30 [DiscoveryClient-CacheRefreshExecutor-%d] DEBUG o.s.web.client.RestTemplate - Accept=[application/json, application/*+json]
2025-09-25 14:27:30 [DiscoveryClient-CacheRefreshExecutor-%d] DEBUG o.s.web.client.RestTemplate - Response 200 OK
2025-09-25 14:27:30 [DiscoveryClient-CacheRefreshExecutor-%d] DEBUG o.s.web.client.RestTemplate - Reading to [org.springframework.cloud.netflix.eureka.http.EurekaApplications]
2025-09-25 14:28:00 [DiscoveryClient-HeartbeatExecutor-%d] DEBUG o.s.web.client.RestTemplate - HTTP PUT http://localhost:8761/eureka/apps/ROOM-SERVICE/GT0126:room-service:9003?status=UP&lastDirtyTimestamp=1758785895152
2025-09-25 14:28:00 [DiscoveryClient-HeartbeatExecutor-%d] DEBUG o.s.web.client.RestTemplate - Accept=[application/json, application/*+json]
2025-09-25 14:28:00 [DiscoveryClient-HeartbeatExecutor-%d] DEBUG o.s.web.client.RestTemplate - Response 200 OK
2025-09-25 14:28:00 [DiscoveryClient-CacheRefreshExecutor-%d] DEBUG o.s.web.client.RestTemplate - HTTP GET http://localhost:8761/eureka/apps/delta
2025-09-25 14:28:00 [DiscoveryClient-CacheRefreshExecutor-%d] DEBUG o.s.web.client.RestTemplate - Accept=[application/json, application/*+json]
2025-09-25 14:28:00 [DiscoveryClient-CacheRefreshExecutor-%d] DEBUG o.s.web.client.RestTemplate - Response 200 OK
2025-09-25 14:28:00 [DiscoveryClient-CacheRefreshExecutor-%d] DEBUG o.s.web.client.RestTemplate - Reading to [org.springframework.cloud.netflix.eureka.http.EurekaApplications]
2025-09-25 14:28:30 [DiscoveryClient-HeartbeatExecutor-%d] DEBUG o.s.web.client.RestTemplate - HTTP PUT http://localhost:8761/eureka/apps/ROOM-SERVICE/GT0126:room-service:9003?status=UP&lastDirtyTimestamp=1758785895152
2025-09-25 14:28:30 [DiscoveryClient-HeartbeatExecutor-%d] DEBUG o.s.web.client.RestTemplate - Accept=[application/json, application/*+json]
2025-09-25 14:28:30 [DiscoveryClient-HeartbeatExecutor-%d] DEBUG o.s.web.client.RestTemplate - Response 200 OK
2025-09-25 14:28:30 [DiscoveryClient-CacheRefreshExecutor-%d] DEBUG o.s.web.client.RestTemplate - HTTP GET http://localhost:8761/eureka/apps/delta
2025-09-25 14:28:30 [DiscoveryClient-CacheRefreshExecutor-%d] DEBUG o.s.web.client.RestTemplate - Accept=[application/json, application/*+json]
2025-09-25 14:28:30 [DiscoveryClient-CacheRefreshExecutor-%d] DEBUG o.s.web.client.RestTemplate - Response 200 OK
2025-09-25 14:28:30 [DiscoveryClient-CacheRefreshExecutor-%d] DEBUG o.s.web.client.RestTemplate - Reading to [org.springframework.cloud.netflix.eureka.http.EurekaApplications]
2025-09-25 14:29:00 [DiscoveryClient-HeartbeatExecutor-%d] DEBUG o.s.web.client.RestTemplate - HTTP PUT http://localhost:8761/eureka/apps/ROOM-SERVICE/GT0126:room-service:9003?status=UP&lastDirtyTimestamp=1758785895152
2025-09-25 14:29:00 [DiscoveryClient-HeartbeatExecutor-%d] DEBUG o.s.web.client.RestTemplate - Accept=[application/json, application/*+json]
2025-09-25 14:29:00 [DiscoveryClient-HeartbeatExecutor-%d] DEBUG o.s.web.client.RestTemplate - Response 200 OK
2025-09-25 14:29:00 [DiscoveryClient-CacheRefreshExecutor-%d] DEBUG o.s.web.client.RestTemplate - HTTP GET http://localhost:8761/eureka/apps/delta
2025-09-25 14:29:00 [DiscoveryClient-CacheRefreshExecutor-%d] DEBUG o.s.web.client.RestTemplate - Accept=[application/json, application/*+json]
2025-09-25 14:29:00 [DiscoveryClient-CacheRefreshExecutor-%d] DEBUG o.s.web.client.RestTemplate - Response 200 OK
2025-09-25 14:29:00 [DiscoveryClient-CacheRefreshExecutor-%d] DEBUG o.s.web.client.RestTemplate - Reading to [org.springframework.cloud.netflix.eureka.http.EurekaApplications]
2025-09-25 14:29:30 [DiscoveryClient-HeartbeatExecutor-%d] DEBUG o.s.web.client.RestTemplate - HTTP PUT http://localhost:8761/eureka/apps/ROOM-SERVICE/GT0126:room-service:9003?status=UP&lastDirtyTimestamp=1758785895152
2025-09-25 14:29:30 [DiscoveryClient-HeartbeatExecutor-%d] DEBUG o.s.web.client.RestTemplate - Accept=[application/json, application/*+json]
2025-09-25 14:29:30 [DiscoveryClient-HeartbeatExecutor-%d] DEBUG o.s.web.client.RestTemplate - Response 200 OK
2025-09-25 14:29:30 [DiscoveryClient-CacheRefreshExecutor-%d] DEBUG o.s.web.client.RestTemplate - HTTP GET http://localhost:8761/eureka/apps/delta
2025-09-25 14:29:31 [DiscoveryClient-CacheRefreshExecutor-%d] DEBUG o.s.web.client.RestTemplate - Accept=[application/json, application/*+json]
2025-09-25 14:29:31 [DiscoveryClient-CacheRefreshExecutor-%d] DEBUG o.s.web.client.RestTemplate - Response 200 OK
2025-09-25 14:29:31 [DiscoveryClient-CacheRefreshExecutor-%d] DEBUG o.s.web.client.RestTemplate - Reading to [org.springframework.cloud.netflix.eureka.http.EurekaApplications]
2025-09-25 14:30:00 [DiscoveryClient-HeartbeatExecutor-%d] DEBUG o.s.web.client.RestTemplate - HTTP PUT http://localhost:8761/eureka/apps/ROOM-SERVICE/GT0126:room-service:9003?status=UP&lastDirtyTimestamp=1758785895152
2025-09-25 14:30:00 [DiscoveryClient-HeartbeatExecutor-%d] DEBUG o.s.web.client.RestTemplate - Accept=[application/json, application/*+json]
2025-09-25 14:30:00 [DiscoveryClient-HeartbeatExecutor-%d] DEBUG o.s.web.client.RestTemplate - Response 200 OK
2025-09-25 14:30:01 [DiscoveryClient-CacheRefreshExecutor-%d] DEBUG o.s.web.client.RestTemplate - HTTP GET http://localhost:8761/eureka/apps/delta
2025-09-25 14:30:01 [DiscoveryClient-CacheRefreshExecutor-%d] DEBUG o.s.web.client.RestTemplate - Accept=[application/json, application/*+json]
2025-09-25 14:30:01 [DiscoveryClient-CacheRefreshExecutor-%d] DEBUG o.s.web.client.RestTemplate - Response 200 OK
2025-09-25 14:30:01 [DiscoveryClient-CacheRefreshExecutor-%d] DEBUG o.s.web.client.RestTemplate - Reading to [org.springframework.cloud.netflix.eureka.http.EurekaApplications]
2025-09-25 14:30:30 [DiscoveryClient-HeartbeatExecutor-%d] DEBUG o.s.web.client.RestTemplate - HTTP PUT http://localhost:8761/eureka/apps/ROOM-SERVICE/GT0126:room-service:9003?status=UP&lastDirtyTimestamp=1758785895152
2025-09-25 14:30:30 [DiscoveryClient-HeartbeatExecutor-%d] DEBUG o.s.web.client.RestTemplate - Accept=[application/json, application/*+json]
2025-09-25 14:30:30 [DiscoveryClient-HeartbeatExecutor-%d] DEBUG o.s.web.client.RestTemplate - Response 200 OK
2025-09-25 14:30:31 [DiscoveryClient-CacheRefreshExecutor-%d] DEBUG o.s.web.client.RestTemplate - HTTP GET http://localhost:8761/eureka/apps/delta
2025-09-25 14:30:31 [DiscoveryClient-CacheRefreshExecutor-%d] DEBUG o.s.web.client.RestTemplate - Accept=[application/json, application/*+json]
2025-09-25 14:30:31 [DiscoveryClient-CacheRefreshExecutor-%d] DEBUG o.s.web.client.RestTemplate - Response 200 OK
2025-09-25 14:30:31 [DiscoveryClient-CacheRefreshExecutor-%d] DEBUG o.s.web.client.RestTemplate - Reading to [org.springframework.cloud.netflix.eureka.http.EurekaApplications]
2025-09-25 14:31:01 [DiscoveryClient-HeartbeatExecutor-%d] DEBUG o.s.web.client.RestTemplate - HTTP PUT http://localhost:8761/eureka/apps/ROOM-SERVICE/GT0126:room-service:9003?status=UP&lastDirtyTimestamp=1758785895152
2025-09-25 14:31:01 [DiscoveryClient-HeartbeatExecutor-%d] DEBUG o.s.web.client.RestTemplate - Accept=[application/json, application/*+json]
2025-09-25 14:31:01 [DiscoveryClient-HeartbeatExecutor-%d] DEBUG o.s.web.client.RestTemplate - Response 200 OK
2025-09-25 14:31:01 [DiscoveryClient-CacheRefreshExecutor-%d] DEBUG o.s.web.client.RestTemplate - HTTP GET http://localhost:8761/eureka/apps/delta
2025-09-25 14:31:01 [DiscoveryClient-CacheRefreshExecutor-%d] DEBUG o.s.web.client.RestTemplate - Accept=[application/json, application/*+json]
2025-09-25 14:31:01 [DiscoveryClient-CacheRefreshExecutor-%d] DEBUG o.s.web.client.RestTemplate - Response 200 OK
2025-09-25 14:31:01 [DiscoveryClient-CacheRefreshExecutor-%d] DEBUG o.s.web.client.RestTemplate - Reading to [org.springframework.cloud.netflix.eureka.http.EurekaApplications]
2025-09-25 14:31:31 [DiscoveryClient-HeartbeatExecutor-%d] DEBUG o.s.web.client.RestTemplate - HTTP PUT http://localhost:8761/eureka/apps/ROOM-SERVICE/GT0126:room-service:9003?status=UP&lastDirtyTimestamp=1758785895152
2025-09-25 14:31:31 [DiscoveryClient-HeartbeatExecutor-%d] DEBUG o.s.web.client.RestTemplate - Accept=[application/json, application/*+json]
2025-09-25 14:31:31 [DiscoveryClient-HeartbeatExecutor-%d] DEBUG o.s.web.client.RestTemplate - Response 200 OK
2025-09-25 14:31:31 [DiscoveryClient-CacheRefreshExecutor-%d] DEBUG o.s.web.client.RestTemplate - HTTP GET http://localhost:8761/eureka/apps/delta
2025-09-25 14:31:31 [DiscoveryClient-CacheRefreshExecutor-%d] DEBUG o.s.web.client.RestTemplate - Accept=[application/json, application/*+json]
2025-09-25 14:31:31 [DiscoveryClient-CacheRefreshExecutor-%d] DEBUG o.s.web.client.RestTemplate - Response 200 OK
2025-09-25 14:31:31 [DiscoveryClient-CacheRefreshExecutor-%d] DEBUG o.s.web.client.RestTemplate - Reading to [org.springframework.cloud.netflix.eureka.http.EurekaApplications]
2025-09-25 14:31:57 [AsyncResolver-bootstrap-executor-%d] INFO  c.n.d.s.r.aws.ConfigClusterResolver - Resolving eureka endpoints via configuration
2025-09-25 14:32:01 [DiscoveryClient-HeartbeatExecutor-%d] DEBUG o.s.web.client.RestTemplate - HTTP PUT http://localhost:8761/eureka/apps/ROOM-SERVICE/GT0126:room-service:9003?status=UP&lastDirtyTimestamp=1758785895152
2025-09-25 14:32:01 [DiscoveryClient-HeartbeatExecutor-%d] DEBUG o.s.web.client.RestTemplate - Accept=[application/json, application/*+json]
2025-09-25 14:32:01 [DiscoveryClient-HeartbeatExecutor-%d] DEBUG o.s.web.client.RestTemplate - Response 200 OK
2025-09-25 14:32:01 [DiscoveryClient-CacheRefreshExecutor-%d] DEBUG o.s.web.client.RestTemplate - HTTP GET http://localhost:8761/eureka/apps/delta
2025-09-25 14:32:01 [DiscoveryClient-CacheRefreshExecutor-%d] DEBUG o.s.web.client.RestTemplate - Accept=[application/json, application/*+json]
2025-09-25 14:32:01 [DiscoveryClient-CacheRefreshExecutor-%d] DEBUG o.s.web.client.RestTemplate - Response 200 OK
2025-09-25 14:32:01 [DiscoveryClient-CacheRefreshExecutor-%d] DEBUG o.s.web.client.RestTemplate - Reading to [org.springframework.cloud.netflix.eureka.http.EurekaApplications]
2025-09-25 14:32:31 [DiscoveryClient-HeartbeatExecutor-%d] DEBUG o.s.web.client.RestTemplate - HTTP PUT http://localhost:8761/eureka/apps/ROOM-SERVICE/GT0126:room-service:9003?status=UP&lastDirtyTimestamp=1758785895152
2025-09-25 14:32:31 [DiscoveryClient-HeartbeatExecutor-%d] DEBUG o.s.web.client.RestTemplate - Accept=[application/json, application/*+json]
2025-09-25 14:32:31 [DiscoveryClient-HeartbeatExecutor-%d] DEBUG o.s.web.client.RestTemplate - Response 200 OK
2025-09-25 14:32:31 [DiscoveryClient-CacheRefreshExecutor-%d] DEBUG o.s.web.client.RestTemplate - HTTP GET http://localhost:8761/eureka/apps/delta
2025-09-25 14:32:31 [DiscoveryClient-CacheRefreshExecutor-%d] DEBUG o.s.web.client.RestTemplate - Accept=[application/json, application/*+json]
2025-09-25 14:32:31 [DiscoveryClient-CacheRefreshExecutor-%d] DEBUG o.s.web.client.RestTemplate - Response 200 OK
2025-09-25 14:32:31 [DiscoveryClient-CacheRefreshExecutor-%d] DEBUG o.s.web.client.RestTemplate - Reading to [org.springframework.cloud.netflix.eureka.http.EurekaApplications]
2025-09-25 14:33:01 [DiscoveryClient-HeartbeatExecutor-%d] DEBUG o.s.web.client.RestTemplate - HTTP PUT http://localhost:8761/eureka/apps/ROOM-SERVICE/GT0126:room-service:9003?status=UP&lastDirtyTimestamp=1758785895152
2025-09-25 14:33:01 [DiscoveryClient-HeartbeatExecutor-%d] DEBUG o.s.web.client.RestTemplate - Accept=[application/json, application/*+json]
2025-09-25 14:33:01 [DiscoveryClient-HeartbeatExecutor-%d] DEBUG o.s.web.client.RestTemplate - Response 200 OK
2025-09-25 14:33:01 [DiscoveryClient-CacheRefreshExecutor-%d] DEBUG o.s.web.client.RestTemplate - HTTP GET http://localhost:8761/eureka/apps/delta
2025-09-25 14:33:01 [DiscoveryClient-CacheRefreshExecutor-%d] DEBUG o.s.web.client.RestTemplate - Accept=[application/json, application/*+json]
2025-09-25 14:33:01 [DiscoveryClient-CacheRefreshExecutor-%d] DEBUG o.s.web.client.RestTemplate - Response 200 OK
2025-09-25 14:33:01 [DiscoveryClient-CacheRefreshExecutor-%d] DEBUG o.s.web.client.RestTemplate - Reading to [org.springframework.cloud.netflix.eureka.http.EurekaApplications]
2025-09-25 14:33:31 [DiscoveryClient-HeartbeatExecutor-%d] DEBUG o.s.web.client.RestTemplate - HTTP PUT http://localhost:8761/eureka/apps/ROOM-SERVICE/GT0126:room-service:9003?status=UP&lastDirtyTimestamp=1758785895152
2025-09-25 14:33:31 [DiscoveryClient-HeartbeatExecutor-%d] DEBUG o.s.web.client.RestTemplate - Accept=[application/json, application/*+json]
2025-09-25 14:33:31 [DiscoveryClient-HeartbeatExecutor-%d] DEBUG o.s.web.client.RestTemplate - Response 200 OK
2025-09-25 14:33:31 [DiscoveryClient-CacheRefreshExecutor-%d] DEBUG o.s.web.client.RestTemplate - HTTP GET http://localhost:8761/eureka/apps/delta
2025-09-25 14:33:31 [DiscoveryClient-CacheRefreshExecutor-%d] DEBUG o.s.web.client.RestTemplate - Accept=[application/json, application/*+json]
2025-09-25 14:33:31 [DiscoveryClient-CacheRefreshExecutor-%d] DEBUG o.s.web.client.RestTemplate - Response 200 OK
2025-09-25 14:33:31 [DiscoveryClient-CacheRefreshExecutor-%d] DEBUG o.s.web.client.RestTemplate - Reading to [org.springframework.cloud.netflix.eureka.http.EurekaApplications]
2025-09-25 14:34:01 [DiscoveryClient-HeartbeatExecutor-%d] DEBUG o.s.web.client.RestTemplate - HTTP PUT http://localhost:8761/eureka/apps/ROOM-SERVICE/GT0126:room-service:9003?status=UP&lastDirtyTimestamp=1758785895152
2025-09-25 14:34:01 [DiscoveryClient-HeartbeatExecutor-%d] DEBUG o.s.web.client.RestTemplate - Accept=[application/json, application/*+json]
2025-09-25 14:34:01 [DiscoveryClient-HeartbeatExecutor-%d] DEBUG o.s.web.client.RestTemplate - Response 200 OK
2025-09-25 14:34:01 [DiscoveryClient-CacheRefreshExecutor-%d] DEBUG o.s.web.client.RestTemplate - HTTP GET http://localhost:8761/eureka/apps/delta
2025-09-25 14:34:01 [DiscoveryClient-CacheRefreshExecutor-%d] DEBUG o.s.web.client.RestTemplate - Accept=[application/json, application/*+json]
2025-09-25 14:34:01 [DiscoveryClient-CacheRefreshExecutor-%d] DEBUG o.s.web.client.RestTemplate - Response 200 OK
2025-09-25 14:34:01 [DiscoveryClient-CacheRefreshExecutor-%d] DEBUG o.s.web.client.RestTemplate - Reading to [org.springframework.cloud.netflix.eureka.http.EurekaApplications]
2025-09-25 14:34:31 [DiscoveryClient-HeartbeatExecutor-%d] DEBUG o.s.web.client.RestTemplate - HTTP PUT http://localhost:8761/eureka/apps/ROOM-SERVICE/GT0126:room-service:9003?status=UP&lastDirtyTimestamp=1758785895152
2025-09-25 14:34:31 [DiscoveryClient-HeartbeatExecutor-%d] DEBUG o.s.web.client.RestTemplate - Accept=[application/json, application/*+json]
2025-09-25 14:34:31 [DiscoveryClient-HeartbeatExecutor-%d] DEBUG o.s.web.client.RestTemplate - Response 200 OK
2025-09-25 14:34:31 [DiscoveryClient-CacheRefreshExecutor-%d] DEBUG o.s.web.client.RestTemplate - HTTP GET http://localhost:8761/eureka/apps/delta
2025-09-25 14:34:31 [DiscoveryClient-CacheRefreshExecutor-%d] DEBUG o.s.web.client.RestTemplate - Accept=[application/json, application/*+json]
2025-09-25 14:34:31 [DiscoveryClient-CacheRefreshExecutor-%d] DEBUG o.s.web.client.RestTemplate - Response 200 OK
2025-09-25 14:34:31 [DiscoveryClient-CacheRefreshExecutor-%d] DEBUG o.s.web.client.RestTemplate - Reading to [org.springframework.cloud.netflix.eureka.http.EurekaApplications]
2025-09-25 14:35:01 [DiscoveryClient-HeartbeatExecutor-%d] DEBUG o.s.web.client.RestTemplate - HTTP PUT http://localhost:8761/eureka/apps/ROOM-SERVICE/GT0126:room-service:9003?status=UP&lastDirtyTimestamp=1758785895152
2025-09-25 14:35:01 [DiscoveryClient-HeartbeatExecutor-%d] DEBUG o.s.web.client.RestTemplate - Accept=[application/json, application/*+json]
2025-09-25 14:35:01 [DiscoveryClient-HeartbeatExecutor-%d] DEBUG o.s.web.client.RestTemplate - Response 200 OK
2025-09-25 14:35:01 [DiscoveryClient-CacheRefreshExecutor-%d] DEBUG o.s.web.client.RestTemplate - HTTP GET http://localhost:8761/eureka/apps/delta
2025-09-25 14:35:01 [DiscoveryClient-CacheRefreshExecutor-%d] DEBUG o.s.web.client.RestTemplate - Accept=[application/json, application/*+json]
2025-09-25 14:35:01 [DiscoveryClient-CacheRefreshExecutor-%d] DEBUG o.s.web.client.RestTemplate - Response 200 OK
2025-09-25 14:35:01 [DiscoveryClient-CacheRefreshExecutor-%d] DEBUG o.s.web.client.RestTemplate - Reading to [org.springframework.cloud.netflix.eureka.http.EurekaApplications]
2025-09-25 14:35:31 [DiscoveryClient-HeartbeatExecutor-%d] DEBUG o.s.web.client.RestTemplate - HTTP PUT http://localhost:8761/eureka/apps/ROOM-SERVICE/GT0126:room-service:9003?status=UP&lastDirtyTimestamp=1758785895152
2025-09-25 14:35:31 [DiscoveryClient-HeartbeatExecutor-%d] DEBUG o.s.web.client.RestTemplate - Accept=[application/json, application/*+json]
2025-09-25 14:35:31 [DiscoveryClient-HeartbeatExecutor-%d] DEBUG o.s.web.client.RestTemplate - Response 200 OK
2025-09-25 14:35:31 [DiscoveryClient-CacheRefreshExecutor-%d] DEBUG o.s.web.client.RestTemplate - HTTP GET http://localhost:8761/eureka/apps/delta
2025-09-25 14:35:31 [DiscoveryClient-CacheRefreshExecutor-%d] DEBUG o.s.web.client.RestTemplate - Accept=[application/json, application/*+json]
2025-09-25 14:35:31 [DiscoveryClient-CacheRefreshExecutor-%d] DEBUG o.s.web.client.RestTemplate - Response 200 OK
2025-09-25 14:35:31 [DiscoveryClient-CacheRefreshExecutor-%d] DEBUG o.s.web.client.RestTemplate - Reading to [org.springframework.cloud.netflix.eureka.http.EurekaApplications]
2025-09-25 14:36:01 [DiscoveryClient-HeartbeatExecutor-%d] DEBUG o.s.web.client.RestTemplate - HTTP PUT http://localhost:8761/eureka/apps/ROOM-SERVICE/GT0126:room-service:9003?status=UP&lastDirtyTimestamp=1758785895152
2025-09-25 14:36:01 [DiscoveryClient-HeartbeatExecutor-%d] DEBUG o.s.web.client.RestTemplate - Accept=[application/json, application/*+json]
2025-09-25 14:36:01 [DiscoveryClient-HeartbeatExecutor-%d] DEBUG o.s.web.client.RestTemplate - Response 200 OK
2025-09-25 14:36:01 [DiscoveryClient-CacheRefreshExecutor-%d] DEBUG o.s.web.client.RestTemplate - HTTP GET http://localhost:8761/eureka/apps/delta
2025-09-25 14:36:01 [DiscoveryClient-CacheRefreshExecutor-%d] DEBUG o.s.web.client.RestTemplate - Accept=[application/json, application/*+json]
2025-09-25 14:36:01 [DiscoveryClient-CacheRefreshExecutor-%d] DEBUG o.s.web.client.RestTemplate - Response 200 OK
2025-09-25 14:36:01 [DiscoveryClient-CacheRefreshExecutor-%d] DEBUG o.s.web.client.RestTemplate - Reading to [org.springframework.cloud.netflix.eureka.http.EurekaApplications]
2025-09-25 14:36:31 [DiscoveryClient-HeartbeatExecutor-%d] DEBUG o.s.web.client.RestTemplate - HTTP PUT http://localhost:8761/eureka/apps/ROOM-SERVICE/GT0126:room-service:9003?status=UP&lastDirtyTimestamp=1758785895152
2025-09-25 14:36:31 [DiscoveryClient-HeartbeatExecutor-%d] DEBUG o.s.web.client.RestTemplate - Accept=[application/json, application/*+json]
2025-09-25 14:36:31 [DiscoveryClient-HeartbeatExecutor-%d] DEBUG o.s.web.client.RestTemplate - Response 200 OK
2025-09-25 14:36:31 [DiscoveryClient-CacheRefreshExecutor-%d] DEBUG o.s.web.client.RestTemplate - HTTP GET http://localhost:8761/eureka/apps/delta
2025-09-25 14:36:31 [DiscoveryClient-CacheRefreshExecutor-%d] DEBUG o.s.web.client.RestTemplate - Accept=[application/json, application/*+json]
2025-09-25 14:36:31 [DiscoveryClient-CacheRefreshExecutor-%d] DEBUG o.s.web.client.RestTemplate - Response 200 OK
2025-09-25 14:36:31 [DiscoveryClient-CacheRefreshExecutor-%d] DEBUG o.s.web.client.RestTemplate - Reading to [org.springframework.cloud.netflix.eureka.http.EurekaApplications]
2025-09-25 14:36:57 [AsyncResolver-bootstrap-executor-%d] INFO  c.n.d.s.r.aws.ConfigClusterResolver - Resolving eureka endpoints via configuration
2025-09-25 14:37:00 [SpringApplicationShutdownHook] INFO  o.s.c.n.e.s.EurekaServiceRegistry - Unregistering application ROOM-SERVICE with eureka with status DOWN
2025-09-25 14:37:00 [SpringApplicationShutdownHook] INFO  c.netflix.discovery.DiscoveryClient - Saw local status change event StatusChangeEvent [timestamp=1758791220533, current=DOWN, previous=UP]
2025-09-25 14:37:00 [DiscoveryClient-InstanceInfoReplicator-%d] INFO  c.netflix.discovery.DiscoveryClient - DiscoveryClient_ROOM-SERVICE/GT0126:room-service:9003: registering service...
2025-09-25 14:37:00 [DiscoveryClient-InstanceInfoReplicator-%d] DEBUG o.s.web.client.RestTemplate - HTTP POST http://localhost:8761/eureka/apps/ROOM-SERVICE
2025-09-25 14:37:00 [DiscoveryClient-InstanceInfoReplicator-%d] DEBUG o.s.web.client.RestTemplate - Accept=[application/json, application/*+json]
2025-09-25 14:37:00 [DiscoveryClient-InstanceInfoReplicator-%d] DEBUG o.s.web.client.RestTemplate - Writing [InstanceInfo [instanceId = GT0126:room-service:9003, appName = ROOM-SERVICE, hostName = GT0126, status = DOWN, ipAddr = 172.16.2.155, port = 9003, securePort = 443, dataCenterInfo = com.netflix.appinfo.MyDataCenterInfo@4abfdad1] as "application/json"
2025-09-25 14:37:00 [DiscoveryClient-InstanceInfoReplicator-%d] DEBUG o.s.web.client.RestTemplate - Response 204 NO_CONTENT
2025-09-25 14:37:00 [DiscoveryClient-InstanceInfoReplicator-%d] INFO  c.netflix.discovery.DiscoveryClient - DiscoveryClient_ROOM-SERVICE/GT0126:room-service:9003 - registration status: 204
2025-09-25 14:37:00 [SpringApplicationShutdownHook] INFO  o.s.b.w.e.tomcat.GracefulShutdown - Commencing graceful shutdown. Waiting for active requests to complete
2025-09-25 14:37:00 [tomcat-shutdown] INFO  o.s.b.w.e.tomcat.GracefulShutdown - Graceful shutdown complete
2025-09-25 14:37:01 [SpringApplicationShutdownHook] INFO  o.s.o.j.LocalContainerEntityManagerFactoryBean - Closing JPA EntityManagerFactory for persistence unit 'default'
2025-09-25 14:37:01 [SpringApplicationShutdownHook] INFO  com.zaxxer.hikari.HikariDataSource - HikariPool-1 - Shutdown initiated...
2025-09-25 14:37:01 [SpringApplicationShutdownHook] INFO  com.zaxxer.hikari.HikariDataSource - HikariPool-1 - Shutdown completed.
2025-09-25 14:37:01 [SpringApplicationShutdownHook] INFO  c.netflix.discovery.DiscoveryClient - Shutting down DiscoveryClient ...
2025-09-25 14:37:01 [DiscoveryClient-HeartbeatExecutor-%d] DEBUG o.s.web.client.RestTemplate - HTTP PUT http://localhost:8761/eureka/apps/ROOM-SERVICE/GT0126:room-service:9003?status=DOWN&lastDirtyTimestamp=1758791220533
2025-09-25 14:37:01 [DiscoveryClient-HeartbeatExecutor-%d] DEBUG o.s.web.client.RestTemplate - Accept=[application/json, application/*+json]
2025-09-25 14:37:01 [DiscoveryClient-HeartbeatExecutor-%d] DEBUG o.s.web.client.RestTemplate - Response 200 OK
2025-09-25 14:37:01 [DiscoveryClient-CacheRefreshExecutor-%d] DEBUG o.s.web.client.RestTemplate - HTTP GET http://localhost:8761/eureka/apps/delta
2025-09-25 14:37:01 [DiscoveryClient-CacheRefreshExecutor-%d] DEBUG o.s.web.client.RestTemplate - Accept=[application/json, application/*+json]
2025-09-25 14:37:01 [DiscoveryClient-CacheRefreshExecutor-%d] DEBUG o.s.web.client.RestTemplate - Response 200 OK
2025-09-25 14:37:01 [DiscoveryClient-CacheRefreshExecutor-%d] DEBUG o.s.web.client.RestTemplate - Reading to [org.springframework.cloud.netflix.eureka.http.EurekaApplications]
2025-09-25 14:37:04 [SpringApplicationShutdownHook] INFO  c.netflix.discovery.DiscoveryClient - Unregistering ...
2025-09-25 14:37:04 [DiscoveryClient-%d] WARN  c.n.discovery.TimedSupervisorTask - task supervisor shutting down, can't accept the task
2025-09-25 14:37:04 [SpringApplicationShutdownHook] DEBUG o.s.web.client.RestTemplate - HTTP DELETE http://localhost:8761/eureka/apps/ROOM-SERVICE/GT0126:room-service:9003
2025-09-25 14:37:04 [SpringApplicationShutdownHook] DEBUG o.s.web.client.RestTemplate - Accept=[application/json, application/*+json]
2025-09-25 14:37:04 [SpringApplicationShutdownHook] DEBUG o.s.web.client.RestTemplate - Response 200 OK
2025-09-25 14:37:04 [SpringApplicationShutdownHook] INFO  c.netflix.discovery.DiscoveryClient - DiscoveryClient_ROOM-SERVICE/GT0126:room-service:9003 - deregister  status: 200
2025-09-25 14:37:04 [SpringApplicationShutdownHook] INFO  c.netflix.discovery.DiscoveryClient - Completed shut down of DiscoveryClient
2025-09-25 14:37:12 [main] INFO  c.h.r.RoomServiceApplication - Starting RoomServiceApplication using Java 21.0.3 with PID 50244 (C:\Users\srinivasboya\Downloads\HOTEL-MANAGEMENT\room-service\target\classes started by srinivasboya in C:\Users\srinivasboya\Downloads\HOTEL-MANAGEMENT)
2025-09-25 14:37:12 [main] DEBUG c.h.r.RoomServiceApplication - Running with Spring Boot v3.5.3, Spring v6.2.8
2025-09-25 14:37:12 [main] INFO  c.h.r.RoomServiceApplication - The following 1 profile is active: "local"
2025-09-25 14:37:12 [main] INFO  o.s.c.c.c.ConfigServerConfigDataLoader - Fetching config from server at : http://localhost:8888
2025-09-25 14:37:12 [main] INFO  o.s.c.c.c.ConfigServerConfigDataLoader - Located environment: name=room-service, profiles=[default], label=null, version=null, state=null
2025-09-25 14:37:12 [main] INFO  o.s.c.c.c.ConfigServerConfigDataLoader - Fetching config from server at : http://localhost:8888
2025-09-25 14:37:12 [main] INFO  o.s.c.c.c.ConfigServerConfigDataLoader - Located environment: name=room-service, profiles=[local], label=null, version=null, state=null
2025-09-25 14:37:15 [main] INFO  o.s.d.r.c.RepositoryConfigurationDelegate - Bootstrapping Spring Data JPA repositories in DEFAULT mode.
2025-09-25 14:37:15 [main] INFO  o.s.d.r.c.RepositoryConfigurationDelegate - Finished Spring Data repository scanning in 399 ms. Found 1 JPA repository interface.
2025-09-25 14:37:16 [main] INFO  o.s.cloud.context.scope.GenericScope - BeanFactory id=7ca19b80-f771-3a34-b12e-f9a3ca41adb7
2025-09-25 14:37:17 [main] INFO  o.s.b.w.e.tomcat.TomcatWebServer - Tomcat initialized with port 9003 (http)
2025-09-25 14:37:17 [main] INFO  o.a.catalina.core.StandardService - Starting service [Tomcat]
2025-09-25 14:37:17 [main] INFO  o.a.catalina.core.StandardEngine - Starting Servlet engine: [Apache Tomcat/10.1.42]
2025-09-25 14:37:17 [main] INFO  o.a.c.c.C.[Tomcat].[localhost].[/] - Initializing Spring embedded WebApplicationContext
2025-09-25 14:37:17 [main] INFO  o.s.b.w.s.c.ServletWebServerApplicationContext - Root WebApplicationContext: initialization completed in 4901 ms
2025-09-25 14:37:18 [main] DEBUG o.s.w.f.ServerHttpObservationFilter - Filter 'webMvcObservationFilter' configured for use
2025-09-25 14:37:18 [main] DEBUG o.s.o.j.LocalContainerEntityManagerFactoryBean - Building JPA container EntityManagerFactory for persistence unit 'default'
2025-09-25 14:37:18 [main] INFO  o.h.jpa.internal.util.LogHelper - HHH000204: Processing PersistenceUnitInfo [name: default]
2025-09-25 14:37:18 [main] INFO  org.hibernate.Version - HHH000412: Hibernate ORM core version 6.6.18.Final
2025-09-25 14:37:18 [main] INFO  o.h.c.i.RegionFactoryInitiator - HHH000026: Second-level cache disabled
2025-09-25 14:37:19 [main] INFO  o.s.o.j.p.SpringPersistenceUnitInfo - No LoadTimeWeaver setup: ignoring JPA class transformer
2025-09-25 14:37:19 [main] INFO  com.zaxxer.hikari.HikariDataSource - HikariPool-1 - Starting...
2025-09-25 14:37:20 [main] INFO  com.zaxxer.hikari.pool.HikariPool - HikariPool-1 - Added connection org.postgresql.jdbc.PgConnection@7c8a91e2
2025-09-25 14:37:20 [main] INFO  com.zaxxer.hikari.HikariDataSource - HikariPool-1 - Start completed.
2025-09-25 14:37:20 [main] WARN  org.hibernate.orm.deprecation - HHH90000025: PostgreSQLDialect does not need to be specified explicitly using 'hibernate.dialect' (remove the property setting and it will be selected by default)
2025-09-25 14:37:20 [main] INFO  o.hibernate.orm.connections.pooling - HHH10001005: Database info:
	Database JDBC URL [Connecting through datasource 'HikariDataSource (HikariPool-1)']
	Database driver: undefined/unknown
	Database version: 16.2
	Autocommit mode: undefined/unknown
	Isolation level: undefined/unknown
	Minimum pool size: undefined/unknown
	Maximum pool size: undefined/unknown
2025-09-25 14:37:22 [main] INFO  o.h.e.t.j.p.i.JtaPlatformInitiator - HHH000489: No JTA platform available (set 'hibernate.transaction.jta.platform' to enable JTA platform integration)
2025-09-25 14:37:22 [main] INFO  o.hibernate.orm.connections.access - HHH10001501: Connection obtained from JdbcConnectionAccess [org.hibernate.engine.jdbc.env.internal.JdbcEnvironmentInitiator$ConnectionProviderJdbcConnectionAccess@413a2520] for (non-JTA) DDL execution was not in auto-commit mode; the Connection 'local transaction' will be committed and the Connection will be set into auto-commit mode.
2025-09-25 14:37:22 [main] INFO  o.s.o.j.LocalContainerEntityManagerFactoryBean - Initialized JPA EntityManagerFactory for persistence unit 'default'
2025-09-25 14:37:22 [main] DEBUG o.s.d.j.r.c.JpaMetamodelMappingContextFactoryBean - Initializing JpaMetamodelMappingContext…
2025-09-25 14:37:22 [main] DEBUG o.s.d.j.r.c.JpaMetamodelMappingContextFactoryBean - Finished initializing JpaMetamodelMappingContext
2025-09-25 14:37:22 [main] DEBUG o.s.d.j.repository.query.NamedQuery - Looking up named query 'Room.findByHotelIdAndMaxOccupancy'
2025-09-25 14:37:22 [main] DEBUG o.s.d.j.repository.query.NamedQuery - Did not find named query Room.findByHotelIdAndMaxOccupancy
2025-09-25 14:37:23 [main] DEBUG o.s.d.j.repository.query.NamedQuery - Looking up named query 'Room.existsByRoomNumberAndHotelId'
2025-09-25 14:37:23 [main] DEBUG o.s.d.j.repository.query.NamedQuery - Did not find named query Room.existsByRoomNumberAndHotelId
2025-09-25 14:37:23 [main] DEBUG o.s.d.j.repository.query.NamedQuery - Did not find named query Room.findAvailableRoomsByHotelId.count
2025-09-25 14:37:23 [main] INFO  o.s.d.j.r.query.QueryEnhancerFactory - Hibernate is in classpath; If applicable, HQL parser will be used.
2025-09-25 14:37:24 [main] DEBUG o.s.d.j.repository.query.NamedQuery - Looking up named query 'Room.findByHotelIdAndIsAccessibleTrue'
2025-09-25 14:37:24 [main] DEBUG o.s.d.j.repository.query.NamedQuery - Did not find named query Room.findByHotelIdAndIsAccessibleTrue
2025-09-25 14:37:24 [main] DEBUG o.s.d.j.repository.query.NamedQuery - Looking up named query 'Room.findByHotelIdAndHasSeaViewTrue'
2025-09-25 14:37:24 [main] DEBUG o.s.d.j.repository.query.NamedQuery - Did not find named query Room.findByHotelIdAndHasSeaViewTrue
2025-09-25 14:37:24 [main] DEBUG o.s.d.j.repository.query.NamedQuery - Looking up named query 'Room.findByHotelIdAndHasBalconyTrue'
2025-09-25 14:37:24 [main] DEBUG o.s.d.j.repository.query.NamedQuery - Did not find named query Room.findByHotelIdAndHasBalconyTrue
2025-09-25 14:37:24 [main] DEBUG o.s.d.j.repository.query.NamedQuery - Did not find named query Room.countAvailableRoomsByHotelId.count
2025-09-25 14:37:24 [main] DEBUG o.s.d.j.repository.query.NamedQuery - Looking up named query 'Room.countByHotelIdAndStatus'
2025-09-25 14:37:24 [main] DEBUG o.s.d.j.repository.query.NamedQuery - Did not find named query Room.countByHotelIdAndStatus
2025-09-25 14:37:24 [main] DEBUG o.s.d.j.repository.query.NamedQuery - Did not find named query Room.findByAmenitiesContaining.count
2025-09-25 14:37:24 [main] DEBUG o.s.d.j.repository.query.NamedQuery - Looking up named query 'Room.findByHasBalconyTrue'
2025-09-25 14:37:24 [main] DEBUG o.s.d.j.repository.query.NamedQuery - Did not find named query Room.findByHasBalconyTrue
2025-09-25 14:37:24 [main] DEBUG o.s.d.j.repository.query.NamedQuery - Looking up named query 'Room.findByHotelIdAndStatus'
2025-09-25 14:37:24 [main] DEBUG o.s.d.j.repository.query.NamedQuery - Did not find named query Room.findByHotelIdAndStatus
2025-09-25 14:37:24 [main] DEBUG o.s.d.j.repository.query.NamedQuery - Looking up named query 'Room.findByHasSeaViewTrue'
2025-09-25 14:37:24 [main] DEBUG o.s.d.j.repository.query.NamedQuery - Did not find named query Room.findByHasSeaViewTrue
2025-09-25 14:37:24 [main] DEBUG o.s.d.j.repository.query.NamedQuery - Looking up named query 'Room.findByIsAccessibleTrue'
2025-09-25 14:37:24 [main] DEBUG o.s.d.j.repository.query.NamedQuery - Did not find named query Room.findByIsAccessibleTrue
2025-09-25 14:37:24 [main] DEBUG o.s.d.j.repository.query.NamedQuery - Looking up named query 'Room.findByHotelIdAndRoomType'
2025-09-25 14:37:24 [main] DEBUG o.s.d.j.repository.query.NamedQuery - Did not find named query Room.findByHotelIdAndRoomType
2025-09-25 14:37:24 [main] DEBUG o.s.d.j.repository.query.NamedQuery - Looking up named query 'Room.findByRoomNumberAndHotelId'
2025-09-25 14:37:24 [main] DEBUG o.s.d.j.repository.query.NamedQuery - Did not find named query Room.findByRoomNumberAndHotelId
2025-09-25 14:37:24 [main] DEBUG o.s.d.j.repository.query.NamedQuery - Looking up named query 'Room.findByRoomNumberContaining'
2025-09-25 14:37:24 [main] DEBUG o.s.d.j.repository.query.NamedQuery - Did not find named query Room.findByRoomNumberContaining
2025-09-25 14:37:24 [main] DEBUG o.s.d.j.repository.query.NamedQuery - Looking up named query 'Room.findByPricePerNightBetween'
2025-09-25 14:37:24 [main] DEBUG o.s.d.j.repository.query.NamedQuery - Did not find named query Room.findByPricePerNightBetween
2025-09-25 14:37:24 [main] DEBUG o.s.d.j.repository.query.NamedQuery - Looking up named query 'Room.findByIsSmokingAllowedTrue'
2025-09-25 14:37:24 [main] DEBUG o.s.d.j.repository.query.NamedQuery - Did not find named query Room.findByIsSmokingAllowedTrue
2025-09-25 14:37:24 [main] DEBUG o.s.d.j.repository.query.NamedQuery - Looking up named query 'Room.findByHotelIdAndFloor'
2025-09-25 14:37:24 [main] DEBUG o.s.d.j.repository.query.NamedQuery - Did not find named query Room.findByHotelIdAndFloor
2025-09-25 14:37:24 [main] DEBUG o.s.d.j.repository.query.NamedQuery - Looking up named query 'Room.findByHotelIdOrderByRoomNumber'
2025-09-25 14:37:24 [main] DEBUG o.s.d.j.repository.query.NamedQuery - Did not find named query Room.findByHotelIdOrderByRoomNumber
2025-09-25 14:37:24 [main] DEBUG o.s.d.j.repository.query.NamedQuery - Looking up named query 'Room.findByHotelIdOrderByPricePerNight'
2025-09-25 14:37:24 [main] DEBUG o.s.d.j.repository.query.NamedQuery - Did not find named query Room.findByHotelIdOrderByPricePerNight
2025-09-25 14:37:24 [main] DEBUG o.s.d.j.repository.query.NamedQuery - Looking up named query 'Room.findByHotelId'
2025-09-25 14:37:24 [main] DEBUG o.s.d.j.repository.query.NamedQuery - Did not find named query Room.findByHotelId
2025-09-25 14:37:24 [main] DEBUG o.s.d.j.repository.query.NamedQuery - Looking up named query 'Room.findByRoomType'
2025-09-25 14:37:24 [main] DEBUG o.s.d.j.repository.query.NamedQuery - Did not find named query Room.findByRoomType
2025-09-25 14:37:24 [main] DEBUG o.s.d.j.repository.query.NamedQuery - Looking up named query 'Room.countByStatus'
2025-09-25 14:37:24 [main] DEBUG o.s.d.j.repository.query.NamedQuery - Did not find named query Room.countByStatus
2025-09-25 14:37:24 [main] DEBUG o.s.d.j.repository.query.NamedQuery - Looking up named query 'Room.countByHotelId'
2025-09-25 14:37:24 [main] DEBUG o.s.d.j.repository.query.NamedQuery - Did not find named query Room.countByHotelId
2025-09-25 14:37:24 [main] DEBUG o.s.d.j.repository.query.NamedQuery - Looking up named query 'Room.findByStatus'
2025-09-25 14:37:24 [main] DEBUG o.s.d.j.repository.query.NamedQuery - Did not find named query Room.findByStatus
2025-09-25 14:37:24 [main] DEBUG o.s.d.j.repository.query.NamedQuery - Looking up named query 'Room.findByMaxOccupancy'
2025-09-25 14:37:24 [main] DEBUG o.s.d.j.repository.query.NamedQuery - Did not find named query Room.findByMaxOccupancy
2025-09-25 14:37:24 [main] DEBUG o.s.d.j.repository.query.NamedQuery - Did not find named query Room.findAvailableRoomsByHotelIdAndRoomType.count
2025-09-25 14:37:24 [main] DEBUG o.s.d.j.repository.query.NamedQuery - Did not find named query Room.findAvailableRoomsByHotelIdAndMinOccupancy.count
2025-09-25 14:37:24 [main] DEBUG o.s.d.j.repository.query.NamedQuery - Looking up named query 'Room.findByHotelIdAndPricePerNightBetween'
2025-09-25 14:37:24 [main] DEBUG o.s.d.j.repository.query.NamedQuery - Did not find named query Room.findByHotelIdAndPricePerNightBetween
2025-09-25 14:37:24 [main] DEBUG o.s.d.j.repository.query.NamedQuery - Did not find named query Room.findByHotelIdAndAmenitiesContaining.count
2025-09-25 14:37:24 [main] DEBUG o.s.d.j.repository.query.NamedQuery - Looking up named query 'Room.findByFloor'
2025-09-25 14:37:24 [main] DEBUG o.s.d.j.repository.query.NamedQuery - Did not find named query Room.findByFloor
2025-09-25 14:37:24 [main] DEBUG o.s.d.j.repository.query.NamedQuery - Looking up named query 'Room.findByHotelIdAndStatusOrderByPricePerNight'
2025-09-25 14:37:24 [main] DEBUG o.s.d.j.repository.query.NamedQuery - Did not find named query Room.findByHotelIdAndStatusOrderByPricePerNight
2025-09-25 14:37:24 [main] DEBUG o.s.d.j.repository.query.NamedQuery - Looking up named query 'Room.findByHotelIdAndStatusOrderByRoomNumber'
2025-09-25 14:37:24 [main] DEBUG o.s.d.j.repository.query.NamedQuery - Did not find named query Room.findByHotelIdAndStatusOrderByRoomNumber
2025-09-25 14:37:24 [main] WARN  o.s.b.a.o.j.JpaBaseConfiguration$JpaWebConfiguration - spring.jpa.open-in-view is enabled by default. Therefore, database queries may be performed during view rendering. Explicitly configure spring.jpa.open-in-view to disable this warning
2025-09-25 14:37:24 [main] INFO  o.s.c.o.FeignClientFactoryBean - For 'notification-service' URL not provided. Will try picking an instance via load-balancing.
2025-09-25 14:37:25 [main] DEBUG o.s.w.s.m.m.a.RequestMappingHandlerMapping - 39 mappings in 'requestMappingHandlerMapping'
2025-09-25 14:37:25 [main] DEBUG o.s.w.s.h.SimpleUrlHandlerMapping - Patterns [/webjars/**, /**] in 'resourceHandlerMapping'
2025-09-25 14:37:25 [main] DEBUG o.s.w.s.m.m.a.RequestMappingHandlerAdapter - ControllerAdvice beans: 0 @ModelAttribute, 0 @InitBinder, 1 RequestBodyAdvice, 1 ResponseBodyAdvice
2025-09-25 14:37:25 [main] DEBUG o.s.w.s.m.m.a.ExceptionHandlerExceptionResolver - ControllerAdvice beans: 1 @ExceptionHandler, 1 ResponseBodyAdvice
2025-09-25 14:37:26 [main] INFO  o.s.c.n.e.c.DiscoveryClientOptionalArgsConfiguration - Eureka HTTP Client uses RestTemplate.
2025-09-25 14:37:26 [main] WARN  o.s.c.l.c.LoadBalancerCacheAutoConfiguration$LoadBalancerCaffeineWarnLogger - Spring Cloud LoadBalancer is currently working with the default cache. While this cache implementation is useful for development and tests, it's recommended to use Caffeine cache in production.You can switch to using Caffeine cache, by adding it and org.springframework.cache.caffeine.CaffeineCacheManager to the classpath.
2025-09-25 14:37:26 [main] INFO  o.s.b.a.e.web.EndpointLinksResolver - Exposing 17 endpoints beneath base path '/actuator'
2025-09-25 14:37:26 [main] INFO  o.s.c.n.eureka.InstanceInfoFactory - Setting initial instance status as: STARTING
2025-09-25 14:37:26 [main] INFO  c.netflix.discovery.DiscoveryClient - Initializing Eureka in region us-east-1
2025-09-25 14:37:26 [main] INFO  c.n.d.s.r.aws.ConfigClusterResolver - Resolving eureka endpoints via configuration
2025-09-25 14:37:26 [main] INFO  c.netflix.discovery.DiscoveryClient - Disable delta property : false
2025-09-25 14:37:26 [main] INFO  c.netflix.discovery.DiscoveryClient - Single vip registry refresh property : null
2025-09-25 14:37:26 [main] INFO  c.netflix.discovery.DiscoveryClient - Force full registry fetch : false
2025-09-25 14:37:26 [main] INFO  c.netflix.discovery.DiscoveryClient - Application is null : false
2025-09-25 14:37:26 [main] INFO  c.netflix.discovery.DiscoveryClient - Registered Applications size is zero : true
2025-09-25 14:37:26 [main] INFO  c.netflix.discovery.DiscoveryClient - Application version is -1: true
2025-09-25 14:37:26 [main] INFO  c.netflix.discovery.DiscoveryClient - Getting all instance registry info from the eureka server
2025-09-25 14:37:26 [main] DEBUG o.s.web.client.RestTemplate - HTTP GET http://localhost:8761/eureka/apps/
2025-09-25 14:37:27 [main] DEBUG o.s.web.client.RestTemplate - Accept=[application/json, application/*+json]
2025-09-25 14:37:27 [main] DEBUG o.s.web.client.RestTemplate - Response 200 OK
2025-09-25 14:37:27 [main] DEBUG o.s.web.client.RestTemplate - Reading to [org.springframework.cloud.netflix.eureka.http.EurekaApplications]
2025-09-25 14:37:27 [main] INFO  c.netflix.discovery.DiscoveryClient - The response status is 200
2025-09-25 14:37:27 [main] INFO  c.netflix.discovery.DiscoveryClient - Starting heartbeat executor: renew interval is: 30
2025-09-25 14:37:27 [main] INFO  c.n.discovery.InstanceInfoReplicator - InstanceInfoReplicator onDemand update allowed rate per min is 4
2025-09-25 14:37:27 [main] INFO  c.netflix.discovery.DiscoveryClient - Discovery Client initialized at timestamp 1758791247161 with initial instances count: 3
2025-09-25 14:37:27 [main] INFO  o.s.c.n.e.s.EurekaServiceRegistry - Registering application ROOM-SERVICE with eureka with status UP
2025-09-25 14:37:27 [main] INFO  c.netflix.discovery.DiscoveryClient - Saw local status change event StatusChangeEvent [timestamp=1758791247169, current=UP, previous=STARTING]
2025-09-25 14:37:27 [DiscoveryClient-InstanceInfoReplicator-%d] INFO  c.netflix.discovery.DiscoveryClient - DiscoveryClient_ROOM-SERVICE/GT0126:room-service:9003: registering service...
2025-09-25 14:37:27 [DiscoveryClient-InstanceInfoReplicator-%d] DEBUG o.s.web.client.RestTemplate - HTTP POST http://localhost:8761/eureka/apps/ROOM-SERVICE
2025-09-25 14:37:27 [DiscoveryClient-InstanceInfoReplicator-%d] DEBUG o.s.web.client.RestTemplate - Accept=[application/json, application/*+json]
2025-09-25 14:37:27 [DiscoveryClient-InstanceInfoReplicator-%d] DEBUG o.s.web.client.RestTemplate - Writing [InstanceInfo [instanceId = GT0126:room-service:9003, appName = ROOM-SERVICE, hostName = GT0126, status = UP, ipAddr = 172.16.2.155, port = 9003, securePort = 443, dataCenterInfo = com.netflix.appinfo.MyDataCenterInfo@123a0b95] as "application/json"
2025-09-25 14:37:27 [main] INFO  o.s.b.w.e.tomcat.TomcatWebServer - Tomcat started on port 9003 (http) with context path '/'
2025-09-25 14:37:27 [main] INFO  o.s.c.n.e.s.EurekaAutoServiceRegistration - Updating port to 9003
2025-09-25 14:37:27 [DiscoveryClient-InstanceInfoReplicator-%d] DEBUG o.s.web.client.RestTemplate - Response 204 NO_CONTENT
2025-09-25 14:37:27 [DiscoveryClient-InstanceInfoReplicator-%d] INFO  c.netflix.discovery.DiscoveryClient - DiscoveryClient_ROOM-SERVICE/GT0126:room-service:9003 - registration status: 204
2025-09-25 14:37:27 [main] INFO  c.h.r.RoomServiceApplication - Started RoomServiceApplication in 16.883 seconds (process running for 18.562)
2025-09-25 14:37:57 [DiscoveryClient-CacheRefreshExecutor-%d] DEBUG o.s.web.client.RestTemplate - HTTP GET http://localhost:8761/eureka/apps/delta
2025-09-25 14:37:57 [DiscoveryClient-CacheRefreshExecutor-%d] DEBUG o.s.web.client.RestTemplate - Accept=[application/json, application/*+json]
2025-09-25 14:37:57 [DiscoveryClient-HeartbeatExecutor-%d] DEBUG o.s.web.client.RestTemplate - HTTP PUT http://localhost:8761/eureka/apps/ROOM-SERVICE/GT0126:room-service:9003?status=UP&lastDirtyTimestamp=1758791247168
2025-09-25 14:37:57 [DiscoveryClient-CacheRefreshExecutor-%d] DEBUG o.s.web.client.RestTemplate - Response 200 OK
2025-09-25 14:37:57 [DiscoveryClient-CacheRefreshExecutor-%d] DEBUG o.s.web.client.RestTemplate - Reading to [org.springframework.cloud.netflix.eureka.http.EurekaApplications]
2025-09-25 14:37:57 [DiscoveryClient-HeartbeatExecutor-%d] DEBUG o.s.web.client.RestTemplate - Accept=[application/json, application/*+json]
2025-09-25 14:37:57 [DiscoveryClient-HeartbeatExecutor-%d] DEBUG o.s.web.client.RestTemplate - Response 200 OK
2025-09-25 14:38:27 [DiscoveryClient-HeartbeatExecutor-%d] DEBUG o.s.web.client.RestTemplate - HTTP PUT http://localhost:8761/eureka/apps/ROOM-SERVICE/GT0126:room-service:9003?status=UP&lastDirtyTimestamp=1758791247168
2025-09-25 14:38:27 [DiscoveryClient-CacheRefreshExecutor-%d] DEBUG o.s.web.client.RestTemplate - HTTP GET http://localhost:8761/eureka/apps/delta
2025-09-25 14:38:27 [DiscoveryClient-CacheRefreshExecutor-%d] DEBUG o.s.web.client.RestTemplate - Accept=[application/json, application/*+json]
2025-09-25 14:38:27 [DiscoveryClient-HeartbeatExecutor-%d] DEBUG o.s.web.client.RestTemplate - Accept=[application/json, application/*+json]
2025-09-25 14:38:27 [DiscoveryClient-CacheRefreshExecutor-%d] DEBUG o.s.web.client.RestTemplate - Response 200 OK
2025-09-25 14:38:27 [DiscoveryClient-HeartbeatExecutor-%d] DEBUG o.s.web.client.RestTemplate - Response 200 OK
2025-09-25 14:38:27 [DiscoveryClient-CacheRefreshExecutor-%d] DEBUG o.s.web.client.RestTemplate - Reading to [org.springframework.cloud.netflix.eureka.http.EurekaApplications]
2025-09-25 14:38:38 [http-nio-9003-exec-1] INFO  o.a.c.c.C.[Tomcat].[localhost].[/] - Initializing Spring DispatcherServlet 'dispatcherServlet'
2025-09-25 14:38:38 [http-nio-9003-exec-1] INFO  o.s.web.servlet.DispatcherServlet - Initializing Servlet 'dispatcherServlet'
2025-09-25 14:38:38 [http-nio-9003-exec-1] DEBUG o.s.web.servlet.DispatcherServlet - Detected StandardServletMultipartResolver
2025-09-25 14:38:38 [http-nio-9003-exec-1] DEBUG o.s.web.servlet.DispatcherServlet - Detected AcceptHeaderLocaleResolver
2025-09-25 14:38:38 [http-nio-9003-exec-1] DEBUG o.s.web.servlet.DispatcherServlet - Detected FixedThemeResolver
2025-09-25 14:38:38 [http-nio-9003-exec-1] DEBUG o.s.web.servlet.DispatcherServlet - Detected org.springframework.web.servlet.view.DefaultRequestToViewNameTranslator@43874120
2025-09-25 14:38:38 [http-nio-9003-exec-1] DEBUG o.s.web.servlet.DispatcherServlet - Detected org.springframework.web.servlet.support.SessionFlashMapManager@575b9b92
2025-09-25 14:38:38 [http-nio-9003-exec-1] DEBUG o.s.web.servlet.DispatcherServlet - enableLoggingRequestDetails='false': request parameters and headers will be masked to prevent unsafe logging of potentially sensitive data
2025-09-25 14:38:38 [http-nio-9003-exec-1] INFO  o.s.web.servlet.DispatcherServlet - Completed initialization in 5 ms
2025-09-25 14:38:38 [http-nio-9003-exec-1] DEBUG o.s.web.servlet.DispatcherServlet - POST "/api/v2/room/create", parameters={}
2025-09-25 14:38:38 [http-nio-9003-exec-1] DEBUG o.s.w.s.m.m.a.RequestMappingHandlerMapping - Mapped to com.hotel.room_service.controller.RoomController#createRoom(RoomRequestDto)
2025-09-25 14:38:38 [http-nio-9003-exec-1] DEBUG o.s.o.j.s.OpenEntityManagerInViewInterceptor - Opening JPA EntityManager in OpenEntityManagerInViewInterceptor
2025-09-25 14:38:38 [http-nio-9003-exec-1] DEBUG o.s.w.s.m.m.a.RequestResponseBodyMethodProcessor - Read "application/json;charset=UTF-8" to [RoomRequestDto(roomNumber=111, hotelId=1, roomType=DOUBLE, floor=1, maxOccupancy=2, bedType=King Siz (truncated)...]
2025-09-25 14:38:38 [http-nio-9003-exec-1] DEBUG o.s.orm.jpa.JpaTransactionManager - Found thread-bound EntityManager [SessionImpl(1284727360<open>)] for JPA transaction
2025-09-25 14:38:38 [http-nio-9003-exec-1] DEBUG o.s.orm.jpa.JpaTransactionManager - Creating new transaction with name [com.hotel.room_service.serviceImpl.RoomServiceImpl.createRoom]: PROPAGATION_REQUIRED,ISOLATION_DEFAULT
2025-09-25 14:38:38 [http-nio-9003-exec-1] DEBUG o.s.orm.jpa.JpaTransactionManager - Exposing JPA transaction as JDBC [org.springframework.orm.jpa.vendor.HibernateJpaDialect$HibernateConnectionHandle@3b2251bb]
2025-09-25 14:38:38 [http-nio-9003-exec-1] INFO  c.h.r.serviceImpl.RoomServiceImpl - Creating new room: 111 for hotel: 1
2025-09-25 14:38:38 [http-nio-9003-exec-1] DEBUG org.hibernate.SQL - 
    /* <criteria> */ select
        r1_0.id 
    from
        rooms r1_0 
    where
        r1_0.room_number=? 
        and r1_0.hotel_id=? 
    fetch
        first ? rows only
2025-09-25 14:38:38 [http-nio-9003-exec-1] DEBUG o.s.orm.jpa.JpaTransactionManager - Found thread-bound EntityManager [SessionImpl(1284727360<open>)] for JPA transaction
2025-09-25 14:38:38 [http-nio-9003-exec-1] DEBUG o.s.orm.jpa.JpaTransactionManager - Participating in existing transaction
2025-09-25 14:38:38 [http-nio-9003-exec-1] DEBUG org.hibernate.SQL - 
    /* insert for
        com.hotel.room_service.model.Room */insert 
    into
        rooms (amenities, bed_type, created_at, description, floor, has_balcony, has_city_view, has_sea_view, hotel_id, is_accessible, is_smoking_allowed, max_occupancy, price_per_night, room_number, room_size_sqft, room_type, status, updated_at) 
    values
        (?, ?, ?, ?, ?, ?, ?, ?, ?, ?, ?, ?, ?, ?, ?, ?, ?, ?)
2025-09-25 14:38:38 [http-nio-9003-exec-1] INFO  c.h.r.serviceImpl.RoomServiceImpl - Room created successfully with ID: 12
2025-09-25 14:38:39 [http-nio-9003-exec-1] INFO  c.h.r.serviceImpl.RoomServiceImpl - Room creation notification sent successfully
2025-09-25 14:38:39 [http-nio-9003-exec-1] DEBUG o.s.orm.jpa.JpaTransactionManager - Initiating transaction commit
2025-09-25 14:38:39 [http-nio-9003-exec-1] DEBUG o.s.orm.jpa.JpaTransactionManager - Committing JPA transaction on EntityManager [SessionImpl(1284727360<open>)]
2025-09-25 14:38:39 [http-nio-9003-exec-1] DEBUG o.s.orm.jpa.JpaTransactionManager - Not closing pre-bound JPA EntityManager after transaction
2025-09-25 14:38:39 [http-nio-9003-exec-1] DEBUG o.s.w.s.m.m.a.HttpEntityMethodProcessor - Using 'application/json', given [*/*] and supported [application/json]
2025-09-25 14:38:39 [http-nio-9003-exec-1] DEBUG o.s.w.s.m.m.a.HttpEntityMethodProcessor - Writing [RoomResponseDto(id=12, roomNumber=111, hotelId=1, roomType=DOUBLE, floor=1, maxOccupancy=2, bedType= (truncated)...]
2025-09-25 14:38:39 [http-nio-9003-exec-1] DEBUG o.s.o.j.s.OpenEntityManagerInViewInterceptor - Closing JPA EntityManager in OpenEntityManagerInViewInterceptor
2025-09-25 14:38:39 [http-nio-9003-exec-1] DEBUG o.s.web.servlet.DispatcherServlet - Completed 200 OK
2025-09-25 14:38:57 [DiscoveryClient-CacheRefreshExecutor-%d] DEBUG o.s.web.client.RestTemplate - HTTP GET http://localhost:8761/eureka/apps/delta
2025-09-25 14:38:57 [DiscoveryClient-HeartbeatExecutor-%d] DEBUG o.s.web.client.RestTemplate - HTTP PUT http://localhost:8761/eureka/apps/ROOM-SERVICE/GT0126:room-service:9003?status=UP&lastDirtyTimestamp=1758791247168
2025-09-25 14:38:57 [DiscoveryClient-CacheRefreshExecutor-%d] DEBUG o.s.web.client.RestTemplate - Accept=[application/json, application/*+json]
2025-09-25 14:38:57 [DiscoveryClient-HeartbeatExecutor-%d] DEBUG o.s.web.client.RestTemplate - Accept=[application/json, application/*+json]
2025-09-25 14:38:57 [DiscoveryClient-CacheRefreshExecutor-%d] DEBUG o.s.web.client.RestTemplate - Response 200 OK
2025-09-25 14:38:57 [DiscoveryClient-CacheRefreshExecutor-%d] DEBUG o.s.web.client.RestTemplate - Reading to [org.springframework.cloud.netflix.eureka.http.EurekaApplications]
2025-09-25 14:38:57 [DiscoveryClient-HeartbeatExecutor-%d] DEBUG o.s.web.client.RestTemplate - Response 200 OK
2025-09-25 14:39:27 [DiscoveryClient-CacheRefreshExecutor-%d] DEBUG o.s.web.client.RestTemplate - HTTP GET http://localhost:8761/eureka/apps/delta
2025-09-25 14:39:27 [DiscoveryClient-HeartbeatExecutor-%d] DEBUG o.s.web.client.RestTemplate - HTTP PUT http://localhost:8761/eureka/apps/ROOM-SERVICE/GT0126:room-service:9003?status=UP&lastDirtyTimestamp=1758791247168
2025-09-25 14:39:27 [DiscoveryClient-HeartbeatExecutor-%d] DEBUG o.s.web.client.RestTemplate - Accept=[application/json, application/*+json]
2025-09-25 14:39:27 [DiscoveryClient-CacheRefreshExecutor-%d] DEBUG o.s.web.client.RestTemplate - Accept=[application/json, application/*+json]
2025-09-25 14:39:27 [DiscoveryClient-CacheRefreshExecutor-%d] DEBUG o.s.web.client.RestTemplate - Response 200 OK
2025-09-25 14:39:27 [DiscoveryClient-CacheRefreshExecutor-%d] DEBUG o.s.web.client.RestTemplate - Reading to [org.springframework.cloud.netflix.eureka.http.EurekaApplications]
2025-09-25 14:39:27 [DiscoveryClient-HeartbeatExecutor-%d] DEBUG o.s.web.client.RestTemplate - Response 200 OK
2025-09-25 14:39:57 [DiscoveryClient-HeartbeatExecutor-%d] DEBUG o.s.web.client.RestTemplate - HTTP PUT http://localhost:8761/eureka/apps/ROOM-SERVICE/GT0126:room-service:9003?status=UP&lastDirtyTimestamp=1758791247168
2025-09-25 14:39:57 [DiscoveryClient-CacheRefreshExecutor-%d] DEBUG o.s.web.client.RestTemplate - HTTP GET http://localhost:8761/eureka/apps/delta
2025-09-25 14:39:57 [DiscoveryClient-HeartbeatExecutor-%d] DEBUG o.s.web.client.RestTemplate - Accept=[application/json, application/*+json]
2025-09-25 14:39:57 [DiscoveryClient-CacheRefreshExecutor-%d] DEBUG o.s.web.client.RestTemplate - Accept=[application/json, application/*+json]
2025-09-25 14:39:57 [DiscoveryClient-CacheRefreshExecutor-%d] DEBUG o.s.web.client.RestTemplate - Response 200 OK
2025-09-25 14:39:57 [DiscoveryClient-CacheRefreshExecutor-%d] DEBUG o.s.web.client.RestTemplate - Reading to [org.springframework.cloud.netflix.eureka.http.EurekaApplications]
2025-09-25 14:39:57 [DiscoveryClient-HeartbeatExecutor-%d] DEBUG o.s.web.client.RestTemplate - Response 200 OK
2025-09-25 14:40:27 [DiscoveryClient-CacheRefreshExecutor-%d] DEBUG o.s.web.client.RestTemplate - HTTP GET http://localhost:8761/eureka/apps/delta
2025-09-25 14:40:27 [DiscoveryClient-HeartbeatExecutor-%d] DEBUG o.s.web.client.RestTemplate - HTTP PUT http://localhost:8761/eureka/apps/ROOM-SERVICE/GT0126:room-service:9003?status=UP&lastDirtyTimestamp=1758791247168
2025-09-25 14:40:27 [DiscoveryClient-CacheRefreshExecutor-%d] DEBUG o.s.web.client.RestTemplate - Accept=[application/json, application/*+json]
2025-09-25 14:40:27 [DiscoveryClient-HeartbeatExecutor-%d] DEBUG o.s.web.client.RestTemplate - Accept=[application/json, application/*+json]
2025-09-25 14:40:27 [DiscoveryClient-CacheRefreshExecutor-%d] DEBUG o.s.web.client.RestTemplate - Response 200 OK
2025-09-25 14:40:27 [DiscoveryClient-HeartbeatExecutor-%d] DEBUG o.s.web.client.RestTemplate - Response 200 OK
2025-09-25 14:40:27 [DiscoveryClient-CacheRefreshExecutor-%d] DEBUG o.s.web.client.RestTemplate - Reading to [org.springframework.cloud.netflix.eureka.http.EurekaApplications]
2025-09-25 14:40:57 [DiscoveryClient-HeartbeatExecutor-%d] DEBUG o.s.web.client.RestTemplate - HTTP PUT http://localhost:8761/eureka/apps/ROOM-SERVICE/GT0126:room-service:9003?status=UP&lastDirtyTimestamp=1758791247168
2025-09-25 14:40:57 [DiscoveryClient-HeartbeatExecutor-%d] DEBUG o.s.web.client.RestTemplate - Accept=[application/json, application/*+json]
2025-09-25 14:40:57 [DiscoveryClient-CacheRefreshExecutor-%d] DEBUG o.s.web.client.RestTemplate - HTTP GET http://localhost:8761/eureka/apps/delta
2025-09-25 14:40:57 [DiscoveryClient-CacheRefreshExecutor-%d] DEBUG o.s.web.client.RestTemplate - Accept=[application/json, application/*+json]
2025-09-25 14:40:57 [DiscoveryClient-HeartbeatExecutor-%d] DEBUG o.s.web.client.RestTemplate - Response 200 OK
2025-09-25 14:40:57 [DiscoveryClient-CacheRefreshExecutor-%d] DEBUG o.s.web.client.RestTemplate - Response 200 OK
2025-09-25 14:40:57 [DiscoveryClient-CacheRefreshExecutor-%d] DEBUG o.s.web.client.RestTemplate - Reading to [org.springframework.cloud.netflix.eureka.http.EurekaApplications]
2025-09-25 14:41:27 [DiscoveryClient-HeartbeatExecutor-%d] DEBUG o.s.web.client.RestTemplate - HTTP PUT http://localhost:8761/eureka/apps/ROOM-SERVICE/GT0126:room-service:9003?status=UP&lastDirtyTimestamp=1758791247168
2025-09-25 14:41:27 [DiscoveryClient-HeartbeatExecutor-%d] DEBUG o.s.web.client.RestTemplate - Accept=[application/json, application/*+json]
2025-09-25 14:41:27 [DiscoveryClient-CacheRefreshExecutor-%d] DEBUG o.s.web.client.RestTemplate - HTTP GET http://localhost:8761/eureka/apps/delta
2025-09-25 14:41:27 [DiscoveryClient-CacheRefreshExecutor-%d] DEBUG o.s.web.client.RestTemplate - Accept=[application/json, application/*+json]
2025-09-25 14:41:27 [DiscoveryClient-HeartbeatExecutor-%d] DEBUG o.s.web.client.RestTemplate - Response 200 OK
2025-09-25 14:41:27 [DiscoveryClient-CacheRefreshExecutor-%d] DEBUG o.s.web.client.RestTemplate - Response 200 OK
2025-09-25 14:41:27 [DiscoveryClient-CacheRefreshExecutor-%d] DEBUG o.s.web.client.RestTemplate - Reading to [org.springframework.cloud.netflix.eureka.http.EurekaApplications]
2025-09-25 14:41:57 [DiscoveryClient-HeartbeatExecutor-%d] DEBUG o.s.web.client.RestTemplate - HTTP PUT http://localhost:8761/eureka/apps/ROOM-SERVICE/GT0126:room-service:9003?status=UP&lastDirtyTimestamp=1758791247168
2025-09-25 14:41:57 [DiscoveryClient-HeartbeatExecutor-%d] DEBUG o.s.web.client.RestTemplate - Accept=[application/json, application/*+json]
2025-09-25 14:41:57 [DiscoveryClient-CacheRefreshExecutor-%d] DEBUG o.s.web.client.RestTemplate - HTTP GET http://localhost:8761/eureka/apps/delta
2025-09-25 14:41:57 [DiscoveryClient-CacheRefreshExecutor-%d] DEBUG o.s.web.client.RestTemplate - Accept=[application/json, application/*+json]
2025-09-25 14:41:57 [DiscoveryClient-HeartbeatExecutor-%d] DEBUG o.s.web.client.RestTemplate - Response 200 OK
2025-09-25 14:41:57 [DiscoveryClient-CacheRefreshExecutor-%d] DEBUG o.s.web.client.RestTemplate - Response 200 OK
2025-09-25 14:41:57 [DiscoveryClient-CacheRefreshExecutor-%d] DEBUG o.s.web.client.RestTemplate - Reading to [org.springframework.cloud.netflix.eureka.http.EurekaApplications]
2025-09-25 14:42:26 [AsyncResolver-bootstrap-executor-%d] INFO  c.n.d.s.r.aws.ConfigClusterResolver - Resolving eureka endpoints via configuration
2025-09-25 14:42:27 [DiscoveryClient-HeartbeatExecutor-%d] DEBUG o.s.web.client.RestTemplate - HTTP PUT http://localhost:8761/eureka/apps/ROOM-SERVICE/GT0126:room-service:9003?status=UP&lastDirtyTimestamp=1758791247168
2025-09-25 14:42:27 [DiscoveryClient-HeartbeatExecutor-%d] DEBUG o.s.web.client.RestTemplate - Accept=[application/json, application/*+json]
2025-09-25 14:42:27 [DiscoveryClient-CacheRefreshExecutor-%d] DEBUG o.s.web.client.RestTemplate - HTTP GET http://localhost:8761/eureka/apps/delta
2025-09-25 14:42:27 [DiscoveryClient-CacheRefreshExecutor-%d] DEBUG o.s.web.client.RestTemplate - Accept=[application/json, application/*+json]
2025-09-25 14:42:27 [DiscoveryClient-HeartbeatExecutor-%d] DEBUG o.s.web.client.RestTemplate - Response 200 OK
2025-09-25 14:42:27 [DiscoveryClient-CacheRefreshExecutor-%d] DEBUG o.s.web.client.RestTemplate - Response 200 OK
2025-09-25 14:42:27 [DiscoveryClient-CacheRefreshExecutor-%d] DEBUG o.s.web.client.RestTemplate - Reading to [org.springframework.cloud.netflix.eureka.http.EurekaApplications]
2025-09-25 14:42:57 [DiscoveryClient-HeartbeatExecutor-%d] DEBUG o.s.web.client.RestTemplate - HTTP PUT http://localhost:8761/eureka/apps/ROOM-SERVICE/GT0126:room-service:9003?status=UP&lastDirtyTimestamp=1758791247168
2025-09-25 14:42:57 [DiscoveryClient-HeartbeatExecutor-%d] DEBUG o.s.web.client.RestTemplate - Accept=[application/json, application/*+json]
2025-09-25 14:42:57 [DiscoveryClient-CacheRefreshExecutor-%d] DEBUG o.s.web.client.RestTemplate - HTTP GET http://localhost:8761/eureka/apps/delta
2025-09-25 14:42:57 [DiscoveryClient-CacheRefreshExecutor-%d] DEBUG o.s.web.client.RestTemplate - Accept=[application/json, application/*+json]
2025-09-25 14:42:57 [DiscoveryClient-HeartbeatExecutor-%d] DEBUG o.s.web.client.RestTemplate - Response 200 OK
2025-09-25 14:42:57 [DiscoveryClient-CacheRefreshExecutor-%d] DEBUG o.s.web.client.RestTemplate - Response 200 OK
2025-09-25 14:42:57 [DiscoveryClient-CacheRefreshExecutor-%d] DEBUG o.s.web.client.RestTemplate - Reading to [org.springframework.cloud.netflix.eureka.http.EurekaApplications]
2025-09-25 14:43:27 [DiscoveryClient-HeartbeatExecutor-%d] DEBUG o.s.web.client.RestTemplate - HTTP PUT http://localhost:8761/eureka/apps/ROOM-SERVICE/GT0126:room-service:9003?status=UP&lastDirtyTimestamp=1758791247168
2025-09-25 14:43:27 [DiscoveryClient-HeartbeatExecutor-%d] DEBUG o.s.web.client.RestTemplate - Accept=[application/json, application/*+json]
2025-09-25 14:43:27 [DiscoveryClient-CacheRefreshExecutor-%d] DEBUG o.s.web.client.RestTemplate - HTTP GET http://localhost:8761/eureka/apps/delta
2025-09-25 14:43:27 [DiscoveryClient-CacheRefreshExecutor-%d] DEBUG o.s.web.client.RestTemplate - Accept=[application/json, application/*+json]
2025-09-25 14:43:27 [DiscoveryClient-HeartbeatExecutor-%d] DEBUG o.s.web.client.RestTemplate - Response 200 OK
2025-09-25 14:43:27 [DiscoveryClient-CacheRefreshExecutor-%d] DEBUG o.s.web.client.RestTemplate - Response 200 OK
2025-09-25 14:43:27 [DiscoveryClient-CacheRefreshExecutor-%d] DEBUG o.s.web.client.RestTemplate - Reading to [org.springframework.cloud.netflix.eureka.http.EurekaApplications]
2025-09-25 14:43:57 [DiscoveryClient-HeartbeatExecutor-%d] DEBUG o.s.web.client.RestTemplate - HTTP PUT http://localhost:8761/eureka/apps/ROOM-SERVICE/GT0126:room-service:9003?status=UP&lastDirtyTimestamp=1758791247168
2025-09-25 14:43:57 [DiscoveryClient-HeartbeatExecutor-%d] DEBUG o.s.web.client.RestTemplate - Accept=[application/json, application/*+json]
2025-09-25 14:43:57 [DiscoveryClient-CacheRefreshExecutor-%d] DEBUG o.s.web.client.RestTemplate - HTTP GET http://localhost:8761/eureka/apps/delta
2025-09-25 14:43:57 [DiscoveryClient-CacheRefreshExecutor-%d] DEBUG o.s.web.client.RestTemplate - Accept=[application/json, application/*+json]
2025-09-25 14:43:57 [DiscoveryClient-HeartbeatExecutor-%d] DEBUG o.s.web.client.RestTemplate - Response 200 OK
2025-09-25 14:43:57 [DiscoveryClient-CacheRefreshExecutor-%d] DEBUG o.s.web.client.RestTemplate - Response 200 OK
2025-09-25 14:43:57 [DiscoveryClient-CacheRefreshExecutor-%d] DEBUG o.s.web.client.RestTemplate - Reading to [org.springframework.cloud.netflix.eureka.http.EurekaApplications]
2025-09-25 14:44:27 [DiscoveryClient-HeartbeatExecutor-%d] DEBUG o.s.web.client.RestTemplate - HTTP PUT http://localhost:8761/eureka/apps/ROOM-SERVICE/GT0126:room-service:9003?status=UP&lastDirtyTimestamp=1758791247168
2025-09-25 14:44:27 [DiscoveryClient-HeartbeatExecutor-%d] DEBUG o.s.web.client.RestTemplate - Accept=[application/json, application/*+json]
2025-09-25 14:44:27 [DiscoveryClient-CacheRefreshExecutor-%d] DEBUG o.s.web.client.RestTemplate - HTTP GET http://localhost:8761/eureka/apps/delta
2025-09-25 14:44:27 [DiscoveryClient-CacheRefreshExecutor-%d] DEBUG o.s.web.client.RestTemplate - Accept=[application/json, application/*+json]
2025-09-25 14:44:27 [DiscoveryClient-HeartbeatExecutor-%d] DEBUG o.s.web.client.RestTemplate - Response 200 OK
2025-09-25 14:44:27 [DiscoveryClient-CacheRefreshExecutor-%d] DEBUG o.s.web.client.RestTemplate - Response 200 OK
2025-09-25 14:44:27 [DiscoveryClient-CacheRefreshExecutor-%d] DEBUG o.s.web.client.RestTemplate - Reading to [org.springframework.cloud.netflix.eureka.http.EurekaApplications]
2025-09-25 14:44:57 [DiscoveryClient-HeartbeatExecutor-%d] DEBUG o.s.web.client.RestTemplate - HTTP PUT http://localhost:8761/eureka/apps/ROOM-SERVICE/GT0126:room-service:9003?status=UP&lastDirtyTimestamp=1758791247168
2025-09-25 14:44:57 [DiscoveryClient-HeartbeatExecutor-%d] DEBUG o.s.web.client.RestTemplate - Accept=[application/json, application/*+json]
2025-09-25 14:44:57 [DiscoveryClient-CacheRefreshExecutor-%d] DEBUG o.s.web.client.RestTemplate - HTTP GET http://localhost:8761/eureka/apps/delta
2025-09-25 14:44:57 [DiscoveryClient-CacheRefreshExecutor-%d] DEBUG o.s.web.client.RestTemplate - Accept=[application/json, application/*+json]
2025-09-25 14:44:57 [DiscoveryClient-HeartbeatExecutor-%d] DEBUG o.s.web.client.RestTemplate - Response 200 OK
2025-09-25 14:44:57 [DiscoveryClient-CacheRefreshExecutor-%d] DEBUG o.s.web.client.RestTemplate - Response 200 OK
2025-09-25 14:44:57 [DiscoveryClient-CacheRefreshExecutor-%d] DEBUG o.s.web.client.RestTemplate - Reading to [org.springframework.cloud.netflix.eureka.http.EurekaApplications]
2025-09-25 14:45:27 [DiscoveryClient-HeartbeatExecutor-%d] DEBUG o.s.web.client.RestTemplate - HTTP PUT http://localhost:8761/eureka/apps/ROOM-SERVICE/GT0126:room-service:9003?status=UP&lastDirtyTimestamp=1758791247168
2025-09-25 14:45:27 [DiscoveryClient-HeartbeatExecutor-%d] DEBUG o.s.web.client.RestTemplate - Accept=[application/json, application/*+json]
2025-09-25 14:45:27 [DiscoveryClient-CacheRefreshExecutor-%d] DEBUG o.s.web.client.RestTemplate - HTTP GET http://localhost:8761/eureka/apps/delta
2025-09-25 14:45:27 [DiscoveryClient-CacheRefreshExecutor-%d] DEBUG o.s.web.client.RestTemplate - Accept=[application/json, application/*+json]
2025-09-25 14:45:27 [DiscoveryClient-HeartbeatExecutor-%d] DEBUG o.s.web.client.RestTemplate - Response 200 OK
2025-09-25 14:45:27 [DiscoveryClient-CacheRefreshExecutor-%d] DEBUG o.s.web.client.RestTemplate - Response 200 OK
2025-09-25 14:45:27 [DiscoveryClient-CacheRefreshExecutor-%d] DEBUG o.s.web.client.RestTemplate - Reading to [org.springframework.cloud.netflix.eureka.http.EurekaApplications]
2025-09-25 14:45:57 [DiscoveryClient-HeartbeatExecutor-%d] DEBUG o.s.web.client.RestTemplate - HTTP PUT http://localhost:8761/eureka/apps/ROOM-SERVICE/GT0126:room-service:9003?status=UP&lastDirtyTimestamp=1758791247168
2025-09-25 14:45:57 [DiscoveryClient-HeartbeatExecutor-%d] DEBUG o.s.web.client.RestTemplate - Accept=[application/json, application/*+json]
2025-09-25 14:45:57 [DiscoveryClient-HeartbeatExecutor-%d] DEBUG o.s.web.client.RestTemplate - Response 200 OK
2025-09-25 14:45:57 [DiscoveryClient-CacheRefreshExecutor-%d] DEBUG o.s.web.client.RestTemplate - HTTP GET http://localhost:8761/eureka/apps/delta
2025-09-25 14:45:57 [DiscoveryClient-CacheRefreshExecutor-%d] DEBUG o.s.web.client.RestTemplate - Accept=[application/json, application/*+json]
2025-09-25 14:45:57 [DiscoveryClient-CacheRefreshExecutor-%d] DEBUG o.s.web.client.RestTemplate - Response 200 OK
2025-09-25 14:45:57 [DiscoveryClient-CacheRefreshExecutor-%d] DEBUG o.s.web.client.RestTemplate - Reading to [org.springframework.cloud.netflix.eureka.http.EurekaApplications]
2025-09-25 14:46:27 [DiscoveryClient-HeartbeatExecutor-%d] DEBUG o.s.web.client.RestTemplate - HTTP PUT http://localhost:8761/eureka/apps/ROOM-SERVICE/GT0126:room-service:9003?status=UP&lastDirtyTimestamp=1758791247168
2025-09-25 14:46:27 [DiscoveryClient-HeartbeatExecutor-%d] DEBUG o.s.web.client.RestTemplate - Accept=[application/json, application/*+json]
2025-09-25 14:46:27 [DiscoveryClient-CacheRefreshExecutor-%d] DEBUG o.s.web.client.RestTemplate - HTTP GET http://localhost:8761/eureka/apps/delta
2025-09-25 14:46:27 [DiscoveryClient-CacheRefreshExecutor-%d] DEBUG o.s.web.client.RestTemplate - Accept=[application/json, application/*+json]
2025-09-25 14:46:27 [DiscoveryClient-HeartbeatExecutor-%d] DEBUG o.s.web.client.RestTemplate - Response 200 OK
2025-09-25 14:46:27 [DiscoveryClient-CacheRefreshExecutor-%d] DEBUG o.s.web.client.RestTemplate - Response 200 OK
2025-09-25 14:46:27 [DiscoveryClient-CacheRefreshExecutor-%d] DEBUG o.s.web.client.RestTemplate - Reading to [org.springframework.cloud.netflix.eureka.http.EurekaApplications]
2025-09-25 14:46:57 [DiscoveryClient-HeartbeatExecutor-%d] DEBUG o.s.web.client.RestTemplate - HTTP PUT http://localhost:8761/eureka/apps/ROOM-SERVICE/GT0126:room-service:9003?status=UP&lastDirtyTimestamp=1758791247168
2025-09-25 14:46:57 [DiscoveryClient-HeartbeatExecutor-%d] DEBUG o.s.web.client.RestTemplate - Accept=[application/json, application/*+json]
2025-09-25 14:46:57 [DiscoveryClient-CacheRefreshExecutor-%d] DEBUG o.s.web.client.RestTemplate - HTTP GET http://localhost:8761/eureka/apps/delta
2025-09-25 14:46:57 [DiscoveryClient-CacheRefreshExecutor-%d] DEBUG o.s.web.client.RestTemplate - Accept=[application/json, application/*+json]
2025-09-25 14:46:57 [DiscoveryClient-HeartbeatExecutor-%d] DEBUG o.s.web.client.RestTemplate - Response 200 OK
2025-09-25 14:46:57 [DiscoveryClient-CacheRefreshExecutor-%d] DEBUG o.s.web.client.RestTemplate - Response 200 OK
2025-09-25 14:46:57 [DiscoveryClient-CacheRefreshExecutor-%d] DEBUG o.s.web.client.RestTemplate - Reading to [org.springframework.cloud.netflix.eureka.http.EurekaApplications]
2025-09-25 14:47:26 [AsyncResolver-bootstrap-executor-%d] INFO  c.n.d.s.r.aws.ConfigClusterResolver - Resolving eureka endpoints via configuration
2025-09-25 14:47:27 [DiscoveryClient-HeartbeatExecutor-%d] DEBUG o.s.web.client.RestTemplate - HTTP PUT http://localhost:8761/eureka/apps/ROOM-SERVICE/GT0126:room-service:9003?status=UP&lastDirtyTimestamp=1758791247168
2025-09-25 14:47:27 [DiscoveryClient-HeartbeatExecutor-%d] DEBUG o.s.web.client.RestTemplate - Accept=[application/json, application/*+json]
2025-09-25 14:47:27 [DiscoveryClient-CacheRefreshExecutor-%d] DEBUG o.s.web.client.RestTemplate - HTTP GET http://localhost:8761/eureka/apps/delta
2025-09-25 14:47:27 [DiscoveryClient-CacheRefreshExecutor-%d] DEBUG o.s.web.client.RestTemplate - Accept=[application/json, application/*+json]
2025-09-25 14:47:27 [DiscoveryClient-HeartbeatExecutor-%d] DEBUG o.s.web.client.RestTemplate - Response 200 OK
2025-09-25 14:47:27 [DiscoveryClient-CacheRefreshExecutor-%d] DEBUG o.s.web.client.RestTemplate - Response 200 OK
2025-09-25 14:47:27 [DiscoveryClient-CacheRefreshExecutor-%d] DEBUG o.s.web.client.RestTemplate - Reading to [org.springframework.cloud.netflix.eureka.http.EurekaApplications]
2025-09-25 14:47:57 [DiscoveryClient-CacheRefreshExecutor-%d] DEBUG o.s.web.client.RestTemplate - HTTP GET http://localhost:8761/eureka/apps/delta
2025-09-25 14:47:57 [DiscoveryClient-CacheRefreshExecutor-%d] DEBUG o.s.web.client.RestTemplate - Accept=[application/json, application/*+json]
2025-09-25 14:47:57 [DiscoveryClient-CacheRefreshExecutor-%d] DEBUG o.s.web.client.RestTemplate - Response 200 OK
2025-09-25 14:47:57 [DiscoveryClient-CacheRefreshExecutor-%d] DEBUG o.s.web.client.RestTemplate - Reading to [org.springframework.cloud.netflix.eureka.http.EurekaApplications]
2025-09-25 14:47:57 [DiscoveryClient-HeartbeatExecutor-%d] DEBUG o.s.web.client.RestTemplate - HTTP PUT http://localhost:8761/eureka/apps/ROOM-SERVICE/GT0126:room-service:9003?status=UP&lastDirtyTimestamp=1758791247168
2025-09-25 14:47:57 [DiscoveryClient-HeartbeatExecutor-%d] DEBUG o.s.web.client.RestTemplate - Accept=[application/json, application/*+json]
2025-09-25 14:47:57 [DiscoveryClient-HeartbeatExecutor-%d] DEBUG o.s.web.client.RestTemplate - Response 200 OK
2025-09-25 14:48:27 [DiscoveryClient-CacheRefreshExecutor-%d] DEBUG o.s.web.client.RestTemplate - HTTP GET http://localhost:8761/eureka/apps/delta
2025-09-25 14:48:27 [DiscoveryClient-CacheRefreshExecutor-%d] DEBUG o.s.web.client.RestTemplate - Accept=[application/json, application/*+json]
2025-09-25 14:48:27 [DiscoveryClient-CacheRefreshExecutor-%d] DEBUG o.s.web.client.RestTemplate - Response 200 OK
2025-09-25 14:48:27 [DiscoveryClient-CacheRefreshExecutor-%d] DEBUG o.s.web.client.RestTemplate - Reading to [org.springframework.cloud.netflix.eureka.http.EurekaApplications]
2025-09-25 14:48:27 [DiscoveryClient-HeartbeatExecutor-%d] DEBUG o.s.web.client.RestTemplate - HTTP PUT http://localhost:8761/eureka/apps/ROOM-SERVICE/GT0126:room-service:9003?status=UP&lastDirtyTimestamp=1758791247168
2025-09-25 14:48:27 [DiscoveryClient-HeartbeatExecutor-%d] DEBUG o.s.web.client.RestTemplate - Accept=[application/json, application/*+json]
2025-09-25 14:48:27 [DiscoveryClient-HeartbeatExecutor-%d] DEBUG o.s.web.client.RestTemplate - Response 200 OK
2025-09-25 14:48:57 [DiscoveryClient-CacheRefreshExecutor-%d] DEBUG o.s.web.client.RestTemplate - HTTP GET http://localhost:8761/eureka/apps/delta
2025-09-25 14:48:57 [DiscoveryClient-CacheRefreshExecutor-%d] DEBUG o.s.web.client.RestTemplate - Accept=[application/json, application/*+json]
2025-09-25 14:48:57 [DiscoveryClient-CacheRefreshExecutor-%d] DEBUG o.s.web.client.RestTemplate - Response 200 OK
2025-09-25 14:48:57 [DiscoveryClient-CacheRefreshExecutor-%d] DEBUG o.s.web.client.RestTemplate - Reading to [org.springframework.cloud.netflix.eureka.http.EurekaApplications]
2025-09-25 14:48:57 [DiscoveryClient-HeartbeatExecutor-%d] DEBUG o.s.web.client.RestTemplate - HTTP PUT http://localhost:8761/eureka/apps/ROOM-SERVICE/GT0126:room-service:9003?status=UP&lastDirtyTimestamp=1758791247168
2025-09-25 14:48:57 [DiscoveryClient-HeartbeatExecutor-%d] DEBUG o.s.web.client.RestTemplate - Accept=[application/json, application/*+json]
2025-09-25 14:48:57 [DiscoveryClient-HeartbeatExecutor-%d] DEBUG o.s.web.client.RestTemplate - Response 200 OK
2025-09-25 14:49:27 [DiscoveryClient-CacheRefreshExecutor-%d] DEBUG o.s.web.client.RestTemplate - HTTP GET http://localhost:8761/eureka/apps/delta
2025-09-25 14:49:27 [DiscoveryClient-CacheRefreshExecutor-%d] DEBUG o.s.web.client.RestTemplate - Accept=[application/json, application/*+json]
2025-09-25 14:49:27 [DiscoveryClient-CacheRefreshExecutor-%d] DEBUG o.s.web.client.RestTemplate - Response 200 OK
2025-09-25 14:49:27 [DiscoveryClient-CacheRefreshExecutor-%d] DEBUG o.s.web.client.RestTemplate - Reading to [org.springframework.cloud.netflix.eureka.http.EurekaApplications]
2025-09-25 14:49:27 [DiscoveryClient-HeartbeatExecutor-%d] DEBUG o.s.web.client.RestTemplate - HTTP PUT http://localhost:8761/eureka/apps/ROOM-SERVICE/GT0126:room-service:9003?status=UP&lastDirtyTimestamp=1758791247168
2025-09-25 14:49:27 [DiscoveryClient-HeartbeatExecutor-%d] DEBUG o.s.web.client.RestTemplate - Accept=[application/json, application/*+json]
2025-09-25 14:49:27 [DiscoveryClient-HeartbeatExecutor-%d] DEBUG o.s.web.client.RestTemplate - Response 200 OK
2025-09-25 14:49:57 [DiscoveryClient-CacheRefreshExecutor-%d] DEBUG o.s.web.client.RestTemplate - HTTP GET http://localhost:8761/eureka/apps/delta
2025-09-25 14:49:57 [DiscoveryClient-CacheRefreshExecutor-%d] DEBUG o.s.web.client.RestTemplate - Accept=[application/json, application/*+json]
2025-09-25 14:49:57 [DiscoveryClient-CacheRefreshExecutor-%d] DEBUG o.s.web.client.RestTemplate - Response 200 OK
2025-09-25 14:49:57 [DiscoveryClient-CacheRefreshExecutor-%d] DEBUG o.s.web.client.RestTemplate - Reading to [org.springframework.cloud.netflix.eureka.http.EurekaApplications]
2025-09-25 14:49:57 [DiscoveryClient-HeartbeatExecutor-%d] DEBUG o.s.web.client.RestTemplate - HTTP PUT http://localhost:8761/eureka/apps/ROOM-SERVICE/GT0126:room-service:9003?status=UP&lastDirtyTimestamp=1758791247168
2025-09-25 14:49:57 [DiscoveryClient-HeartbeatExecutor-%d] DEBUG o.s.web.client.RestTemplate - Accept=[application/json, application/*+json]
2025-09-25 14:49:57 [DiscoveryClient-HeartbeatExecutor-%d] DEBUG o.s.web.client.RestTemplate - Response 200 OK
2025-09-25 14:50:27 [DiscoveryClient-CacheRefreshExecutor-%d] DEBUG o.s.web.client.RestTemplate - HTTP GET http://localhost:8761/eureka/apps/delta
2025-09-25 14:50:27 [DiscoveryClient-CacheRefreshExecutor-%d] DEBUG o.s.web.client.RestTemplate - Accept=[application/json, application/*+json]
2025-09-25 14:50:27 [DiscoveryClient-CacheRefreshExecutor-%d] DEBUG o.s.web.client.RestTemplate - Response 200 OK
2025-09-25 14:50:27 [DiscoveryClient-CacheRefreshExecutor-%d] DEBUG o.s.web.client.RestTemplate - Reading to [org.springframework.cloud.netflix.eureka.http.EurekaApplications]
2025-09-25 14:50:27 [DiscoveryClient-HeartbeatExecutor-%d] DEBUG o.s.web.client.RestTemplate - HTTP PUT http://localhost:8761/eureka/apps/ROOM-SERVICE/GT0126:room-service:9003?status=UP&lastDirtyTimestamp=1758791247168
2025-09-25 14:50:28 [DiscoveryClient-HeartbeatExecutor-%d] DEBUG o.s.web.client.RestTemplate - Accept=[application/json, application/*+json]
2025-09-25 14:50:28 [DiscoveryClient-HeartbeatExecutor-%d] DEBUG o.s.web.client.RestTemplate - Response 200 OK
2025-09-25 14:50:57 [DiscoveryClient-CacheRefreshExecutor-%d] DEBUG o.s.web.client.RestTemplate - HTTP GET http://localhost:8761/eureka/apps/delta
2025-09-25 14:50:57 [DiscoveryClient-CacheRefreshExecutor-%d] DEBUG o.s.web.client.RestTemplate - Accept=[application/json, application/*+json]
2025-09-25 14:50:57 [DiscoveryClient-CacheRefreshExecutor-%d] DEBUG o.s.web.client.RestTemplate - Response 200 OK
2025-09-25 14:50:57 [DiscoveryClient-CacheRefreshExecutor-%d] DEBUG o.s.web.client.RestTemplate - Reading to [org.springframework.cloud.netflix.eureka.http.EurekaApplications]
2025-09-25 14:50:58 [DiscoveryClient-HeartbeatExecutor-%d] DEBUG o.s.web.client.RestTemplate - HTTP PUT http://localhost:8761/eureka/apps/ROOM-SERVICE/GT0126:room-service:9003?status=UP&lastDirtyTimestamp=1758791247168
2025-09-25 14:50:58 [DiscoveryClient-HeartbeatExecutor-%d] DEBUG o.s.web.client.RestTemplate - Accept=[application/json, application/*+json]
2025-09-25 14:50:58 [DiscoveryClient-HeartbeatExecutor-%d] DEBUG o.s.web.client.RestTemplate - Response 200 OK
2025-09-25 14:51:27 [DiscoveryClient-CacheRefreshExecutor-%d] DEBUG o.s.web.client.RestTemplate - HTTP GET http://localhost:8761/eureka/apps/delta
2025-09-25 14:51:27 [DiscoveryClient-CacheRefreshExecutor-%d] DEBUG o.s.web.client.RestTemplate - Accept=[application/json, application/*+json]
2025-09-25 14:51:27 [DiscoveryClient-CacheRefreshExecutor-%d] DEBUG o.s.web.client.RestTemplate - Response 200 OK
2025-09-25 14:51:27 [DiscoveryClient-CacheRefreshExecutor-%d] DEBUG o.s.web.client.RestTemplate - Reading to [org.springframework.cloud.netflix.eureka.http.EurekaApplications]
2025-09-25 14:51:28 [DiscoveryClient-HeartbeatExecutor-%d] DEBUG o.s.web.client.RestTemplate - HTTP PUT http://localhost:8761/eureka/apps/ROOM-SERVICE/GT0126:room-service:9003?status=UP&lastDirtyTimestamp=1758791247168
2025-09-25 14:51:28 [DiscoveryClient-HeartbeatExecutor-%d] DEBUG o.s.web.client.RestTemplate - Accept=[application/json, application/*+json]
2025-09-25 14:51:28 [DiscoveryClient-HeartbeatExecutor-%d] DEBUG o.s.web.client.RestTemplate - Response 200 OK
2025-09-25 14:51:57 [DiscoveryClient-CacheRefreshExecutor-%d] DEBUG o.s.web.client.RestTemplate - HTTP GET http://localhost:8761/eureka/apps/delta
2025-09-25 14:51:58 [DiscoveryClient-CacheRefreshExecutor-%d] DEBUG o.s.web.client.RestTemplate - Accept=[application/json, application/*+json]
2025-09-25 14:51:58 [DiscoveryClient-CacheRefreshExecutor-%d] DEBUG o.s.web.client.RestTemplate - Response 200 OK
2025-09-25 14:51:58 [DiscoveryClient-CacheRefreshExecutor-%d] DEBUG o.s.web.client.RestTemplate - Reading to [org.springframework.cloud.netflix.eureka.http.EurekaApplications]
2025-09-25 14:51:58 [DiscoveryClient-HeartbeatExecutor-%d] DEBUG o.s.web.client.RestTemplate - HTTP PUT http://localhost:8761/eureka/apps/ROOM-SERVICE/GT0126:room-service:9003?status=UP&lastDirtyTimestamp=1758791247168
2025-09-25 14:51:58 [DiscoveryClient-HeartbeatExecutor-%d] DEBUG o.s.web.client.RestTemplate - Accept=[application/json, application/*+json]
2025-09-25 14:51:58 [DiscoveryClient-HeartbeatExecutor-%d] DEBUG o.s.web.client.RestTemplate - Response 200 OK
2025-09-25 14:52:26 [AsyncResolver-bootstrap-executor-%d] INFO  c.n.d.s.r.aws.ConfigClusterResolver - Resolving eureka endpoints via configuration
2025-09-25 14:52:28 [DiscoveryClient-CacheRefreshExecutor-%d] DEBUG o.s.web.client.RestTemplate - HTTP GET http://localhost:8761/eureka/apps/delta
2025-09-25 14:52:28 [DiscoveryClient-CacheRefreshExecutor-%d] DEBUG o.s.web.client.RestTemplate - Accept=[application/json, application/*+json]
2025-09-25 14:52:28 [DiscoveryClient-CacheRefreshExecutor-%d] DEBUG o.s.web.client.RestTemplate - Response 200 OK
2025-09-25 14:52:28 [DiscoveryClient-CacheRefreshExecutor-%d] DEBUG o.s.web.client.RestTemplate - Reading to [org.springframework.cloud.netflix.eureka.http.EurekaApplications]
2025-09-25 14:52:28 [DiscoveryClient-HeartbeatExecutor-%d] DEBUG o.s.web.client.RestTemplate - HTTP PUT http://localhost:8761/eureka/apps/ROOM-SERVICE/GT0126:room-service:9003?status=UP&lastDirtyTimestamp=1758791247168
2025-09-25 14:52:28 [DiscoveryClient-HeartbeatExecutor-%d] DEBUG o.s.web.client.RestTemplate - Accept=[application/json, application/*+json]
2025-09-25 14:52:28 [DiscoveryClient-HeartbeatExecutor-%d] DEBUG o.s.web.client.RestTemplate - Response 200 OK
2025-09-25 14:52:58 [DiscoveryClient-CacheRefreshExecutor-%d] DEBUG o.s.web.client.RestTemplate - HTTP GET http://localhost:8761/eureka/apps/delta
2025-09-25 14:52:58 [DiscoveryClient-CacheRefreshExecutor-%d] DEBUG o.s.web.client.RestTemplate - Accept=[application/json, application/*+json]
2025-09-25 14:52:58 [DiscoveryClient-CacheRefreshExecutor-%d] DEBUG o.s.web.client.RestTemplate - Response 200 OK
2025-09-25 14:52:58 [DiscoveryClient-CacheRefreshExecutor-%d] DEBUG o.s.web.client.RestTemplate - Reading to [org.springframework.cloud.netflix.eureka.http.EurekaApplications]
2025-09-25 14:52:58 [DiscoveryClient-HeartbeatExecutor-%d] DEBUG o.s.web.client.RestTemplate - HTTP PUT http://localhost:8761/eureka/apps/ROOM-SERVICE/GT0126:room-service:9003?status=UP&lastDirtyTimestamp=1758791247168
2025-09-25 14:52:58 [DiscoveryClient-HeartbeatExecutor-%d] DEBUG o.s.web.client.RestTemplate - Accept=[application/json, application/*+json]
2025-09-25 14:52:58 [DiscoveryClient-HeartbeatExecutor-%d] DEBUG o.s.web.client.RestTemplate - Response 200 OK
2025-09-25 14:53:28 [DiscoveryClient-CacheRefreshExecutor-%d] DEBUG o.s.web.client.RestTemplate - HTTP GET http://localhost:8761/eureka/apps/delta
2025-09-25 14:53:28 [DiscoveryClient-CacheRefreshExecutor-%d] DEBUG o.s.web.client.RestTemplate - Accept=[application/json, application/*+json]
2025-09-25 14:53:28 [DiscoveryClient-CacheRefreshExecutor-%d] DEBUG o.s.web.client.RestTemplate - Response 200 OK
2025-09-25 14:53:28 [DiscoveryClient-CacheRefreshExecutor-%d] DEBUG o.s.web.client.RestTemplate - Reading to [org.springframework.cloud.netflix.eureka.http.EurekaApplications]
2025-09-25 14:53:28 [DiscoveryClient-HeartbeatExecutor-%d] DEBUG o.s.web.client.RestTemplate - HTTP PUT http://localhost:8761/eureka/apps/ROOM-SERVICE/GT0126:room-service:9003?status=UP&lastDirtyTimestamp=1758791247168
2025-09-25 14:53:28 [DiscoveryClient-HeartbeatExecutor-%d] DEBUG o.s.web.client.RestTemplate - Accept=[application/json, application/*+json]
2025-09-25 14:53:28 [DiscoveryClient-HeartbeatExecutor-%d] DEBUG o.s.web.client.RestTemplate - Response 200 OK
2025-09-25 14:53:58 [DiscoveryClient-CacheRefreshExecutor-%d] DEBUG o.s.web.client.RestTemplate - HTTP GET http://localhost:8761/eureka/apps/delta
2025-09-25 14:53:58 [DiscoveryClient-CacheRefreshExecutor-%d] DEBUG o.s.web.client.RestTemplate - Accept=[application/json, application/*+json]
2025-09-25 14:53:58 [DiscoveryClient-CacheRefreshExecutor-%d] DEBUG o.s.web.client.RestTemplate - Response 200 OK
2025-09-25 14:53:58 [DiscoveryClient-CacheRefreshExecutor-%d] DEBUG o.s.web.client.RestTemplate - Reading to [org.springframework.cloud.netflix.eureka.http.EurekaApplications]
2025-09-25 14:53:58 [DiscoveryClient-HeartbeatExecutor-%d] DEBUG o.s.web.client.RestTemplate - HTTP PUT http://localhost:8761/eureka/apps/ROOM-SERVICE/GT0126:room-service:9003?status=UP&lastDirtyTimestamp=1758791247168
2025-09-25 14:53:58 [DiscoveryClient-HeartbeatExecutor-%d] DEBUG o.s.web.client.RestTemplate - Accept=[application/json, application/*+json]
2025-09-25 14:53:58 [DiscoveryClient-HeartbeatExecutor-%d] DEBUG o.s.web.client.RestTemplate - Response 200 OK
2025-09-25 14:54:28 [DiscoveryClient-CacheRefreshExecutor-%d] DEBUG o.s.web.client.RestTemplate - HTTP GET http://localhost:8761/eureka/apps/delta
2025-09-25 14:54:28 [DiscoveryClient-CacheRefreshExecutor-%d] DEBUG o.s.web.client.RestTemplate - Accept=[application/json, application/*+json]
2025-09-25 14:54:28 [DiscoveryClient-CacheRefreshExecutor-%d] DEBUG o.s.web.client.RestTemplate - Response 200 OK
2025-09-25 14:54:28 [DiscoveryClient-CacheRefreshExecutor-%d] DEBUG o.s.web.client.RestTemplate - Reading to [org.springframework.cloud.netflix.eureka.http.EurekaApplications]
2025-09-25 14:54:28 [DiscoveryClient-HeartbeatExecutor-%d] DEBUG o.s.web.client.RestTemplate - HTTP PUT http://localhost:8761/eureka/apps/ROOM-SERVICE/GT0126:room-service:9003?status=UP&lastDirtyTimestamp=1758791247168
2025-09-25 14:54:28 [DiscoveryClient-HeartbeatExecutor-%d] DEBUG o.s.web.client.RestTemplate - Accept=[application/json, application/*+json]
2025-09-25 14:54:28 [DiscoveryClient-HeartbeatExecutor-%d] DEBUG o.s.web.client.RestTemplate - Response 200 OK
2025-09-25 14:54:58 [DiscoveryClient-CacheRefreshExecutor-%d] DEBUG o.s.web.client.RestTemplate - HTTP GET http://localhost:8761/eureka/apps/delta
2025-09-25 14:54:58 [DiscoveryClient-CacheRefreshExecutor-%d] DEBUG o.s.web.client.RestTemplate - Accept=[application/json, application/*+json]
2025-09-25 14:54:58 [DiscoveryClient-CacheRefreshExecutor-%d] DEBUG o.s.web.client.RestTemplate - Response 200 OK
2025-09-25 14:54:58 [DiscoveryClient-CacheRefreshExecutor-%d] DEBUG o.s.web.client.RestTemplate - Reading to [org.springframework.cloud.netflix.eureka.http.EurekaApplications]
2025-09-25 14:54:58 [DiscoveryClient-HeartbeatExecutor-%d] DEBUG o.s.web.client.RestTemplate - HTTP PUT http://localhost:8761/eureka/apps/ROOM-SERVICE/GT0126:room-service:9003?status=UP&lastDirtyTimestamp=1758791247168
2025-09-25 14:54:58 [DiscoveryClient-HeartbeatExecutor-%d] DEBUG o.s.web.client.RestTemplate - Accept=[application/json, application/*+json]
2025-09-25 14:54:58 [DiscoveryClient-HeartbeatExecutor-%d] DEBUG o.s.web.client.RestTemplate - Response 200 OK
2025-09-25 14:55:28 [DiscoveryClient-CacheRefreshExecutor-%d] DEBUG o.s.web.client.RestTemplate - HTTP GET http://localhost:8761/eureka/apps/delta
2025-09-25 14:55:28 [DiscoveryClient-CacheRefreshExecutor-%d] DEBUG o.s.web.client.RestTemplate - Accept=[application/json, application/*+json]
2025-09-25 14:55:28 [DiscoveryClient-CacheRefreshExecutor-%d] DEBUG o.s.web.client.RestTemplate - Response 200 OK
2025-09-25 14:55:28 [DiscoveryClient-CacheRefreshExecutor-%d] DEBUG o.s.web.client.RestTemplate - Reading to [org.springframework.cloud.netflix.eureka.http.EurekaApplications]
2025-09-25 14:55:28 [DiscoveryClient-HeartbeatExecutor-%d] DEBUG o.s.web.client.RestTemplate - HTTP PUT http://localhost:8761/eureka/apps/ROOM-SERVICE/GT0126:room-service:9003?status=UP&lastDirtyTimestamp=1758791247168
2025-09-25 14:55:28 [DiscoveryClient-HeartbeatExecutor-%d] DEBUG o.s.web.client.RestTemplate - Accept=[application/json, application/*+json]
2025-09-25 14:55:28 [DiscoveryClient-HeartbeatExecutor-%d] DEBUG o.s.web.client.RestTemplate - Response 200 OK
2025-09-25 14:55:58 [DiscoveryClient-CacheRefreshExecutor-%d] DEBUG o.s.web.client.RestTemplate - HTTP GET http://localhost:8761/eureka/apps/delta
2025-09-25 14:55:58 [DiscoveryClient-CacheRefreshExecutor-%d] DEBUG o.s.web.client.RestTemplate - Accept=[application/json, application/*+json]
2025-09-25 14:55:58 [DiscoveryClient-CacheRefreshExecutor-%d] DEBUG o.s.web.client.RestTemplate - Response 200 OK
2025-09-25 14:55:58 [DiscoveryClient-CacheRefreshExecutor-%d] DEBUG o.s.web.client.RestTemplate - Reading to [org.springframework.cloud.netflix.eureka.http.EurekaApplications]
2025-09-25 14:55:58 [DiscoveryClient-HeartbeatExecutor-%d] DEBUG o.s.web.client.RestTemplate - HTTP PUT http://localhost:8761/eureka/apps/ROOM-SERVICE/GT0126:room-service:9003?status=UP&lastDirtyTimestamp=1758791247168
2025-09-25 14:55:58 [DiscoveryClient-HeartbeatExecutor-%d] DEBUG o.s.web.client.RestTemplate - Accept=[application/json, application/*+json]
2025-09-25 14:55:58 [DiscoveryClient-HeartbeatExecutor-%d] DEBUG o.s.web.client.RestTemplate - Response 200 OK
2025-09-25 14:56:28 [DiscoveryClient-CacheRefreshExecutor-%d] DEBUG o.s.web.client.RestTemplate - HTTP GET http://localhost:8761/eureka/apps/delta
2025-09-25 14:56:28 [DiscoveryClient-CacheRefreshExecutor-%d] DEBUG o.s.web.client.RestTemplate - Accept=[application/json, application/*+json]
2025-09-25 14:56:28 [DiscoveryClient-CacheRefreshExecutor-%d] DEBUG o.s.web.client.RestTemplate - Response 200 OK
2025-09-25 14:56:28 [DiscoveryClient-CacheRefreshExecutor-%d] DEBUG o.s.web.client.RestTemplate - Reading to [org.springframework.cloud.netflix.eureka.http.EurekaApplications]
2025-09-25 14:56:28 [DiscoveryClient-HeartbeatExecutor-%d] DEBUG o.s.web.client.RestTemplate - HTTP PUT http://localhost:8761/eureka/apps/ROOM-SERVICE/GT0126:room-service:9003?status=UP&lastDirtyTimestamp=1758791247168
2025-09-25 14:56:28 [DiscoveryClient-HeartbeatExecutor-%d] DEBUG o.s.web.client.RestTemplate - Accept=[application/json, application/*+json]
2025-09-25 14:56:28 [DiscoveryClient-HeartbeatExecutor-%d] DEBUG o.s.web.client.RestTemplate - Response 200 OK
2025-09-25 14:56:58 [DiscoveryClient-CacheRefreshExecutor-%d] DEBUG o.s.web.client.RestTemplate - HTTP GET http://localhost:8761/eureka/apps/delta
2025-09-25 14:56:58 [DiscoveryClient-CacheRefreshExecutor-%d] DEBUG o.s.web.client.RestTemplate - Accept=[application/json, application/*+json]
2025-09-25 14:56:58 [DiscoveryClient-CacheRefreshExecutor-%d] DEBUG o.s.web.client.RestTemplate - Response 200 OK
2025-09-25 14:56:58 [DiscoveryClient-CacheRefreshExecutor-%d] DEBUG o.s.web.client.RestTemplate - Reading to [org.springframework.cloud.netflix.eureka.http.EurekaApplications]
2025-09-25 14:56:58 [DiscoveryClient-HeartbeatExecutor-%d] DEBUG o.s.web.client.RestTemplate - HTTP PUT http://localhost:8761/eureka/apps/ROOM-SERVICE/GT0126:room-service:9003?status=UP&lastDirtyTimestamp=1758791247168
2025-09-25 14:56:58 [DiscoveryClient-HeartbeatExecutor-%d] DEBUG o.s.web.client.RestTemplate - Accept=[application/json, application/*+json]
2025-09-25 14:56:58 [DiscoveryClient-HeartbeatExecutor-%d] DEBUG o.s.web.client.RestTemplate - Response 200 OK
